dates,logEC,beachEColiValue,jday,beachSc,LOGbeachTurbidityBeach,beachTurbidityBeachLog,beachWaterTemp,tribBayCityCreekAtHwy204026368TribSc,MeairTemperatureCover1hrX3Y12,MeairTemperatureCover2hrX3Y12,MeairTemperatureCover6hrX3Y12,StDevAirTemperatureCover6hrX3Y12,StDevAirTemperatureCover12hrX3Y12,MeairTemperatureCover12hrX3Y12,MeairTemperatureCover24hrX3Y12,StDevAirTemperatureCover24hrX3Y12,MeairTemperatureCover48hrX3Y12,StDevAirTemperatureCover48hrX3Y12,MeairTemperatureCover72hrX3Y12,StDevAirTemperatureCover72hrX3Y12,MeairTemperatureCover120hrX3Y12,StDevAirTemperatureCover120hrX3Y12,MeanCloudCoverover1hrX3Y12,MeanCloudCoverover2hrX3Y12,MeanCloudCoverover6hrX3Y12,MeanCloudCoverover12hrX3Y12,MeanCloudCoverover24hrX3Y12,MeanCloudCoverover48hrX3Y12,MeanHeightAboveModelSeaLevelmover1hrX3Y12,MeanHeightAboveModelSeaLevelmover24hrX3Y12,MaxHeightAboveModelSeaLevelmover1hrX3Y12,MaxHeightAboveModelSeaLevelmover24hrX3Y12,MinHeightAboveModelSeaLevelmover1hrX3Y12,MinHeightAboveModelSeaLevelmover24hrX3Y12,DiffHeightAboveModelSeaLevelmover24hrX3Y12,uploadkreher1hr,uploadkreher2hr,uploadkreher6hr,uploadkreher12hr,uploadkreher24hr,uploadkreher48hr,uploadkreher72hr,uploadkreher120hr,uploadkreher1hrsqrt,uploadkreher2hrsqrt,uploadkreher6hrsqrt,uploadkreher12hrsqrt,uploadkreher24hrsqrt,uploadkreher48hrsqrt,uploadkreher72hrsqrt,uploadkreher120hrsqrt,uploadmaslowski1hr,uploadmaslowski2hr,uploadmaslowski6hr,uploadmaslowski12hr,uploadmaslowski24hr,uploadmaslowski48hr,uploadmaslowski72hr,uploadmaslowski120hr,uploadmaslowski1hrsqrt,uploadmaslowski2hrsqrt,uploadmaslowski6hrsqrt,uploadmaslowski12hrsqrt,uploadmaslowski24hrsqrt,uploadmaslowski48hrsqrt,uploadmaslowski72hrsqrt,uploadmaslowski120hrsqrt,WCrainsum1,WCrainsum2,WCrainsum6,WCrainsum12,WCrainsum24,WCrainsum48,WCrainsum72,WCrainsum120,WCrainsum1sqrt,WCrainsum2sqrt,WCrainsum6sqrt,WCrainsum12sqrt,WCrainsum24sqrt,WCrainsum48sqrt,WCrainsum72sqrt,WCrainsum120sqrt,WCQdifference6,WCQmax24,WCQmean1,WCQmean12,WCQmean120,WCQmean2,WCQmean24,WCQmean48,WCQmean6,WCQmean72,WCQmean1_log,WCQmean12_log,WCQmean120_log,WCQmean2_log,WCQmean24_log,WCQmean48_log,WCQmean6_log,WCQmean72_log,WCQmin1,WCQmin12,WCQmin120,WCQmin2,WCQmin24,WCQmin48,WCQmin6,WCQmin72,wndperp_mean1,wndperp_mean2,wndperp_mean6,wndperp_mean12,wndperp_mean24,wndparl_mean1,wndparl_mean2,wndparl_mean6,wndparl_mean12,wndparl_mean24
40338.50208,1.474216264,29.8,160,97.7,0.912753304,8.18,18.9,328.5,14.061243,12.752728,11.867312,1.002815,1.081552,11.062289,10.580624,0.928647,11.736595,2.675394,11.211042,2.788998,11.068251,2.468332,0.75383,0.80641,0.600527,0.568443,0.753347,0.435622,0.010262,0.001356,0.010262,0.048669,0.010262,-0.038224,-0.017542,0,0,0,0,21.092836,26.980728,26.980728,30.536978,0,0,0,0,4.592693763,5.194297643,5.194297643,5.526027325,0,0,0,0,20.818062,25.448811,25.448811,27.637567,0,0,0,0,4.562681448,5.044681457,5.044681457,5.257144377,0,0,0.01,0.01,0.98,1.1,1.1,1.21,0,0,0.1,0.1,0.989949494,1.048808848,1.048808848,1.1,-3,27,23.25,24.47916667,18.97152778,23.625,23.76041667,20.39236111,24.625,19.30324074,1.366422957,1.388796629,1.278102306,1.373371817,1.375854052,1.309467513,1.391376239,1.285630227,23,23,17,23,18,17,23,17,6.021145551,6.293747178,4.770628264,3.050595386,0.110988844,-3.279551644,-3.156410792,-4.603159858,-4.60916813,-3.81964014
40339.46111,0.612783857,4.1,161,102.6,0.100370545,1.26,19.4,353.6,12.903536,12.91784,11.577908,1.684876,1.677951,10.452029,11.885819,2.103101,11.159281,1.705093,11.815068,2.537806,11.087419,2.459155,0.229597,0.213851,0.366945,0.220419,0.429972,0.588983,0.020441,-0.000042,0.020441,0.063869,0.020441,-0.048607,-0.010179,0,0,0,0,0.403148,23.337683,27.383876,30.940125,0,0,0,0,0.634939367,4.830909128,5.232960539,5.56238483,0,0,0,0,1.24639,23.337762,26.695201,28.877853,0,0,0,0,1.11641838,4.830917304,5.166739881,5.373811776,0,0,0,0,0,1.01,1.1,1.21,0,0,0,0,0,1.004987562,1.048808848,1.1,0,24,19,19.22916667,19.21875,19,20.40277778,21.96354167,19,20.30902778,1.278753601,1.283960464,1.283725137,1.278753601,1.309689299,1.341702372,1.278753601,1.307689134,19,19,17,19,19,17,19,17,-0.487861021,-0.127871637,0.129255964,1.231762474,3.301946654,3.062622472,2.688766202,0.041252341,-1.718536105,-1.555062269
40340.46944,2.991403303,980.4,162,89.2,1.130333768,13.5,15.5,154.6,11.537662,11.428876,11.173369,0.697988,0.881897,10.448212,11.06831,1.169063,11.477065,1.749843,11.128958,1.547784,11.296736,2.417904,1,0.985271,0.975458,0.959462,0.802127,0.61605,0.03691,0.005917,0.03691,0.065574,0.03691,-0.057125,-0.014084,4.914576,13.626701,21.691269,21.691269,21.691269,22.094417,45.028952,49.075145,2.2168843,3.69143617,4.657388646,4.657388646,4.657388646,4.70046987,6.71036154,7.005365444,3.792149,10.967245,18.692551,18.692551,18.692551,19.938941,42.030314,45.387752,1.947344089,3.311683107,4.323488291,4.323488291,4.323488291,4.465304133,6.483079052,6.737043268,0.14,0.46,0.99,0.99,0.99,0.99,1.98,2.09,0.374165739,0.678232998,0.994987437,0.994987437,0.994987437,0.994987437,1.407124728,1.445683229,16,34,30.75,19.54861111,19.37708333,26.83333333,18.78472222,19.56770833,21.09722222,20.90972222,1.48784512,1.291115907,1.287288407,1.428674626,1.273804777,1.291539966,1.324225277,1.320348263,28,18,17,20,18,18,18,17,-3.180365541,-3.288671435,-2.925683954,-2.962004903,-2.644472072,3.76639889,3.637049795,2.396206904,1.668824486,2.639891219
40341.62292,0.491361694,3.1,163,187.2,0.012837225,1.03,17.1,201.2,10.858103,10.940256,10.469335,0.509981,0.583021,10.022975,10.063843,0.69532,10.493901,1.003437,10.925264,1.557881,11.189337,2.014139,0.883943,0.918898,0.963733,0.981866,0.987645,0.93567,-0.050746,0.007614,-0.050746,0.069658,-0.050746,-0.055131,0.020545,0,0,0,0,0.776504,33.080519,33.483666,60.464395,0,0,0,0,0.881194644,5.751566656,5.786507237,7.77588548,0,0,0,0.047442,0.468596,25.199969,26.34539,51.89517,0,0,0,0.217811845,0.684540722,5.019957072,5.132776052,7.203830231,0,0,0,0.01,0.08,1.54,1.54,2.64,0,0,0,0.1,0.282842712,1.240967365,1.240967365,1.624807681,-3,123,33,37.72222222,29.39305556,33.125,61.32638889,42.92881944,34.51388889,35.16782407,1.51851394,1.576597269,1.468244736,1.520155887,1.787647393,1.632748945,1.537993897,1.546145498,33,33,17,33,33,18,33,18,-0.764873409,-0.621207005,-0.41362689,-0.766105691,-1.622080683,3.656189215,3.051733373,2.934186873,3.309278038,4.646040617
40351.42222,2.131618664,135.4,173,108.2,0.788168371,6.14,19.9,199.9,15.172716,15.385644,13.746528,1.747581,1.497236,12.918659,13.878007,1.809628,14.649892,2.60456,14.16214,2.43841,14.741989,2.20332,0.999358,0.994186,0.740256,0.734192,0.744515,0.432722,-0.001971,0.003955,-0.001971,0.043222,-0.001971,-0.03722,-0.00876,0,0,0.166644,0.166644,29.23184,29.23184,29.23184,30.52228,0,0,0.408220529,0.408220529,5.40664776,5.40664776,5.40664776,5.524697277,0,0,0.046806,0.046806,30.711911,30.711911,30.711911,32.848435,0,0,0.216346944,0.216346944,5.54183282,5.54183282,5.54183282,5.731355424,0,0,0,0,1.25,1.25,1.25,1.3,0,0,0,0,1.118033989,1.118033989,1.118033989,1.140175425,-6,57,29.41666667,36.57638889,21.58055556,29.79166667,32.60069444,25.51736111,31.56944444,23.26041667,1.468593459,1.563200826,1.334062621,1.4740948,1.513226851,1.40683576,1.499266939,1.36661749,29,29,18,29,18,18,29,18,-0.10526073,0.47692635,0.340405174,-0.076280298,-0.002439631,1.635572556,1.193184055,-0.558693043,-1.442829939,-0.02351908
40352.42014,1.285557309,19.3,174,110.7,0.357934847,2.28,20.8,222.7,17.568483,15.795926,14.563231,1.37565,1.079792,14.303807,15.16023,1.527438,14.519118,1.793024,14.820004,2.314747,14.687334,2.264981,0.307012,0.541172,0.682089,0.483831,0.332155,0.538335,-0.041306,-0.000205,-0.041306,0.031129,-0.041306,-0.041306,0.009458,0,0,0.00221,0.00221,1.688728,30.920568,30.920568,30.920568,0,0,0.047010637,0.047010637,1.299510677,5.560626583,5.560626583,5.560626583,0,0,0.062244,0.273165,4.54159,35.253501,35.253501,35.253501,0,0,0.249487475,0.522651892,2.131100655,5.937465874,5.937465874,5.937465874,0,0,0,0,0,1.25,1.25,1.25,0,0,0,0,0,1.118033989,1.118033989,1.118033989,-1,29,21,22.15972222,22.57291667,21.08333333,24.12152778,28.34375,21.625,25.04050926,1.322219295,1.345564312,1.353587678,1.323939275,1.382404811,1.452457309,1.334956116,1.398643157,21,21,18,21,21,18,21,18,1.604354414,0.720721353,0.2757526,0.35148165,0.128462603,-1.342865765,-3.011663239,-3.636557587,-2.41859296,-0.501232974
40364.43611,1.127104798,13.4,186,87.2,0,0,18.8,391.2,21.029877,20.509999,18.656275,1.521832,1.219668,18.188126,18.483143,0.995694,18.693866,1.084465,18.257283,1.344855,17.042565,2.176182,0.419279,0.467132,0.390574,0.403155,0.38556,0.290977,0.032944,0.001437,0.032944,0.032944,0.032944,-0.027866,-0.011898,0,0,0,0,0.662013,0.662013,0.662013,0.907593,0,0,0,0,0.813641813,0.813641813,0.813641813,0.952676755,0,0,0,0,0.725375,0.814945,0.814945,0.904067,0,0,0,0,0.851689497,0.902743042,0.902743042,0.950824379,0,0,0,0,0.01,0.02,0.02,0.02,0,0,0,0,0.1,0.141421356,0.141421356,0.141421356,0,19,18.58333333,18.33333333,18.44166667,18.625,18.32986111,18.20833333,18.59722222,18.26736111,1.269123617,1.263241435,1.265800168,1.270096281,1.263159174,1.260270195,1.269448081,1.261675814,18,18,18,18,18,18,18,18,0.430154684,0.22282755,0.022510731,0.022110822,0.680093818,1.328691084,1.383909794,-0.5694451,-1.90822662,-2.682728425
40365.43403,1.588831726,38.8,187,95.7,0,0,19.9,348.1,17.447847,17.274127,17.082079,0.68085,0.529596,16.954172,18.342182,1.835382,18.412663,1.478169,18.576638,1.390829,17.84551,1.70266,0.542397,0.628565,0.640913,0.706455,0.460799,0.423179,0.01645,0.002094,0.01645,0.027957,0.01645,-0.020129,-0.006812,0,0,1.307642,4.667362,11.799853,12.461866,12.461866,12.461866,0,0,1.143521753,2.160407832,3.435091411,3.530136825,3.530136825,3.530136825,0,0,1.012641,5.675817,15.170677,15.896053,15.985622,15.985622,0,0,1.006300651,2.382397322,3.894955327,3.986985453,3.998202346,3.998202346,0,0,0.03,0.2,0.4,0.41,0.42,0.42,0,0,0.173205081,0.447213595,0.632455532,0.640312424,0.64807407,0.64807407,0,20,19,19.08333333,18.43819444,19,18.74652778,18.53819444,19.26388889,18.38773148,1.278753601,1.280654236,1.265718391,1.278753601,1.27292084,1.268067433,1.284743965,1.264528153,19,18,18,19,18,18,19,18,1.220405016,-0.801700643,0.93822251,0.555993334,0.096701824,2.238531278,0.542257188,-0.165174738,-0.867762106,0.911668009
40366.42431,0,1,188,102.7,-0.744727495,0.18,23.3,432.1,21.139736,20.977721,18.058523,2.13041,1.63937,17.535561,19.857647,3.081437,19.099915,2.646904,18.894324,2.255158,18.594336,2.014455,0,0,0.085182,0.115937,0.181035,0.320917,0.015492,-0.000049,0.015492,0.025023,0.015492,-0.02306,-0.022302,0,0,0,0,0,11.799853,12.461866,12.461866,0,0,0,0,0,3.435091411,3.530136825,3.530136825,0,0,0,0,0,15.170677,15.896053,15.985622,0,0,0,0,0,3.894955327,3.986985453,3.998202346,0,0,0,0,0,0.4,0.42,0.42,0,0,0,0,0,0.632455532,0.64807407,0.64807407,0,19,18.16666667,18.01388889,18.32916667,18.08333333,18.09375,18.41840278,18.02777778,18.38773148,1.259275248,1.25560748,1.26314272,1.257278488,1.257528585,1.265251966,1.255942196,1.264528153,18,18,18,18,18,18,18,18,-0.678947838,-0.722019353,-0.043113533,0.252394979,0.681211034,2.243072251,1.77003194,-0.864793671,-2.299168878,-1.206354751
40371.42153,2.638688887,435.2,193,102.8,-0.602059991,0.25,21.3,389.9,19.34051,18.843709,16.758817,1.776227,1.386378,16.473179,17.998504,2.096157,18.875423,1.953902,18.992813,2.217685,18.771455,2.331384,0.00353,0.001765,0.054805,0.097068,0.246939,0.212467,0.002393,0.002843,0.002393,0.025147,0.002393,-0.011895,-0.007348,0,0,0,0,3.614039,3.643076,3.643076,3.643076,0,0,0,0,1.901062598,1.908684364,1.908684364,1.908684364,0,0,0,0,3.319967,3.419704,3.419704,3.419704,0,0,0,0,1.82207766,1.84924417,1.84924417,1.84924417,0,0,0,0,0.6,0.6,0.6,0.6,0,0,0,0,0.774596669,0.774596669,0.774596669,0.774596669,-1,29,18.08333333,18.71527778,18.18194444,18.20833333,19.44444444,18.58333333,18.48611111,18.35069444,1.257278488,1.272196277,1.259640326,1.260270195,1.288795539,1.269123617,1.266845559,1.263652504,18,18,17,18,18,17,18,17,-0.609073817,0.481785482,0.991355856,2.317333862,2.607319428,2.795866015,1.849610088,-1.704120622,-1.402303107,-1.420061792
40372.43125,2.04060234,109.8,194,101.3,-0.48148606,0.33,20.5,438,19.905878,19.629106,17.204404,2.045098,1.797179,16.155431,17.568924,2.080404,17.783714,2.099313,18.439924,2.089777,18.628397,2.361233,0,0,0.242011,0.195985,0.104921,0.17593,-0.015134,0.000858,-0.015134,0.02034,-0.015134,-0.015134,0.005731,0,0,0,0,0,3.614039,3.643076,3.643076,0,0,0,0,0,1.901062598,1.908684364,1.908684364,0,0,0,0,0,3.319967,3.419704,3.419704,0,0,0,0,0,1.82207766,1.84924417,1.84924417,0,0,0,0,0,0.6,0.6,0.6,0,0,0,0,0,0.774596669,0.774596669,0.774596669,0,18,18,18,18.18194444,18,18,18.72222222,18,18.38888889,1.255272505,1.255272505,1.259640326,1.255272505,1.255272505,1.272357396,1.255272505,1.264555489,18,18,17,18,18,18,18,17,-2.009859674,-1.426098507,-0.859185917,-0.829177768,-1.230393115,3.162533441,2.502313477,-1.085135886,-2.29838477,0.208789862
40378.43403,0,1,200,92.4,-0.327902142,0.47,21.7,325.1,19.526468,19.552755,17.436858,1.57656,1.298582,17.155388,18.689009,2.170615,18.616414,1.986412,18.639789,2.006609,18.624368,1.680547,0,0,0.051033,0.222213,0.214604,0.237966,-0.004267,0.001931,-0.004267,0.030327,-0.004267,-0.014411,-0.007277,0,0,0,0.786234,0.807343,13.279212,13.279212,25.697168,0,0,0,0.88669837,0.898522676,3.644065312,3.644065312,5.069237418,0,0,0,0.438348,0.787799,13.930465,13.930465,28.159431,0,0,0,0.662078545,0.887580419,3.732353815,3.732353815,5.306546052,0,0,0,0,0,0.05,0.05,0.63,0,0,0,0,0,0.223606798,0.223606798,0.793725393,0,20,18,18,18.25833333,18,18.13888889,18.03472222,18,17.91087963,1.255272505,1.255272505,1.261461132,1.255272505,1.258610681,1.256109458,1.255272505,1.253116915,18,18,17,18,18,17,18,17,1.321118258,0.756294398,0.143445617,0.593061433,0.298330319,0.948269016,-0.120045728,-2.544649502,-2.763603547,-0.505619649
40379.36597,2.713658516,517.2,201,95.4,0,0,21,257.2,16.396864,16.266135,15.971412,0.467851,0.650819,16.445808,18.619758,2.468597,18.584304,2.330737,18.601174,2.166417,18.642986,1.97932,0.087733,0.088838,0.136497,0.377699,0.257878,0.267929,-0.009809,0.000344,-0.009809,0.015581,-0.009809,-0.012521,-0.000927,0,0,0,0,0.200285,1.548812,13.479497,14.159499,0,0,0,0,0.447532122,1.244512756,3.671443449,3.762910974,0.005683,0.005683,0.005683,0.005683,0.055334,1.086485,13.985799,14.368078,0.075385675,0.075385675,0.075385675,0.075385675,0.235231801,1.042345912,3.739759217,3.790524766,0,0,0,0,0,0,0.05,0.06,0,0,0,0,0,0,0.223606798,0.244948974,0,18,18,18,17.91388889,18,17.93055556,18.10069444,18,18,1.255272505,1.255272505,1.253189876,1.255272505,1.253593746,1.257695237,1.255272505,1.255272505,18,18,17,18,17,17,18,17,-0.062674376,0.106845752,-0.697013901,-0.585500426,-0.07617462,-3.698554366,-4.095905827,-3.807560965,-3.725737357,-1.650554231
40380.4125,0.934498451,8.6,202,108.8,-0.744727495,0.18,21.6,483,19.633017,18.753512,17.791451,0.851064,0.663292,17.526018,18.422237,1.499673,18.462525,2.053828,18.528861,2.093302,18.561475,2.0256,0,0,0,0.101193,0.23964,0.257678,0.012463,-0.00136,0.012463,0.018195,0.012463,-0.017801,-0.014665,0,0,0,0,1.199243,1.483103,2.290446,14.762315,0,0,0,0,1.095099539,1.217827163,1.51342195,3.842175816,0,0,0,0,0.632772,0.77071,1.558508,14.701175,0,0,0,0,0.795469673,0.877900906,1.248402179,3.834211131,0,0,0,0,0,0,0,0.05,0,0,0,0,0,0,0,0.223606798,0,18,18,18,17.93263889,18,18,17.96527778,18,18.03703704,1.255272505,1.255272505,1.253644203,1.255272505,1.255272505,1.254433937,1.255272505,1.256165197,18,18,17,18,18,17,18,17,4.509762363,4.303502793,3.594559088,2.523017499,0.937715395,-1.548063068,-2.038023994,-3.681003415,-4.163465241,-1.774453279
40385.42778,1.130333768,13.5,207,98.9,-0.236572006,0.58,23.1,492,21.332167,20.882676,19.059638,1.464199,1.138417,18.628487,20.793946,3.007563,19.70015,2.672407,19.626699,2.496554,19.489648,2.330987,0.022307,0.011154,0.05948,0.043158,0.03255,0.13041,0.000589,-0.001234,0.000589,0.028823,0.000589,-0.019399,-0.010781,0,0,0,0,0,0.045077,1.843569,2.137756,0,0,0,0,0,0.212313448,1.35778091,1.462106699,0,0,0,0,0,0.607788,2.139484,2.246485,0,0,0,0,0,0.779607594,1.462697508,1.498827875,0,0,0,0,0,0,0,0,0,0,0,0,0,0,0,0,0,18,18,18,17.85138889,18,17.70138889,17.85069444,18,17.83912037,1.255272505,1.255272505,1.251672011,1.255272505,1.248007343,1.251655116,1.255272505,1.251373436,18,18,17,18,17,17,18,17,-0.75722586,-0.63131752,-0.057798867,0.30973577,0.401128807,-3.695761788,-3.651311248,-4.143337029,-4.446728091,-2.449591379
40392.41667,2.396024897,248.9,214,99.9,-0.065501549,0.86,22.6,204.9,20.93426,20.573852,19.76618,0.798265,0.726505,19.647746,20.677355,1.271176,20.219439,1.443439,20.000313,1.564032,19.964051,1.845177,0.926206,0.825416,0.478823,0.717144,0.562359,0.381674,-0.012522,-0.000972,-0.012522,0.022755,-0.012522,-0.025052,0.001995,0,0,0.381704,44.252854,44.565492,44.658916,51.631709,51.631709,0,0,0.617821981,6.652281864,6.67573906,6.682732675,7.185520788,7.185520788,0,0,0.182001,46.726275,47.632331,47.677042,52.656922,52.656922,0,0,0.426615752,6.835662002,6.901617999,6.904856407,7.25650894,7.25650894,0.22,1.81,1.82,1.82,1.82,1.85,2.05,2.06,0.469041576,1.345362405,1.349073756,1.349073756,1.349073756,1.360147051,1.431782106,1.435270009,3,70,54.58333333,43.13194444,20.66041667,58.58333333,30.56597222,24.28645833,57.30555556,22.46759259,1.737060054,1.634799037,1.315139076,1.767774079,1.485238214,1.385364187,1.758196727,1.35155654,51,18,17,51,18,18,47,17,-0.635225793,-0.37195921,-1.081774503,-1.06792129,-0.083631294,2.412863226,2.247359854,-1.482614323,-1.11143634,-2.895168382
40393.43056,1.190331698,15.5,215,103.3,-0.585026652,0.26,23.6,259.4,21.933874,21.548184,20.401862,0.916942,0.857543,19.849139,20.908532,1.463138,20.792944,1.375388,20.449136,1.485976,20.200535,1.793737,0.315054,0.371185,0.248137,0.349375,0.433169,0.497764,-0.017685,-0.000658,-0.017685,0.033192,-0.017685,-0.023959,-0.006274,0,0,0,0,0,44.565492,44.658916,51.631709,0,0,0,0,0,6.67573906,6.682732675,7.185520788,0,0,0,0,0.007673,47.640004,47.684715,52.664594,0,0,0,0,0.087595662,6.90217386,6.905412008,7.25703755,0,0,0,0,0,1.82,1.85,2.05,0,0,0,0,0,1.349073756,1.360147051,1.431782106,-1,49,21,22.28472222,22.62638889,21,27.72569444,29.36979167,21.13888889,25.58217593,1.322219295,1.348007225,1.354615247,1.322219295,1.442882433,1.467900866,1.325082156,1.407937481,21,21,17,21,21,18,21,18,1.399388064,1.192429267,0.955795015,0.676280367,0.290304868,-4.735523955,-4.791218053,-4.441442741,-3.827200594,-1.029022648
40399.43403,0.924279286,8.4,221,99.4,-0.292429824,0.51,24,378,21.269537,21.115133,20.680104,0.569063,0.655109,20.218774,20.945264,0.972893,20.644988,1.281989,20.178975,1.627317,20.193305,1.669908,0.840226,0.908991,0.842832,0.816176,0.709985,0.617188,-0.031131,0.001145,-0.031131,0.022148,-0.031131,-0.031131,0.009787,0,0,0,0,0,12.861283,12.861283,12.897413,0,0,0,0,0,3.586263097,3.586263097,3.591296841,0,0,0,0,0,18.349421,18.349421,18.628696,0,0,0,0,0,4.283622416,4.283622416,4.316097311,0,0,0,0,0,0.62,0.62,0.85,0,0,0,0,0,0.787400787,0.787400787,0.921954446,0,19,18,18,17.68055556,18,18.04513889,18.40104167,18,17.93402778,1.255272505,1.255272505,1.247495907,1.255272505,1.256360229,1.264842409,1.255272505,1.253677838,18,18,17,18,18,17,18,17,1.85718564,1.846493718,0.821259351,0.914697239,-0.189596611,-1.973721012,-1.68943015,-0.665668045,-1.239419893,0.802153067
40407.43542,1.702430536,50.4,229,93.1,1.093421685,12.4,17.1,194.6,16.074667,15.845942,15.368437,0.4517,0.824686,15.963655,17.532929,1.777655,17.855619,1.60243,18.923798,2.309901,20.0031,2.650985,0,0,0.018166,0.018947,0.147203,0.301558,-0.000262,0.001913,-0.000262,0.049121,-0.000262,-0.039743,-0.039482,0,0,0,0,0,1.790146,1.795864,72.011895,0,0,0,0,0,1.337963378,1.340098504,8.485982265,0,0,0,0,0,1.08942,1.08942,61.089696,0,0,0,0,0,1.043752844,1.043752844,7.815989765,0,0,0,0,0,0.11,0.11,1.66,0,0,0,0,0,0.331662479,0.331662479,1.288409873,0,19,19,19,25.72847222,19,19,19.34375,19,21.13888889,1.278753601,1.278753601,1.410413998,1.278753601,1.278753601,1.286540671,1.278753601,1.325082156,19,19,17,19,19,19,19,19,4.17554168,5.545374473,5.287188277,4.929200847,5.975117041,-0.795071808,-1.36193438,-3.665928225,-4.510795733,-3.693288932
40408.6875,2.304059466,201.4,230,93.2,1.136720567,13.7,16.6,210.8,16.676014,16.577442,16.65124,0.599256,0.697842,17.188452,18.048711,1.136363,17.685477,1.47945,17.836258,1.435428,18.918247,2.016462,0.534705,0.634763,0.727258,0.768343,0.43952,0.240281,-0.00568,0.005578,-0.00568,0.050009,-0.00568,-0.05071,-0.016734,0,1.312404,8.174106,18.532591,18.532591,18.532591,20.322737,66.316128,0,1.145602025,2.859039349,4.304949593,4.304949593,4.304949593,4.508074644,8.143471496,0.004743,0.879229,7.6372,19.46283,19.46283,19.46283,20.55225,59.614063,0.068869442,0.937672118,2.763548444,4.411669752,4.411669752,4.411669752,4.533458944,7.721014376,0,0,0.28,0.64,0.64,0.64,0.75,1.67,0,0,0.529150262,0.8,0.8,0.8,0.866025404,1.292284798,1,24,23.66666667,21.02777778,26.02916667,23.45833333,19.74652778,19.29340278,22.51388889,19.33449074,1.374137094,1.322793379,1.415460264,1.370297153,1.29549074,1.285408831,1.352450518,1.286332737,23,19,18,22,18,18,22,18,-1.357517379,-0.235463558,0.366463366,1.473574021,1.301866321,-3.342252726,-3.463095006,-0.881829945,-3.07667705,-4.771956121
40694.5625,1.681241237,48,151,113.1,0.457881897,2.87,17.4,111.7,13.344785,12.480425,12.027785,0.787209,2.702592,9.415863,8.430627,2.464491,8.863998,2.223821,8.886542,2.31999,7.486877,2.809444,0.103437,0.310485,0.216012,0.302073,0.424247,0.610041,-0.014825,0.004077,-0.014825,0.059157,-0.014825,-0.049938,0.012978,0.166644,1.332224,3.187041,3.187041,3.434634,43.369946,45.43209,52.484096,0.408220529,1.154220083,1.785228557,1.785228557,1.853276558,6.585586231,6.740333078,7.24459081,0.046806,0.33844,2.635108,2.635108,2.887234,38.119108,39.810326,48.783728,0.216346944,0.581755963,1.623301574,1.623301574,1.699186276,6.174067379,6.309542456,6.984534917,0,0,0.04,0.04,0.04,1.1,1.11,1.35,0,0,0.2,0.2,0.2,1.048808848,1.053565375,1.161895004,-5,214,30.58333333,35.43055556,33.45972222,30.79166667,60.32291667,56.05729167,31.77777778,43.61574074,1.485484818,1.549377962,1.524522331,1.488433197,1.780482332,1.748632112,1.502123524,1.639643253,30,30,18,30,30,18,30,18,0.023001651,-1.182317736,-1.473473516,-1.115440582,-1.362897143,-8.419050055,-6.972922056,-6.5893181,-3.677948799,-0.098919483
40695.34722,1.946452265,88.4,152,102.8,1.209515015,16.2,13.9,157.7,8.002347,8.085044,8.381919,0.262865,0.564604,8.805918,10.424049,1.808089,9.062331,2.215488,9.408978,2.24711,8.509831,2.355845,0.834048,0.887484,0.907949,0.925122,0.637428,0.572454,-0.002724,-0.025146,-0.002724,0.036496,-0.002724,-0.101678,0.037534,0,0,0,0,3.187041,27.987349,43.369946,52.484096,0,0,0,0,1.785228557,5.29030708,6.585586231,7.24459081,0,0,0,0.001354,2.636461,20.885916,38.120461,48.785081,0,0,0,0.036796739,1.623718264,4.570111158,6.174176949,6.984631773,0,0,0,0,0.04,0.4,1.1,1.35,0,0,0,0,0.2,0.632455532,1.048808848,1.161895004,-2,34,23.5,25.21527778,34.79166667,23.75,27.54513889,57.86805556,24.22222222,45.63194444,1.371067862,1.401663757,1.541475234,1.375663614,1.440044967,1.76243889,1.384213984,1.659268975,23,23,18,23,23,23,23,18,6.680485312,7.188360693,6.959512316,6.365380498,3.821463072,-4.097397799,-4.318480959,-5.838129833,-7.370616585,-7.869193096
40698.40486,1.489958479,30.9,155,107.9,0.866287339,7.35,13.8,278.8,11.809399,11.667454,9.9432,1.441088,1.44806,9.411621,10.256749,1.63328,9.84968,1.386319,9.421193,2.151695,9.281783,2.182067,0,0,0.00236,0.108322,0.114897,0.211855,0.042069,0.005472,0.042069,0.081204,0.042069,-0.055183,-0.057698,0,0,0,0.002641,0.437999,0.544748,0.544748,26.819206,0,0,0,0.051390661,0.661814929,0.738070457,0.738070457,5.178726291,0,0,0,0,0.614183,0.706275,0.706275,20.261136,0,0,0,0,0.783698284,0.84040169,0.84040169,4.501237163,0,0,0,0,0,0,0,0.26,0,0,0,0,0,0,0,0.509901951,0,20,19,19,34.79444444,19,19.00694444,19.06597222,19,19.69444444,1.278753601,1.278753601,1.541509907,1.278753601,1.278912305,1.280258956,1.278753601,1.294343734,19,19,19,19,19,19,19,19,-0.537714495,-0.000451848,0.435852279,0.793405173,-0.153308147,-4.924571217,-4.823328645,-4.764900402,-3.816396423,-2.935745988
40700.57639,0,1,157,105.3,0.899820502,7.94,21.6,368.6,12.603293,13.390352,11.93194,1.618181,2.563796,9.785358,10.433681,2.794388,11.061995,2.950866,11.048218,2.917545,10.28801,2.846089,0.104289,0.052144,0.022768,0.135481,0.081781,0.049046,0.006053,0.003005,0.006053,0.075494,0.006053,-0.061849,0.015039,0,0,0,0,0,0,0.318499,0.544748,0,0,0,0,0,0,0.564357156,0.738070457,0,0,0,0,0,0,0.464039,0.706275,0,0,0,0,0,0,0.681204081,0.84040169,0,0,0,0,0,0,0,0,0,0,0,0,0,0,0,0,-1,19,18.08333333,18.78472222,19.09375,18.08333333,18.43402778,18.47916667,18.63888889,18.65277778,1.257278488,1.273804777,1.280891232,1.257278488,1.265620238,1.266682382,1.270420019,1.270743516,18,18,18,18,18,18,18,18,1.545698801,1.205682628,-0.065512147,-0.672444393,-0.556608107,3.701375963,3.250956778,2.904489644,1.092427021,0.857383692
40701.42361,0.799340549,6.3,158,104,0.86923172,7.4,18,277.5,11.570029,11.763563,10.188248,1.218263,1.272699,9.890912,11.108841,1.995143,10.68574,2.381579,11.220426,2.910173,10.704764,2.509984,0.044782,0.090404,0.422545,0.40174,0.218,0.147718,-0.012016,0.000634,-0.012016,0.054821,-0.012016,-0.068575,-0.014673,0,0,0.199351,6.2599,6.2599,6.2599,6.2599,6.804648,0,0,0.446487402,2.501979217,2.501979217,2.501979217,2.501979217,2.608572023,0,0,0.267216,4.370619,4.370619,4.370619,4.370619,5.076894,0,0,0.516929396,2.090602545,2.090602545,2.090602545,2.090602545,2.253196396,0,0,0,1.09,1.09,1.09,1.09,1.09,0,0,0,1.044030651,1.044030651,1.044030651,1.044030651,1.044030651,-1,22,19,19.23611111,18.76875,19,18.68055556,18.54340278,20.04166667,18.57638889,1.278753601,1.284117277,1.27343535,1.278753601,1.271389788,1.268189432,1.301933835,1.268961294,19,18,18,19,18,18,19,18,0.416750845,-0.653463061,-1.701513307,-1.57615594,-0.713958965,3.906125693,2.756312782,0.787823206,-0.193661169,0.916215344
40702.39931,0.301029996,2,159,105.8,0.559906625,3.63,18.6,335.9,11.863267,11.239852,9.708176,1.42165,1.462268,9.947277,10.548366,1.284927,10.839418,1.707596,10.644994,2.084948,10.902104,2.476984,0.00612,0.005972,0.004486,0.009619,0.032548,0.124341,0.031061,0.007434,0.031061,0.054119,0.031061,-0.056906,-0.043076,0,0,0,0,0,6.2599,6.2599,6.697898,0,0,0,0,0,2.501979217,2.501979217,2.588029753,0,0,0,0,0,4.370619,4.370619,4.984802,0,0,0,0,0,2.090602545,2.090602545,2.232667015,0,0,0,0,0,1.09,1.09,1.09,0,0,0,0,0,1.044030651,1.044030651,1.044030651,0,19,19,19,18.74722222,19,19,18.84027778,19,18.69328704,1.278753601,1.278753601,1.272936927,1.278753601,1.278753601,1.275087302,1.278753601,1.271685675,19,19,18,19,19,18,19,18,2.317043779,1.541005961,0.412952713,0.940798286,0.100714117,-0.026112809,0.588060767,-0.639412569,-1.861207141,1.4113869
40703.36806,0,1,160,89.9,0.678518379,4.77,16.7,358.9,7.653939,7.417502,7.096202,0.32953,0.517051,6.951734,10.294604,3.616042,10.42344,2.717593,10.642643,2.51957,10.909226,2.864735,0.841478,0.838398,0.866544,0.904098,0.640077,0.339019,0.028869,0.006781,0.028869,0.071241,0.028869,-0.081974,0.002192,0,0,0,0,0,0,6.2599,6.2599,0,0,0,0,0,0,2.501979217,2.501979217,0,0,0,0.017259,0.017259,0.017259,4.387878,4.387878,0,0,0,0.131373513,0.131373513,0.131373513,2.094726235,2.094726235,0,0,0,0.03,0.04,0.04,1.13,1.13,0,0,0,0.173205081,0.2,0.2,1.063014581,1.063014581,0,19,18,18.35416667,18.6125,18,18.33333333,18.66666667,18.02777778,18.6712963,1.255272505,1.263734671,1.269804711,1.255272505,1.263241435,1.271066772,1.255942196,1.271174471,18,18,18,18,18,18,18,18,-2.430567216,-2.22266451,-2.543408588,-3.15231381,-0.182136521,4.338443834,4.383706317,4.139981813,4.757156921,3.012274923
40706.37917,0,1,163,106.5,0.662757832,4.6,16.1,553.1,11.188328,9.658393,7.224067,1.984373,1.589483,6.583828,8.548134,2.814713,7.535901,2.264347,7.429811,1.966282,8.590717,2.709294,0,0,0,0,0.149633,0.483093,-0.054837,-0.003625,-0.054837,0.065441,-0.054837,-0.054837,0.030919,0,0,0,0,0,0.341215,0.344074,0.344074,0,0,0,0,0,0.584136114,0.586578213,0.586578213,0,0,0,0,0,0.335041,0.950959,0.968218,0,0,0,0,0,0.578827263,0.975171267,0.983980691,0,0,0,0,0,0.01,0.01,0.05,0,0,0,0,0,0.1,0.1,0.223606798,0,18,18,18,18.25347222,18,18,18.00173611,18,17.98263889,1.255272505,1.255272505,1.261345489,1.255272505,1.255272505,1.255314391,1.255272505,1.254853423,18,18,17,18,18,18,18,17,1.81776924,0.794826684,0.180289911,-0.315984115,-0.175217101,-3.139130896,-3.276383464,-3.833834421,-3.871611,-1.17618723
40707.38889,0,1,164,107.5,0.575187845,3.76,18.7,594,13.218453,11.250779,8.770897,2.123049,1.527919,8.564492,12.013391,4.170993,10.280762,3.957512,9.028397,3.697612,8.883722,3.46123,0,0,0,0,0.00697,0.078301,-0.029111,-0.002273,-0.029111,0.065272,-0.029111,-0.054489,0.003869,0,0,0,0,0,0,0.341215,0.344074,0,0,0,0,0,0,0.584136114,0.586578213,0,0,0,0,0,0,0.335041,0.968218,0,0,0,0,0,0,0.578827263,0.983980691,0,0,0,0,0,0,0.01,0.05,0,0,0,0,0,0,0.1,0.223606798,0,18,18,18,18.00902778,18,17.78472222,17.89236111,18,17.92939815,1.255272505,1.255272505,1.255490268,1.255272505,1.250047086,1.252667655,1.255272505,1.253565711,18,18,17,18,17,17,18,17,0.36402301,0.238094616,0.001980927,-0.335559602,-0.115081966,-0.968444406,-1.947595359,-3.16369141,-3.430106736,-0.998289494
40708.46458,0.301029996,2,165,108.6,0.6599162,4.57,21.1,572,12.097683,13.660187,12.243873,2.720993,2.860693,10.127994,10.890936,2.775952,11.479654,3.605513,10.649113,3.643493,9.146655,3.425276,0,0,0.041201,0.10089,0.050445,0.028253,-0.005367,0.0017,-0.005367,0.049742,-0.005367,-0.038834,0.026002,0,0,0,0.223822,0.223822,0.223822,0.223822,0.567896,0,0,0,0.473098298,0.473098298,0.473098298,0.473098298,0.753588747,0,0,0,0.319788,0.319788,0.319788,0.319788,1.270747,0,0,0,0.565498011,0.565498011,0.565498011,0.565498011,1.127274146,0,0,0,0,0,0,0,0.01,0,0,0,0,0,0,0,0.1,0,18,18,18,17.88194444,18,17.67708333,17.73090278,18,17.82060185,1.255272505,1.255272505,1.252414741,1.255272505,1.247410609,1.248730848,1.255272505,1.250922367,18,18,17,18,17,17,18,17,-3.960065937,-2.200310956,-1.416149618,-1.264613829,-0.441011609,-3.043025042,-0.213304384,-0.407715966,-1.341928594,0.169274182
40709.36528,0.716003344,5.2,166,108.5,0.605305046,4.03,18.2,614.2,9.553628,10.456596,10.344793,0.579643,0.819306,10.573948,11.787594,1.620017,11.301265,2.236163,11.510444,3.034319,9.884946,3.380454,0.612841,0.766947,0.603571,0.33729,0.169396,0.109545,-0.024948,0.002305,-0.024948,0.05741,-0.024948,-0.046804,0.001296,0.169503,0.443471,0.852905,0.852905,0.852905,1.076727,1.076727,1.420801,0.41170742,0.665936183,0.923528559,0.923528559,0.923528559,1.037654567,1.037654567,1.191973574,0.061969,0.361548,1.096407,1.096407,1.096407,1.416195,1.416195,2.085432,0.248935735,0.601288616,1.047094552,1.047094552,1.047094552,1.190039915,1.190039915,1.444102489,0,0,0.01,0.01,0.01,0.01,0.01,0.02,0,0,0.1,0.1,0.1,0.1,0.1,0.141421356,0,18,18,18,17.85486111,18,17.80902778,17.74305556,18,17.75694444,1.255272505,1.255272505,1.251756476,1.255272505,1.250640211,1.249028412,1.255272505,1.249368236,18,18,17,18,17,17,18,17,-1.556783925,-1.010983728,-2.570406183,-2.578195621,-3.029570709,1.809825613,1.788730166,-0.476400491,-0.958724794,-0.467469172
40714.40764,2.861534411,727,171,112.4,0.579783597,3.8,16.2,303.7,9.997529,9.914752,8.761585,1.032951,1.004314,8.220074,8.758516,1.129681,9.146363,1.138066,9.358539,1.201404,9.647764,1.146778,0.873558,0.93134,0.974121,0.981086,0.990543,0.895163,0.014309,0.007162,0.014309,0.051496,0.014309,-0.028999,-0.002928,0,0,0,0,1.074161,13.85263,17.158966,26.115249,0,0,0,0,1.036417387,3.721912143,4.142338229,5.110308112,0,0,0,0,0.494954,12.937357,17.642551,26.210883,0,0,0,0,0.703529672,3.596853764,4.200303679,5.119656531,0,0,0,0,0.06,1.57,1.64,2.11,0,0,0,0,0.244948974,1.252996409,1.280624847,1.452583905,-4,59,24,27.61111111,23.54166667,24.20833333,34.35069444,30.53298611,25.66666667,26.56365741,1.380211242,1.441083884,1.371837206,1.383964891,1.535935521,1.48476928,1.40936947,1.42428787,24,24,18,24,24,19,24,18,0.142479364,0.309342541,-0.95714866,-0.889151878,-0.152870053,3.471975367,3.69325727,2.866500801,2.159417138,3.498921445
40715.4375,3.383743576,2419.6,172,114.8,1.247973266,17.7,15.2,432.2,9.228948,9.169469,9.71893,0.958362,1.077214,9.155114,9.631182,1.000578,9.192366,1.15022,9.30446,1.114087,9.540289,1.117993,0.896172,0.895879,0.852665,0.79406,0.748683,0.855302,0.030021,0.007907,0.030021,0.057542,0.030021,-0.035758,0.025955,0.47625,3.029806,5.610661,5.610661,5.610661,6.684822,19.463291,22.769627,0.690108687,1.740633793,2.36868339,2.36868339,2.36868339,2.585502272,4.411721999,4.771753032,0.599074,2.383608,5.482189,5.482189,5.482189,5.977143,18.419546,23.12474,0.773998708,1.543893779,2.341407483,2.341407483,2.341407483,2.444819625,4.291799856,4.808818982,0.02,0.08,0.15,0.15,0.15,0.19,1.72,1.79,0.141421356,0.282842712,0.387298335,0.387298335,0.387298335,0.435889894,1.311487705,1.337908816,2,25,23.41666667,22.63194444,24.39236111,22.83333333,23.15625,28.28298611,22.27777778,28.11458333,1.369525074,1.354721868,1.387253841,1.358569317,1.36466823,1.45152526,1.347871868,1.448931652,23,22,18,22,22,22,22,19,-5.641987955,-5.231495519,-3.496742121,-3.024929846,-1.79082291,6.736185923,6.775043189,5.119265429,3.874635639,4.38104128
40716.37153,2.598571663,396.8,173,114.4,1.096910013,12.5,13.9,320.3,7.850153,8.236043,8.74921,0.511109,0.671675,9.293857,9.785303,0.995183,9.750125,0.999042,9.424742,1.147664,9.516792,1.141898,0.943021,0.971511,0.977253,0.986818,0.917494,0.820482,0.02837,0.020395,0.02837,0.053239,0.02837,-0.015947,0.007905,2.265281,3.202126,3.378907,4.003969,16.364554,18.945409,20.029708,36.104376,1.505085047,1.789448518,1.83818035,2.000992004,4.045312596,4.352632422,4.475456178,6.008691705,1.953231,2.678218,2.948705,5.075648,15.578234,18.676815,19.171768,36.319366,1.397580409,1.636526199,1.717179373,2.252919883,3.946927159,4.321668081,4.378557753,6.026555069,0.1,0.15,0.18,0.18,0.8,0.9,1.03,2.54,0.316227766,0.387298335,0.424264069,0.424264069,0.894427191,0.948683298,1.014889157,1.593737745,-1,47,39.58333333,41.88194444,27.76666667,39.08333333,36.13194444,29.66666667,39.13888889,31.71527778,1.597512364,1.622026836,1.443523747,1.591991597,1.557891334,1.472268752,1.592608492,1.50126852,39,38,18,38,22,22,38,22,-2.190588982,-2.848748975,-3.163803656,-3.193664685,-3.343837171,6.814478566,6.021155835,6.416410983,6.251405983,6.50996887
40717.3,2.713658516,517.2,174,158.2,0.591064607,3.9,12.5,306.5,7.358885,7.350262,7.248798,0.142194,0.150213,7.226698,7.684642,0.797637,8.792819,1.404067,9.089156,1.346333,9.107398,1.271102,0.941141,0.941655,0.945988,0.96014,0.970281,0.941695,0.035334,0.014864,0.035334,0.068356,0.035334,-0.027571,-0.006965,1.002152,1.275297,1.275297,1.275297,9.939224,26.373989,26.619352,41.714485,1.001075422,1.129290485,1.129290485,1.129290485,3.152653486,5.135561216,5.159394538,6.458675174,2.437921,2.823107,2.827651,2.827651,10.424749,26.585526,27.148332,41.384925,1.561384322,1.680210403,1.681562071,1.681562071,3.228737989,5.156115398,5.210406126,6.433111611,0.02,0.09,0.11,0.13,0.44,1.2,1.2,2.79,0.141421356,0.3,0.331662479,0.360555128,0.663324958,1.095445115,1.095445115,1.670329309,-4,105,34,39.90277778,34.43263889,34.41666667,53.36458333,44.14756944,35.79166667,37.22569444,1.531478917,1.60100313,1.536970308,1.536768806,1.727253123,1.644906798,1.553781922,1.570842808,34,34,19,34,34,22,34,22,-0.203236079,-0.393681021,-0.941897085,-0.944369004,-2.218369887,5.51760477,4.911695359,5.056162919,4.953859813,5.212502394
40721.37778,0.875061263,7.5,178,106.2,0.46686762,2.93,18,263.2,13.236752,13.083578,12.273311,0.703404,0.851354,12.017987,12.855833,1.257013,13.585796,2.751568,13.11203,2.540406,11.428265,3.020969,0.493119,0.257355,0.085785,0.142985,0.201033,0.254093,0.030966,0.002026,0.030966,0.031493,0.030966,-0.048023,-0.033699,0,0,0,0,0,0,0,7.2109,0,0,0,0,0,0,0,2.6853119,0,0,0,0.006571,0.006571,0.006571,0.006571,6.914781,0,0,0,0.081061705,0.081061705,0.081061705,0.081061705,2.629597117,0,0,0,0,0,0,0,0.37,0,0,0,0,0,0,0,0.608276253,0,18,17,17,29.30902778,17,17.08333333,17.77604167,17,19.42361111,1.230448921,1.230448921,1.467001413,1.230448921,1.232572615,1.24983506,1.230448921,1.288329974,17,17,17,17,17,17,17,17,-2.766194374,-2.649832922,-2.433375843,-2.317816052,-1.786198728,-2.929223082,-2.806421868,-2.782702457,-2.757899825,-2.697474237
40722.37083,1.206825876,16.1,179,108.4,0.819543936,6.6,18,291.5,14.358034,12.812739,11.017575,1.556763,1.200655,10.717087,11.67844,1.472567,12.254257,1.48447,12.9485,2.564757,12.183031,2.478915,0.358385,0.405792,0.496618,0.687161,0.680401,0.437473,-0.024111,0.00068,-0.024111,0.032209,-0.024111,-0.02419,0.055077,0,0,0,0.115705,1.967186,1.967186,1.967186,3.735824,0,0,0,0.340154377,1.402564081,1.402564081,1.402564081,1.93282798,0,0,0,0.002558,1.635243,1.641813,1.641813,2.183185,0,0,0,0.050576674,1.278766202,1.28133251,1.28133251,1.477560489,0,0,0,0.02,0.09,0.09,0.09,0.17,0,0,0,0.141421356,0.3,0.3,0.3,0.412310563,0,17,17,17,22.1375,17,17,17.04513889,17,17.52430556,1.230448921,1.230448921,1.345128574,1.230448921,1.230448921,1.231600544,1.230448921,1.243640817,17,17,17,17,17,17,17,17,5.10395353,5.274410346,4.931769301,5.391508127,3.456105416,0.695484355,-0.116096417,-1.288529582,-1.754073335,-2.460824181
40723.38889,0,1,180,106.5,0.522444234,3.33,18.1,281.7,13.513023,13.278561,10.097878,2.342722,1.729721,9.974095,13.133146,3.599199,12.427395,2.854508,12.570207,2.449414,12.838176,2.691464,0,0,0.367586,0.225127,0.237104,0.454001,0.026595,0.004219,0.026595,0.051339,0.026595,-0.042385,-0.022031,0,0,0,0,0,1.967186,1.967186,1.967186,0,0,0,0,0,1.402564081,1.402564081,1.402564081,0,0,0,0,0,1.635243,1.641813,1.641813,0,0,0,0,0,1.278766202,1.28133251,1.28133251,0,0,0,0,0,0.09,0.09,0.09,0,0,0,0,0,0.3,0.3,0.3,0,17,17,17,18.42847222,17,16.97569444,16.98784722,17,17.0162037,1.230448921,1.230448921,1.265489332,1.230448921,1.22982755,1.230138347,1.230448921,1.230862676,17,17,16,17,16,16,17,16,-0.753956426,-0.83177132,-0.788897376,-1.129160708,-0.282186845,1.217419031,1.01487622,-1.351190974,-1.942419965,0.003657864
40724.44444,1.041392685,11,181,110.1,0.568201724,3.7,19.7,431.1,12.288591,12.249866,11.600935,0.661876,1.159707,10.981292,12.303533,1.940604,12.702759,2.91193,12.387773,2.587691,12.866714,2.718462,0.431272,0.532913,0.41176,0.214578,0.109443,0.164638,0.018051,0.006144,0.018051,0.037439,0.018051,-0.018099,-0.009605,0,0,0,0,0,0,1.967186,1.967186,0,0,0,0,0,0,1.402564081,1.402564081,0,0,0,0,0,0,1.543888,1.641813,0,0,0,0,0,0,1.242532897,1.28133251,0,0,0,0,0,0,0.09,0.09,0,0,0,0,0,0,0.3,0.3,0,17,17,16.97916667,17.21180556,17,16.6875,16.83159722,17,16.88773148,1.230448921,1.229916371,1.235826431,1.230448921,1.222391279,1.22612533,1.230448921,1.227571315,17,16,16,17,16,16,17,16,-4.57787074,-3.934672415,-3.456510437,-2.696918852,-1.286407451,-0.984245484,-1.720813336,-2.410274686,-1.048063523,1.017287666
40728.36806,1.23299611,17.1,185,112.5,0.482873584,3.04,23.2,570.1,14.595202,14.125021,13.202888,0.725375,0.837541,13.641793,16.687189,3.35897,15.318643,3.343392,14.806676,2.981414,14.073489,2.671665,0.009575,0.063283,0.046015,0.023008,0.011504,0.012793,-0.019808,-0.001174,-0.019808,0.036788,-0.019808,-0.026489,0.005652,0,0,0,0,0,0,10.332722,10.332722,0,0,0,0,0,0,3.214455164,3.214455164,0,0,0,0,0,0,8.084158,8.084158,0,0,0,0,0,0,2.843265376,2.843265376,0,0,0,0,0,0,0.54,0.54,0,0,0,0,0,0,0.734846923,0.734846923,0,17,17,16.88888889,16.82013889,17,16.60763889,16.74479167,17,16.90625,1.230448921,1.227601079,1.225829578,1.230448921,1.220307893,1.223879749,1.230448921,1.228047287,17,16,16,17,16,16,17,16,-0.309829234,-0.27120988,0.215316311,0.013730215,0.32421451,-3.583712825,-3.481701497,-3.606954615,-3.50084779,-1.518709358
40729.37708,0.612783857,4.1,186,111.4,0.382017043,2.41,23.5,568.7,15.145181,14.586262,13.836839,0.741655,1.60053,14.352866,15.843615,1.979409,16.241296,2.791022,15.515128,2.963651,14.783002,2.589268,0,0.010866,0.062669,0.157083,0.082182,0.047299,0.004168,-0.001078,0.004168,0.030152,0.004168,-0.034269,-0.005672,0,0,0,1.066723,1.066723,1.066723,1.066723,11.399445,0,0,0,1.032822831,1.032822831,1.032822831,1.032822831,3.376306414,0,0,0,1.963062,1.963062,1.963062,1.963062,10.04722,0,0,0,1.401093145,1.401093145,1.401093145,1.401093145,3.169735005,0,0,0,0.08,0.08,0.08,0.08,0.62,0,0,0,0.282842712,0.282842712,0.282842712,0.282842712,0.787400787,0,17,17,16.86805556,16.79166667,17,16.54513889,16.57638889,17,16.67824074,1.230448921,1.227065023,1.225093804,1.230448921,1.218670417,1.219489927,1.230448921,1.222150238,17,16,16,17,16,16,17,16,-0.869885512,-0.63125758,0.17893821,0.066290288,0.663046422,-3.355838663,-3.10730025,-3.174214583,-3.822699269,-4.233773276
40730.35764,1.484299839,30.5,187,113.3,0.424881637,2.66,22.8,0.61,13.071042,12.213771,11.956177,0.625125,1.352265,13.075431,16.467898,4.237985,16.161808,3.320574,16.336935,3.34261,15.348728,3.191318,0,0,0,0.082593,0.107719,0.095406,0.017278,-0.001407,0.017278,0.038213,0.017278,-0.026926,-0.01311,0,0,0,0,0,1.066723,1.066723,11.399445,0,0,0,0,0,1.032822831,1.032822831,3.376306414,0,0,0,0,0,1.963062,1.963062,10.04722,0,0,0,0,0,1.401093145,1.401093145,3.169735005,0,0,0,0,0,0.08,0.08,0.62,0,0,0,0,0,0.282842712,0.282842712,0.787400787,-1,17,16.58333333,16.66666667,16.74722222,16.79166667,16.47569444,16.51041667,16.91666667,16.54282407,1.21967183,1.22184875,1.223942783,1.225093804,1.216843729,1.217758034,1.228314792,1.218609651,16,16,16,16,16,16,16,16,-0.247980709,0.02402056,-0.35930865,1.199671253,1.473782964,-3.039746023,-3.184953255,-3.047919788,-2.6689653,-2.334595469
40731.39583,2.150449409,141.4,188,107.2,0.525044807,3.35,21.1,609.4,13.793959,13.617182,13.162244,0.349765,0.492298,13.372834,16.02435,3.172942,16.295291,3.750811,16.144732,3.27573,15.827193,3.323168,0.407221,0.516712,0.377042,0.195142,0.108291,0.108005,-0.009069,0.00012,-0.009069,0.027334,-0.009069,-0.026146,0.017901,0.455613,1.130197,1.22105,1.22105,1.22105,1.22105,2.287773,2.287773,0.674991111,1.063107238,1.105011312,1.105011312,1.105011312,1.105011312,1.512538595,1.512538595,0.287906,0.666096,0.815437,0.815437,0.815437,0.815437,2.7785,2.7785,0.536568728,0.816147046,0.903015504,0.903015504,0.903015504,0.903015504,1.666883319,1.666883319,0.01,0.04,0.05,0.05,0.05,0.05,0.13,0.13,0.1,0.2,0.223606798,0.223606798,0.223606798,0.223606798,0.360555128,0.360555128,0,17,17,16.54166667,16.55625,17,16.29166667,16.37326389,16.90277778,16.43055556,1.230448921,1.218579265,1.218961976,1.230448921,1.211965516,1.214135261,1.227958082,1.215652248,17,16,16,17,16,16,16,16,0.233372557,0.597997039,0.795621479,0.355730254,0.065996887,-3.155049179,-3.396090637,-3.071852425,-3.251508246,-1.20858739
40735.37569,0.301029996,2,192,97.7,0.033423755,1.08,22.4,437.8,15.594029,15.312052,14.745994,0.549353,0.550336,14.804748,17.969041,3.74159,16.574741,3.030478,16.205627,2.941061,16.037577,2.874619,0.103552,0.146541,0.142603,0.342474,0.267989,0.31748,-0.002068,0.000628,-0.002068,0.028876,-0.002068,-0.026002,0.010287,0,0,0,18.838535,18.838535,19.005179,19.005179,24.127404,0,0,0,4.34033812,4.34033812,4.359492975,4.359492975,4.911965391,0,0,0,14.586899,14.627069,14.717603,14.78952,18.233073,0,0,0,3.819279906,3.824535135,3.836352825,3.845714498,4.270020258,0,0,0,0.03,0.03,0.03,0.03,0.24,0,0,0,0.173205081,0.173205081,0.173205081,0.173205081,0.489897949,-2,22,17,18.0625,16.71527778,17,17.15972222,16.91840278,17.58333333,16.85532407,1.230448921,1.25677786,1.223113598,1.230448921,1.234510253,1.22835936,1.245101209,1.226737107,17,16,16,17,16,16,17,16,2.777036867,3.042839661,1.808927267,0.921330148,0.768618565,-2.909905911,-2.469083504,-3.273804935,-3.263725398,-1.82677018
40736.38056,2.454997217,285.1,193,105.7,0.964730921,9.22,22.1,384.1,16.336987,16.095267,14.159246,1.480999,1.19335,14.489359,17.901825,3.902161,17.935433,3.822866,17.017102,3.404338,16.413072,3.138367,0.331505,0.245804,0.190341,0.134419,0.08145,0.17472,0.01293,-0.000759,0.01293,0.023789,0.01293,-0.030146,-0.002186,0,0,0,0,0,18.838535,19.005179,22.906354,0,0,0,0,0,4.34033812,4.359492975,4.786058295,0,0,0,0,0,14.627069,14.717603,17.417636,0,0,0,0,0,3.824535135,3.836352825,4.173444141,0,0,0,0,0,0.03,0.03,0.19,0,0,0,0,0,0.173205081,0.173205081,0.435889894,0,17,17,17,16.81180556,17,16.76736111,16.96354167,17,16.86805556,1.230448921,1.230448921,1.225614358,1.230448921,1.224464718,1.22951653,1.230448921,1.227065023,17,17,16,17,16,16,17,16,3.262166096,3.535684194,2.849018541,3.634637055,3.63754241,0.884649641,1.104994475,-1.233039764,-1.08613449,-1.194393741
40737.36875,1.164352856,14.6,194,105.2,0.294466226,1.97,19.6,456.2,14.073275,13.210745,13.493162,0.570431,1.532339,14.792342,16.502289,2.112382,17.186579,3.220594,17.464182,3.416893,16.620782,3.096083,0.733146,0.734451,0.624706,0.565831,0.571218,0.321585,0.002674,0.001825,0.002674,0.024483,0.002674,-0.03155,0.010257,0,0,0,0,0,0,18.838535,19.005179,0,0,0,0,0,0,4.34033812,4.359492975,0,0,0,0,0,0,14.627069,14.78952,0,0,0,0,0,0,3.824535135,3.845714498,0,0,0,0,0,0,0.03,0.03,0,0,0,0,0,0,0.173205081,0.173205081,0,17,17,16.89583333,16.78194444,17,16.57638889,16.671875,17,16.83449074,1.230448921,1.227779617,1.224842279,1.230448921,1.219489927,1.221984445,1.230448921,1.226199983,17,16,16,17,16,16,17,16,-2.345480065,-2.775043333,-2.475712159,-1.701616295,-0.416096797,2.674714058,3.718912614,4.517902592,4.439024478,3.395028073
40738.59514,0.716003344,5.2,195,103.1,0.350248018,2.24,22.6,526.3,16.372698,15.683913,14.454024,1.095224,1.47346,13.272514,13.469362,1.666362,14.614777,2.182755,15.492289,2.922906,16.176303,3.217257,0.407517,0.358179,0.368018,0.274235,0.157853,0.362463,0.017056,0.001404,0.017056,0.037567,0.017056,-0.020415,-0.002538,0.049353,0.049353,1.76542,1.858844,1.858844,1.858844,1.858844,20.697379,0.222155351,0.222155351,1.328691085,1.363394294,1.363394294,1.363394294,1.363394294,4.549437218,0.178751,0.178751,1.72504,2.180842,2.180842,2.180842,2.180842,16.807911,0.422789546,0.422789546,1.313407781,1.476767416,1.476767416,1.476767416,1.476767416,4.099745236,0,0,0.04,0.05,0.05,0.05,0.05,0.08,0,0,0.2,0.223606798,0.223606798,0.223606798,0.223606798,0.282842712,-1,17,16.33333333,16.83333333,16.69652778,16.58333333,16.44791667,16.484375,16.86111111,16.5462963,1.213074825,1.226170123,1.222626164,1.21967183,1.216110897,1.217072486,1.22688619,1.218700797,16,16,16,16,16,16,16,16,-3.201585867,-2.72565045,-1.572122701,-1.032452151,-1.366910066,0.111502794,-1.157839407,-2.40312165,-2.639865063,-0.681949906
40742.41458,2.487986331,307.6,199,106.4,0.170261715,1.48,24.3,560,20.897793,20.512604,18.057493,1.769385,1.419276,17.787507,19.592782,2.419185,19.591889,2.682557,18.421795,2.780139,16.702837,3.15726,0.412405,0.30691,0.191386,0.157977,0.211978,0.223572,0.016469,0.000711,0.016469,0.027263,0.016469,-0.025706,-0.013884,0,0,0,0,1.111217,1.111217,1.562023,4.048035,0,0,0,0,1.05414278,1.05414278,1.249809185,2.011972912,0,0,0,0,2.794609,2.794609,3.822217,6.521277,0,0,0,0,1.671708408,1.671708408,1.955049104,2.553679111,0,0,0,0,0,0,0.02,0.22,0,0,0,0,0,0,0.141421356,0.469041576,0,17,17,17,16.68611111,17,16.64930556,16.60243056,17,16.72453704,1.230448921,1.230448921,1.222355131,1.230448921,1.221396124,1.220171672,1.230448921,1.223354105,17,17,16,17,16,16,17,16,-2.112197417,-2.196606103,-0.614381302,-0.533163756,-0.582694492,3.382021434,1.831055595,-1.113846975,-1.882338135,-1.639996662
40743.39722,2.236789099,172.5,200,105.2,-0.026872146,0.94,25.3,447.9,21.332176,20.023522,18.158213,1.534118,1.12977,18.299026,20.194228,2.5766,19.893505,2.517161,19.792668,2.662891,18.04303,3.056756,0,0.161137,0.410468,0.285577,0.197389,0.204684,0.015231,0.000403,0.015231,0.021517,0.015231,-0.02296,-0.010498,0,0,0,0,2.576521,3.687738,3.687738,5.288772,0,0,0,0,1.60515451,1.920348406,1.920348406,2.299733028,0,0,0,0,1.809611,4.604219,4.604219,6.723467,0,0,0,0,1.345217826,2.145744393,2.145744393,2.592964905,0,0,0,0,0,0,0,0.17,0,0,0,0,0,0,0,0.412310563,1,17,16.91666667,16.45833333,16.6875,16.95833333,16.34027778,16.49479167,16.83333333,16.5150463,1.228314792,1.216385854,1.222391279,1.229383168,1.213259435,1.217346835,1.226170123,1.217879795,16,16,16,16,16,16,16,16,0.520450077,1.398712065,-0.202466933,-0.241186276,0.122144363,0.94187453,-0.315032588,-1.968475438,-2.386505069,-0.806972953
40744.38889,2.352953912,225.4,201,103.9,0.10720997,1.28,28.9,85.9,20.714493,20.711114,19.800193,0.649411,0.877163,19.116931,19.936053,1.616312,20.06514,2.154607,19.907687,2.257275,19.079133,2.67256,0.005641,0.284037,0.19834,0.20159,0.159799,0.178594,-0.017931,-0.002263,-0.017931,0.017798,-0.017931,-0.020071,0.010122,0,0,0,0,0.252859,6.179291,8.755812,9.867029,0,0,0,0,0.502850873,2.485817974,2.959022136,3.141182739,0,0,0,0,0.280106,5.836072,7.645683,10.440292,0,0,0,0,0.529250413,2.415796349,2.76508282,3.23114407,0,0,0,0,0.12,0.12,0.12,0.14,0,0,0,0,0.346410162,0.346410162,0.346410162,0.374165739,0,17,17,17,16.65555556,17,16.76388889,16.55208333,17,16.58449074,1.230448921,1.230448921,1.221559123,1.230448921,1.224374774,1.218852664,1.230448921,1.21970214,17,17,16,17,16,16,17,16,-4.488887466,-4.778821833,-3.807477613,-2.194886058,-1.197239833,0.83363141,1.579011262,-2.379348675,-3.323508844,-2.650698984
40745.48611,2.512550993,325.5,202,94.1,0.780317312,6.03,20.4,252.8,18.93375,18.635225,18.015429,0.500299,0.703049,18.399508,20.140383,2.069573,19.994603,1.827945,20.066149,2.113365,19.948362,2.360257,0.001445,0.001448,0.000733,0.104526,0.063333,0.111881,-0.014519,-0.004592,-0.014519,0.02135,-0.014519,-0.046326,0.018815,0,0,0,0,0,6.179291,8.755812,9.867029,0,0,0,0,0,2.485817974,2.959022136,3.141182739,0,0,0,0,0,5.836072,7.645683,10.440292,0,0,0,0,0,2.415796349,2.76508282,3.23114407,0,0,0,0,0,0.12,0.12,0.12,0,0,0,0,0,0.346410162,0.346410162,0.346410162,-1,17,16.08333333,16.52083333,16.51736111,16.29166667,16.28819444,16.52256944,16.72222222,16.46990741,1.206376063,1.21803195,1.217940664,1.211965516,1.211872945,1.218077586,1.22329399,1.216691158,16,16,16,16,16,16,16,16,4.473489118,5.022823917,4.108400978,3.918883595,1.36452535,-3.995635486,-3.976686555,-4.124620055,-4.080200503,-4.970059614
40749.29861,1.600972896,39.9,206,99.2,0.505149978,3.2,17.4,535,15.925385,15.957856,15.777964,0.232248,0.473611,15.625944,16.619423,1.746678,15.107189,1.998817,16.690203,3.323667,17.842218,3.174964,0.337837,0.358331,0.299074,0.156286,0.310915,0.582871,-0.030931,-0.005475,-0.030931,0.032769,-0.030931,-0.030931,0.008836,0,0,0,0,0,15.208405,15.208405,18.376269,0,0,0,0,0,3.899795507,3.899795507,4.286755066,0,0,0,0,0,15.985422,15.985422,18.956885,0,0,0,0,0,3.998177335,3.998177335,4.353950505,0,0,0,0,0,0.59,0.59,0.59,0,0,0,0,0,0.768114575,0.768114575,0.768114575,0,18,17.08333333,17.0625,17.15,17.08333333,17.26041667,18.34722222,17.11111111,17.67824074,1.232572615,1.232042664,1.234264124,1.232572615,1.237051275,1.263570321,1.233278211,1.247439044,17,17,15,17,17,16,17,16,1.540631991,1.949948684,1.034934319,0.432656147,0.652506183,-5.172129305,-5.750954452,-4.937376769,-4.429820362,-1.483141941
40750.73264,2.237040791,172.6,207,96.8,0.729974286,5.37,22.7,209,20.029638,19.944431,19.248838,0.58266,2.21655,17.653359,17.127096,2.56178,17.312003,2.447617,16.498536,2.603312,17.138363,2.998964,0,0,0.007285,0.003642,0.095068,0.149771,-0.014081,0.000473,-0.014081,0.036525,-0.014081,-0.042802,0.043522,0,0,0,0,0,0,0.015206,15.364842,0,0,0,0,0,0,0.123312611,3.91980127,0,0,0,0,0,0,0.094104,16.092275,0,0,0,0,0,0,0.306763753,4.011517793,0,0,0,0,0,0,0,0.59,0,0,0,0,0,0,0,0.768114575,0,18,17,17.00694444,17.34652778,17,17.00347222,17.02951389,17,17.28125,1.230448921,1.230626293,1.239212556,1.230448921,1.230537616,1.231202251,1.230448921,1.237575153,17,17,15,17,17,16,17,16,0.097983867,0.221600626,-0.452578088,-0.178386517,1.103962336,2.801219616,2.983156141,2.519916912,0.748841253,-0.247173083
40751.47917,1.58546073,38.5,208,96.1,0.50242712,3.18,18.8,170.8,16.547222,16.47961,15.910419,0.577827,0.718423,15.394939,16.670564,2.036888,17.028182,2.536906,16.985271,2.276807,16.781132,3.020882,0.756719,0.80464,0.754238,0.562538,0.28309,0.227493,-0.005739,-0.000137,-0.005739,0.030977,-0.005739,-0.035999,0.022339,0,0,2.749995,11.06246,11.06246,11.06246,11.06246,26.270865,0,0,1.658310888,3.326027661,3.326027661,3.326027661,3.326027661,5.125511194,0.085449,0.085449,2.880496,12.80395,12.80395,12.80395,12.80395,28.789372,0.292316609,0.292316609,1.697202404,3.578260751,3.578260751,3.578260751,3.578260751,5.365572849,0,0,0.04,0.32,0.32,0.32,0.32,0.91,0,0,0.2,0.565685425,0.565685425,0.565685425,0.565685425,0.953939201,0,22,19,18.72916667,17.58333333,19,17.86458333,17.43229167,20.125,17.32175926,1.278753601,1.272518454,1.245101209,1.278753601,1.251992891,1.241354484,1.303735889,1.238591998,19,17,16,19,17,16,19,16,-1.884149879,-1.554869172,-2.177845098,-1.480149766,-1.213901096,-3.486279304,-3.955071299,-3.973705686,-3.520147429,-1.336220114
40752.43403,1.193124598,15.6,209,100.1,0.376576957,2.38,22.1,408.2,21.528828,20.241672,17.534498,2.087435,1.735398,16.656612,17.044869,1.419439,16.900223,1.781968,17.05177,2.228854,16.333629,2.335707,0.269216,0.282482,0.538359,0.615714,0.728585,0.490072,-0.006635,-0.000867,-0.006635,0.029189,-0.006635,-0.018872,0.000896,0,0,0,0,2.995015,14.057475,14.057475,28.783837,0,0,0,0,1.730611164,3.74932994,3.74932994,5.365057036,0,0,0,0,2.978396,15.696897,15.696897,26.955487,0,0,0,0,1.725803002,3.961930969,3.961930969,5.19186739,0,0,0,0,0.09,0.41,0.41,0.78,0,0,0,0,0.3,0.640312424,0.640312424,0.883176087,1,22,18.33333333,18.70833333,18.12083333,18.41666667,19.11458333,18.44444444,18.58333333,17.96412037,1.263241435,1.272035099,1.258178166,1.265211028,1.281364836,1.265865579,1.269123617,1.254405956,18,18,16,18,18,17,18,16,1.49497354,1.747430934,1.128742994,0.883559817,0.005935479,-0.039484212,-0.614176505,-1.941588612,-2.090512152,-2.586065436
40756.43264,1.392696953,24.7,213,98.6,0.311753861,2.05,22.2,528.8,17.71235,17.487645,16.653173,0.635799,0.506782,16.6116,19.095655,3.046578,18.715472,2.339949,19.073235,2.658298,18.649539,2.702912,0.003218,0.002355,0.080422,0.078509,0.039999,0.095697,-0.006932,-0.002027,-0.006932,0.035474,-0.006932,-0.027885,-0.019454,0,0,0,0,0,15.850832,17.572343,20.567358,0,0,0,0,0,3.981310337,4.191937857,4.535124916,0,0,0,0,0,8.933731,10.070093,13.04849,0,0,0,0,0,2.98893476,3.173340984,3.61226937,0,0,0,0,0,0.36,0.51,0.6,0,0,0,0,0,0.6,0.714142843,0.774596669,0,17,17,17,17.63125,17,16.97569444,17.02083333,17,17.01273148,1.230448921,1.230448921,1.246283103,1.230448921,1.22982755,1.230980819,1.230448921,1.230774047,17,17,16,17,16,16,17,16,-1.366262985,-0.613774551,-0.577167441,0.050371793,0.853659459,-2.449523713,-3.429655366,-4.284204711,-4.238628509,-3.028875413
40757.51042,1.495544338,31.3,214,99.2,0.401400541,2.52,20.5,151.5,17.711704,17.904627,18.434253,0.830733,0.700869,18.396161,19.262934,1.37169,18.971649,2.241831,18.869697,2.089923,19.012356,2.535477,0.823533,0.852095,0.639014,0.676405,0.536345,0.288142,-0.005583,-0.001516,-0.005583,0.02281,-0.005583,-0.027271,-0.021688,8.091542,10.474874,10.88858,32.36015,32.834362,32.834362,35.446697,50.406705,2.844563587,3.236491001,3.299784841,5.688598246,5.730127573,5.730127573,5.953712875,7.099767954,5.151147,7.866756,8.17935,32.354022,33.114131,33.114131,33.430674,43.184224,2.269613844,2.804773788,2.859956293,5.688059599,5.754487901,5.754487901,5.781926496,6.571470459,0.29,0.93,0.96,1.98,1.98,1.98,1.98,2.49,0.538516481,0.964365076,0.979795897,1.407124728,1.407124728,1.407124728,1.407124728,1.577973384,8,36,29.83333333,22.98611111,17.78958333,25.875,19.99305556,18.484375,24,18.01157407,1.474701781,1.361465502,1.250165776,1.412880358,1.300879173,1.266804771,1.380211242,1.255551669,25,17,16,21,17,16,21,16,-1.27104302,-0.140963044,0.669761775,0.33274665,-0.545945006,-3.167454615,-3.44555085,-2.884936063,-2.534761943,-1.695284507
40758.44167,2.762978491,579.4,215,104.5,0.960470778,9.13,23.1,315.8,20.382523,20.300713,18.120001,1.590123,1.751145,18.777621,19.490903,1.728219,19.378351,1.562567,19.284119,2.177013,19.195281,2.288869,0,0,0.047866,0.1887,0.353141,0.409271,0.005177,-0.000496,0.005177,0.03243,0.005177,-0.031321,-0.003374,0,0,0,0,10.541759,32.901247,32.901247,50.47359,0,0,0,0,3.246807509,5.735960861,5.735960861,7.104476758,0,0,0,0,7.86796,33.115335,33.115335,43.185429,0,0,0,0,2.804988414,5.754592514,5.754592514,6.571562143,0,0,0,0,0.83,1.98,1.98,2.49,0,0,0,0,0.911043358,1.407124728,1.407124728,1.577973384,-2,60,22,24.83333333,20.66597222,22.375,32.97222222,26.15104167,23.04166667,23.09259259,1.342422681,1.395035018,1.315255841,1.349763044,1.518148218,1.417488993,1.36251389,1.363472694,22,22,16,22,22,17,22,16,2.775385469,2.603761892,2.518378141,2.886383753,2.089600203,2.387103318,1.682283332,-0.941339602,-0.770818266,-1.530728903
40759.49306,2.152594078,142.1,216,101.3,0.247973266,1.77,21.7,352.1,20.013618,19.814016,18.506143,1.098404,1.1044,17.794291,19.245385,2.322587,19.420259,2.049601,19.371958,1.849529,19.101901,2.087539,0,0,0.003661,0.001831,0.002919,0.159683,-0.003397,-0.002939,-0.003397,0.017695,-0.003397,-0.023256,-0.012889,0,0,0,0,0,8.158427,32.901247,48.502525,0,0,0,0,0,2.856296028,5.735960861,6.964375421,0,0,0,0,0,5.152352,33.115335,42.049067,0,0,0,0,0,2.269879292,5.754592514,6.484525195,0,0,0,0,0,0.08,1.98,2.07,0,0,0,0,0,0.282842712,1.407124728,1.438749457,0,22,19,19.04166667,21.28958333,19,19.86111111,26.34375,19,24.13541667,1.278753601,1.279704958,1.328167162,1.278753601,1.298003541,1.420677596,1.278753601,1.382654801,19,19,16,19,19,19,19,17,0.195922723,0.081478971,-0.089432033,-0.087076418,0.068180607,-3.591121252,-3.78314167,-4.044261007,-4.385285963,-2.814669937
40762.54722,0.86923172,7.4,219,106.9,0.550228353,3.55,23.4,270.2,20.763775,20.827889,20.271869,0.512995,1.005739,19.378922,19.440506,0.806134,20.098709,2.12708,20.048268,1.952735,19.843354,2.010806,0.034388,0.235717,0.404979,0.645634,0.695961,0.41165,0.009088,0.002876,0.009088,0.018832,0.009088,-0.011794,-0.009768,0,0,0,0.385137,5.921663,5.921663,5.921663,5.921663,0,0,0,0.62059407,2.433446733,2.433446733,2.433446733,2.433446733,0,0,0,0.0873,7.598154,7.872012,7.872012,7.872012,0,0,0,0.295465734,2.756474923,2.805710605,2.805710605,2.805710605,0,0,0,0.04,0.23,0.23,0.23,0.23,0,0,0,0.2,0.479583152,0.479583152,0.479583152,0.479583152,-1,19,17.08333333,17.90277778,20.84236111,17.16666667,17.8125,17.40625,17.72222222,17.58680556,1.232572615,1.252920421,1.318946916,1.234685974,1.250724877,1.240705217,1.248518178,1.245186962,17,17,17,17,17,17,17,17,0.163883424,0.008000945,0.635531047,-0.407385579,-0.8023189,2.764049047,2.660465447,2.796701071,3.252572591,3.257535055
40763.5,0.799340549,6.3,220,100.2,-1,0.1,23.7,522.3,20.055582,19.893511,18.861519,1.063449,1.20009,17.944822,18.794759,1.646086,19.12429,1.34461,19.680828,2.086672,19.633977,2.043408,0.101003,0.061152,0.221691,0.39908,0.27167,0.483099,-0.020315,-0.001847,-0.020315,0.020819,-0.020315,-0.020792,0.029402,0,0,0,0,0,5.921663,5.921663,5.921663,0,0,0,0,0,2.433446733,2.433446733,2.433446733,0,0,0,0,0,7.872012,7.872012,7.872012,0,0,0,0,0,2.805710605,2.805710605,2.805710605,0,0,0,0,0,0.23,0.23,0.23,0,0,0,0,0,0.479583152,0.479583152,0.479583152,0,19,17.91666667,17.50694444,17.99166667,18,17.26388889,17.53645833,17.72222222,17.35763889,1.253257214,1.243210354,1.255071396,1.255272505,1.237138632,1.243941888,1.248518178,1.239490649,17,17,17,17,17,17,17,17,-0.394424619,-0.678337942,-0.163892267,-0.642424798,-0.44686808,-3.729068386,-4.018321394,-3.79523191,-3.835143687,-1.303076582
40764.52083,1.565847819,36.8,221,130.1,0.238046103,1.73,22.4,407.1,18.72525,18.64924,18.116705,0.488845,0.486941,17.857131,18.894768,1.530116,18.844764,1.589946,19.047783,1.413309,19.573078,1.914721,0.61983,0.685768,0.647501,0.535008,0.437363,0.354516,-0.012506,-0.004597,-0.012506,0.021041,-0.012506,-0.018466,0.010525,0,0,0,0,6.18216,6.18216,12.103823,12.103823,0,0,0,0,2.486394981,2.486394981,3.4790549,3.4790549,0.006251,0.006251,0.006251,0.006251,6.157889,6.157889,14.029901,14.029901,0.079063266,0.079063266,0.079063266,0.079063266,2.48150942,2.48150942,3.745650945,3.745650945,0,0,0,0.01,0.4,0.4,0.63,0.63,0,0,0,0.1,0.632455532,0.632455532,0.793725393,0.793725393,0,24,18,18.20138889,17.68333333,18,18.31944444,17.80034722,18,17.80439815,1.255272505,1.260104529,1.247564134,1.255272505,1.262912299,1.250428474,1.255272505,1.250527298,18,18,17,18,17,17,18,17,7.189849849,6.620395813,5.706027827,4.399405842,2.273662732,-2.646698707,-2.774122781,-4.102274095,-4.692203244,-4.905546085
40765.3625,1.779596491,60.2,222,101.4,0.820201459,6.61,19.4,346.7,16.93672,16.435673,15.893111,0.519728,1.131303,16.922634,18.035523,1.454829,18.556471,1.583813,18.68406,1.643838,19.272523,1.996929,0,0,0,0.132208,0.359582,0.350932,-0.045703,-0.001754,-0.045703,0.040214,-0.045703,-0.045703,0.029301,0,0,0,0,0.384522,6.566681,6.566681,12.488345,0,0,0,0,0.620098379,2.562553609,2.562553609,3.533885256,0,0,0,0,0.243542,6.39518,6.39518,14.267192,0,0,0,0,0.493499747,2.528869313,2.528869313,3.777193667,0,0,0.01,0.01,0.03,0.43,0.43,0.66,0,0,0.1,0.1,0.173205081,0.655743852,0.655743852,0.81240384,0,18,17.91666667,17.65972222,17.61597222,17.79166667,17.73263889,18.02777778,17.68055556,17.76388889,1.253257214,1.246983868,1.245906617,1.250216633,1.24877337,1.255942196,1.247495907,1.249538048,17,17,17,17,17,17,17,17,4.295784916,3.666528595,3.641824797,3.932096321,5.742488038,-4.935448692,-5.360253988,-4.858322064,-1.853999399,-1.066065583
40770.49861,1.037426498,10.9,227,104.4,0.167317335,1.47,24.4,615.1,20.452871,20.16701,18.831293,1.07844,0.904983,18.349131,19.395256,1.975715,18.404314,1.849706,18.428634,1.776506,18.604451,1.790517,0.034976,0.028804,0.041029,0.034539,0.047808,0.228555,-0.010549,-0.002245,-0.010549,0.020805,-0.010549,-0.03868,0.005684,0,0,0,0,0,0,0,0,0,0,0,0,0,0,0,0,0,0,0,0,0,0,0.139045,0.139045,0,0,0,0,0,0,0.372887382,0.372887382,0,0,0,0,0,0,0,0,0,0,0,0,0,0,0,0,0,18,17.66666667,17.5,17.37708333,17.83333333,17.27777778,17.40972222,17.73611111,17.40046296,1.247154615,1.243038049,1.239976884,1.251232527,1.237487884,1.240791842,1.248858401,1.240560803,17,17,17,17,17,17,17,17,1.171295934,0.976991394,1.082581633,1.315502102,0.65704357,-3.200536424,-3.718443854,-4.253297376,-4.207582319,-2.873775206
40771.38958,0.991226076,9.8,228,106.8,0.103803721,1.27,23.8,618.3,19.536272,19.167754,18.23584,0.698359,0.57672,18.440419,20.237417,2.267108,19.749464,2.186083,18.97847,2.168284,18.917185,2.022941,0.064063,0.292434,0.259406,0.278839,0.235967,0.146068,-0.023871,0.000449,-0.023871,0.034619,-0.023871,-0.023871,0.025541,0,0,0,0,0,0,0,0,0,0,0,0,0,0,0,0,0,0,0,0,0,0,0,0.139045,0,0,0,0,0,0,0,0.372887382,0,0,0,0,0,0,0,0,0,0,0,0,0,0,0,0,0,18,18,17.84027778,17.39513889,18,17.51388889,17.40104167,17.91666667,17.43865741,1.255272505,1.251401612,1.240427901,1.255272505,1.24338259,1.240575247,1.253257214,1.241513046,18,17,17,18,17,17,17,17,-0.19498294,-0.510032289,-0.391626653,-0.457051448,-0.757396024,-4.684125216,-4.562721106,-4.367052772,-4.084483405,-2.754069612
40772.44792,0.857332496,7.2,229,104,0.089905111,1.23,22.8,544.8,19.400354,19.105325,18.718764,0.335982,0.371073,18.54568,19.562669,1.37424,19.91846,1.908723,19.729078,1.945634,19.010799,1.966418,0.009385,0.012088,0.087756,0.287245,0.263682,0.249799,0.028753,-0.002335,0.028753,0.028753,0.028753,-0.032427,-0.027336,0,0,0,0,5.795702,5.795702,5.795702,5.795702,0,0,0,0,2.407426427,2.407426427,2.407426427,2.407426427,0,0,0,0,7.513787,7.513787,7.513787,7.652832,0,0,0,0,2.741128782,2.741128782,2.741128782,2.766375246,0,0,0,0,0.21,0.21,0.21,0.21,0,0,0,0,0.458257569,0.458257569,0.458257569,0.458257569,0,21,18,18.28472222,17.54097222,18,18,17.75694444,18,17.60069444,1.255272505,1.262088367,1.244053661,1.255272505,1.255272505,1.249368236,1.255272505,1.245529803,18,18,17,18,17,17,18,17,4.788014307,4.589740218,3.576249735,2.667056571,1.2599395,-3.077197746,-3.169541632,-3.706371924,-4.077269277,-4.66713361
40773.51389,0.612783857,4.1,230,104.2,0.149219113,1.41,24,580.5,20.996555,20.764074,19.295017,1.166594,0.993697,18.754218,19.431302,1.212158,19.439353,1.243055,19.708647,1.680682,19.222469,1.893531,0.021651,0.010826,0.003609,0.001804,0.002473,0.131758,0.027851,-0.005519,0.027851,0.027851,0.027851,-0.027677,-0.048156,0,0,0,0,0,5.795702,5.795702,5.795702,0,0,0,0,0,2.407426427,2.407426427,2.407426427,0,0,0,0,0,7.513787,7.513787,7.513787,0,0,0,0,0,2.741128782,2.741128782,2.741128782,0,0,0,0,0,0.21,0.21,0.21,0,0,0,0,0,0.458257569,0.458257569,0.458257569,-1,18,17,17.34722222,17.525,17,17.27083333,17.640625,17.23611111,17.60416667,1.230448921,1.239229942,1.243658027,1.230448921,1.237313293,1.246513968,1.236439285,1.245615472,17,17,17,17,17,17,17,17,2.165482628,1.781340835,1.597849203,2.105653518,2.883407994,-4.222101194,-3.893781485,-4.689340942,-5.360246402,-5.15805902
40778.39931,1.439332694,27.5,235,102.5,-0.468521083,0.34,19.4,546.2,18.703558,18.695912,18.402989,0.297633,0.36325,18.342581,18.974032,1.146347,18.112801,1.973869,18.004737,2.118147,18.491887,2.152967,0.138841,0.087643,0.143196,0.071598,0.098678,0.118319,-0.013802,-0.001876,-0.013802,0.029657,-0.013802,-0.033333,0.013392,0.497967,0.497967,0.497967,0.497967,0.497967,0.553154,0.849964,4.734032,0.705667769,0.705667769,0.705667769,0.705667769,0.705667769,0.743743235,0.921934922,2.175783077,0.376998,0.376998,0.376998,0.376998,0.376998,0.409549,1.056678,5.876266,0.614001629,0.614001629,0.614001629,0.614001629,0.614001629,0.639960155,1.027948442,2.424101071,0,0,0,0,0,0,0,0.06,0,0,0,0,0,0,0,0.244948974,0,18,18,17.64583333,17.34791667,18,17.32291667,17.17534722,17.93055556,17.1875,1.255272505,1.246642173,1.239247327,1.255272505,1.238621016,1.234905526,1.253593746,1.235212711,18,17,17,18,17,17,17,17,-1.138816177,-0.842771012,-0.948004353,-0.738470134,0.062448918,-5.489925095,-5.343631984,-5.367121973,-5.133314556,-4.876331508
40779.46528,2.861534411,727,236,100.9,0.866877814,7.36,21.1,355.9,19.311487,19.175258,19.193776,0.206081,0.561359,19.520792,19.328364,0.840823,19.23983,0.97738,18.596848,1.768932,18.353721,2.013944,0.126088,0.063044,0.021015,0.030794,0.153886,0.108369,-0.014411,-0.002824,-0.014411,0.029556,-0.014411,-0.033574,0.023177,0,0,0,0.166644,5.989808,6.487775,6.542962,6.839772,0,0,0,0.408220529,2.447408425,2.547111109,2.557921422,2.615295777,0,0,0,0.046806,5.382956,5.759954,5.792505,6.464225,0,0,0,0.216346944,2.320119824,2.399990417,2.406762348,2.542484022,0,0,0,0,0.52,0.52,0.52,0.52,0,0,0,0,0.721110255,0.721110255,0.721110255,0.721110255,-1,18,17.83333333,17.95138889,17.44027778,17.75,17.96527778,17.67534722,17.91666667,17.45023148,1.251232527,1.254098055,1.241553398,1.249198357,1.254433937,1.247367954,1.253257214,1.241801192,17,17,17,17,17,17,17,17,8.469279899,7.440115313,6.5783394,3.955024231,2.314403284,-3.389026685,-3.532995732,-3.034665719,-4.660045191,-4.239436831
41058.41736,1.610660163,40.8,150,106.4,0.911690159,8.16,14.1,167.3,9.429252,9.2379895,8.64037563,0.639250543,0.581066333,8.664228358,10.23072843,2.061175454,8.936836381,2.075918748,8.534420485,1.822534357,8.915799731,1.853039536,0.7539989,0.83934265,0.831548865,0.660725473,0.648042231,0.764637316,0.015663696,-0.001767296,0.015663696,0.02816359,0.015663696,-0.036919415,0.020585383,0,0,0,6.62631482,6.62631482,6.83955829,46.10243983,94.67721563,0,0,0,2.574162936,2.574162936,2.615254919,6.789877748,9.730221767,0,0,0,7.141801498,7.141801498,7.640227433,44.71066214,104.384679,0,0,0,2.672414919,2.672414919,2.764096133,6.686603184,10.21688206,0,0,0,0,0.2,0.3,1.4,3.7,0,0,0,0,0.447213595,0.547722558,1.183215957,1.923538406,-9,55,38.8,45.69,82.0604,39.3,41.24,54.281,42.42,66.698,1.588831726,1.659821158,1.91413363,1.59439255,1.615318657,1.73464784,1.627570664,1.824112811,38,37,21,38,35,35,38,28,4.074649,2.9143232,1.38846191,1.317933628,1.349000492,-6.141192,-5.37136505,-4.59796538,-4.63105045,-2.86821386
41059.43056,1.992553518,98.3,151,99.9,1.408239965,25.6,13.5,137.9,7.3996096,7.35997845,6.67162683,0.569584096,0.902093623,7.20809087,8.575362329,1.642456439,9.403045379,2.039145148,8.816345031,1.949670865,8.755631334,1.911267325,0.88264656,0.88196075,0.883915357,0.932222983,0.896662154,0.772352193,0.002604895,0.002011112,0.002604895,0.04898423,0.002604895,-0.05609556,0.033145134,0,0.23277318,2.07266233,2.07266233,3.268490764,9.894805584,10.10804905,49.37093059,0,0.482465729,1.439674383,1.439674383,1.807896779,3.145600989,3.179315815,7.026445089,0,0.14555117,1.46584967,1.521808713,2.443002739,9.584804237,10.08323017,47.15366488,0,0.381511691,1.210722788,1.233616112,1.563010793,3.0959335,3.175410237,6.866852618,0,0,0,0,0,0.2,0.3,1.4,0,0,0,0,0,0.447213595,0.547722558,1.183215957,-1,38,29.2,30.53,54.653,29.4,32.69,36.957,29.79,46.441,1.465382851,1.484726804,1.737614006,1.46834733,1.514414921,1.56769671,1.474070503,1.666901563,29,29,28,29,29,29,29,29,-0.79453844,-0.96698757,-1.820431508,-0.352249321,2.009276848,3.3526612,3.3001811,3.30612497,4.01965271,0.867688708
41060.32639,1.995635195,99,152,127.1,1.865103975,73.3,12.7,205.5,5.1927695,5.00648125,4.89282447,0.17989843,0.998455928,5.50091474,7.0518549,1.879895472,7.933031127,1.939498512,8.682635526,2.255805452,8.298922012,1.895364668,0,0,0,0,0.39613073,0.643597922,0.009888535,-0.003139274,0.009888535,0.026670674,0.009888535,-0.05128003,-0.016782139,0,0,0,0,0.48865748,3.399375064,10.02568988,49.50181489,0,0,0,0,0.699040399,1.843739424,3.166336982,7.035752617,0,0,0,0,0.397269758,2.569721327,9.711522825,47.28038346,0,0,0,0,0.63029339,1.603035036,3.116331629,6.876073259,0,0,0,0,0,0,0.2,1.4,0,0,0,0,0,0,0.447213595,1.183215957,-1,30,27,27.57,52.214,27,28.13,30.918,27.15,34.394,1.431363764,1.440436766,1.717786965,1.431363764,1.449169732,1.490211393,1.433769834,1.536482687,27,27,27,27,27,27,27,27,-1.4461612,-1.0506568,-0.202379752,-0.622679219,-0.967925592,-3.6198361,-4.5815656,-4.93531298,-4.3415847,-0.644866879
41064.40972,0.86923172,7.4,156,123.3,1.588831726,38.8,18.1,377.6,12.762447,11.043696,10.651668,1.405731294,1.15508692,10.44517821,13.50385569,3.634538697,13.04491655,3.60581035,11.87624216,3.714784399,10.39221607,3.841100106,0.95991266,0.96894493,0.931569353,0.886166274,0.506121882,0.296889216,-0.011153976,0.000475086,-0.011153976,0.03461815,-0.011153976,-0.030712128,-0.018566002,0,0,0,0,0,0,0,0.1308843,0,0,0,0,0,0,0,0.361779353,0,0,0,0,0,0,0,0.126718588,0,0,0,0,0,0,0,0.355975544,0,0,0,0,0,0,0,0,0,0,0,0,0,0,0,0,0,23,22,22,24.663,22,22.17,22.667,22,23.204,1.342422681,1.342422681,1.392045903,1.342422681,1.345765693,1.355394045,1.342422681,1.365562857,22,22,22,22,22,22,22,22,1.97631,1.10083165,-0.081043237,-0.084437422,0.444299216,1.81856,-0.67409215,-0.3840624,-0.580972848,-0.279004106
41065.39792,0.301029996,2,157,106.4,1.195899652,15.7,17.2,404.5,7.628153,7.5732194,7.7292948,0.2084726,1.62010972,8.767877483,10.70728766,2.524592037,12.19844801,3.436199777,12.22975178,3.478166841,11.0206445,3.61413298,0.88264495,0.869306655,0.653574284,0.406875871,0.534784781,0.45947761,0.010253037,0.003208313,0.010253037,0.033134595,0.010253037,-0.03095595,-0.019206276,0,0,0,0.030814214,1.039813314,1.039813314,1.039813314,1.039813314,0,0,0,0.175539779,1.019712368,1.019712368,1.019712368,1.019712368,0,0,0,0.000916,0.296169435,0.296169435,0.296169435,0.296169435,0,0,0,0.030265492,0.544214512,0.544214512,0.544214512,0.544214512,0,0,0,0,0.1,0.1,0.1,0.1,0,0,0,0,0.316227766,0.316227766,0.316227766,0.316227766,0,22,22,22,23.494,22,22,22.092,22,22.454,1.342422681,1.342422681,1.370956964,1.342422681,1.342422681,1.344235035,1.342422681,1.351293718,22,22,22,22,22,22,22,22,-0.933504,-0.29210771,-0.50958348,-0.631265903,-0.433341767,-3.07535,-3.14116,-3.11558307,-1.51439386,0.2639238
41066.4875,0,1,158,97.8,1.155336037,14.3,20.7,352.6,12.6453,12.460346,11.580069,1.883338112,2.049096255,10.0239008,10.8624697,2.216322371,10.68317321,2.422531482,11.55556755,3.018561847,11.47925107,3.354665085,0.8197295,0.83812075,0.510825686,0.331231853,0.176081646,0.305381282,0.008570554,0.001839885,0.008570554,0.042846564,0.008570554,-0.0358057,-0.005019717,0,0,0,0,0,1.039813314,1.039813314,1.039813314,0,0,0,0,0,1.019712368,1.019712368,1.019712368,0,0,0,0,0,0.296169435,0.296169435,0.296169435,0,0,0,0,0,0.544214512,0.544214512,0.544214512,0,0,0,0,0,0.1,0.1,0.1,0,0,0,0,0,0.316227766,0.316227766,0.316227766,0,22,22,22,22.676,22,22,22,22,22.034,1.342422681,1.342422681,1.355566448,1.342422681,1.342422681,1.342422681,1.342422681,1.343093345,22,22,22,22,22,22,22,22,-2.037041,0.009703,-0.136627684,-0.014265355,0.045889039,-1.959079,-0.8245689,-0.66989925,-1.62758645,-0.072792383
41067.38125,0,1,159,109.2,1.071882007,11.8,19.5,480.1,14.520225,13.687203,10.822822,2.08960035,1.619362224,10.1789977,12.40605762,2.639137013,11.61469984,2.610597413,11.33257239,2.650146283,12.05355941,3.202394924,0,0.10788354,0.036161968,0.019865358,0.219362673,0.1697409,-0.005674856,0.000883945,-0.005674856,0.038249273,-0.005674856,-0.032703947,-0.000306672,0,0,0,2.7817801,2.791186579,2.791186579,3.830999893,3.830999893,0,0,0,1.667866931,1.670684464,1.670684464,1.957294023,1.957294023,0,0,0,2.44184325,2.497562401,2.497562401,2.793731836,2.793731836,0,0,0,1.562639834,1.580367806,1.580367806,1.671446031,1.671446031,0,0,0,0,0,0,0.1,0.1,0,0,0,0,0,0,0.316227766,0.316227766,0,22,22,22,22.279,22,22,22,22,22,1.342422681,1.342422681,1.347895693,1.342422681,1.342422681,1.342422681,1.342422681,1.342422681,22,22,22,22,22,22,22,22,-0.1049658,-0.2287178,-0.36299052,-0.532839257,-0.084041559,1.043202,1.330969,-1.5066715,-1.9670481,-0.187267789
41071.38472,1.130333768,13.5,163,105.4,0.930439595,8.52,18.4,561.5,14.047528,14.238362,13.897949,0.337301499,1.359229235,14.8254073,16.171534,1.711470035,15.860127,2.074134979,15.41557653,2.050780643,14.64161513,2.543850714,0.05695219,0.2813249,0.412980502,0.415600175,0.247788516,0.125159694,0.005479031,-0.000438609,0.005479031,0.028376669,0.005479031,-0.019967113,0.012541099,0.002942152,0.002942152,0.868517352,0.868517352,0.868517352,0.868517352,5.529571212,10.60315809,0.054241608,0.054241608,0.931942784,0.931942784,0.931942784,0.931942784,2.351504032,3.256249083,0,0,0.86223147,0.86223147,0.86223147,0.86223147,5.2253686,10.23039941,0,0,0.928564198,0.928564198,0.928564198,0.928564198,2.285906516,3.198499556,0,0,0,0,0,0,0,0.4,0,0,0,0,0,0,0,0.632455532,0,23,22,22.02,22.332,22,22.01,22.036,22,22.454,1.342422681,1.342817315,1.348927619,1.342422681,1.342620043,1.343132764,1.342422681,1.351293718,22,22,21,22,22,22,22,22,-0.59027577,-0.551067235,0.420269808,-0.338837085,-1.600954259,-4.5056365,-4.4706612,-4.63197963,-5.05316488,-5.374356933
41072.39514,2.911902996,816.4,164,103.7,1.537819095,34.5,15.7,594.3,10.023242,9.945177,9.9528292,0.186906577,0.690809655,10.5403905,12.89113798,2.541354057,14.53133599,2.717361693,14.87046397,2.641915297,14.7386312,2.444124009,0.73352516,0.534736145,0.461078912,0.662487917,0.522821074,0.385304795,0.021843562,-0.007086309,0.021843562,0.021843562,0.021843562,-0.029315969,0.04566107,0,0,0,0,0,0.868517352,0.868517352,7.811971512,0,0,0,0,0,0.931942784,0.931942784,2.794990431,0,0,0,0,0,0.86223147,0.86223147,7.73283701,0,0,0,0,0,0.928564198,0.928564198,2.780797909,0,0,0,0,0,0,0,0.4,0,0,0,0,0,0,0,0.632455532,0,22,22,22,22.332,22,22,22.005,22,22.021,1.342422681,1.342422681,1.348927619,1.342422681,1.342422681,1.342521373,1.342422681,1.342837037,22,22,21,22,22,22,22,22,6.7210398,7.2602569,7.4016188,7.04126182,5.095681376,3.0038911,2.1854746,0.1059582,-1.4893521,-3.48223331
41073.37014,0.477121255,3,165,106.8,0.931457871,8.54,17.4,623.4,11.172436,10.712656,9.88122175,0.666855693,0.606866189,10.13015721,11.54841869,2.080854399,12.30361762,2.40977046,13.61478489,2.868123673,14.15848618,2.681698114,0.022153929,0.021921534,0.02502174,0.014356114,0.13023783,0.312434181,-0.008110064,0.000982641,-0.008110064,0.035491258,-0.008110064,-0.041216437,-0.029953626,0,0,0,0,0,0.002942152,0.868517352,5.529571212,0,0,0,0,0,0.054241608,0.931942784,2.351504032,0,0,0,0,0,0,0.86223147,5.2253686,0,0,0,0,0,0,0.928564198,2.285906516,0,0,0,0,0,0,0,0,0,0,0,0,0,0,0,0,0,22,22,22,22.29,22,22,21.998,22,22.002,1.342422681,1.342422681,1.348110068,1.342422681,1.342422681,1.342383198,1.342422681,1.34246216,22,22,21,22,21,21,22,21,-0.29913205,-0.44448898,0.018487601,0.089328769,1.784818758,-4.4035132,-4.7802026,-5.30546425,-5.14391046,-2.109595761
41074.37847,0.301029996,2,166,102.4,0.764176132,5.81,14.5,606,12.698915,12.796532,12.556328,0.219645776,0.459425276,12.7583496,13.3369476,0.839771861,12.49827492,1.787048881,12.62922927,2.077535568,13.92158835,2.610707711,0.8234425,0.77902942,0.586940897,0.581339044,0.3876788,0.244118066,0.018637633,0.003796654,0.018637633,0.03608629,0.018637633,-0.042622894,0.03177066,0,0,0.110122286,0.196101268,0.196101268,0.196101268,0.196101268,1.06461862,0,0,0.331846781,0.442833228,0.442833228,0.442833228,0.442833228,1.031803576,0,0,0.11369616,0.188182983,0.188182983,0.188182983,0.188182983,1.050414453,0,0,0.337188612,0.433800626,0.433800626,0.433800626,0.433800626,1.024897289,0,0,0,0,0,0,0,0,0,0,0,0,0,0,0,0,0,22,22,22,22.014,22,22,21.997,22,21.998,1.342422681,1.342422681,1.342698962,1.342422681,1.342422681,1.342363455,1.342422681,1.342383198,22,22,21,22,21,21,22,21,-1.834486,-2.199675,-2.56698848,-1.95166415,-1.631544083,-4.766032,-4.438628,-3.56012268,-2.96205225,-3.40600946
41078.36806,2.937718444,866.4,170,102.9,0.71432976,5.18,16.9,265.5,14.105824,13.93194,12.794847,0.834320829,0.771413995,12.9173946,14.0370066,1.502230389,13.40186384,1.468704393,14.0887617,2.560600343,13.52624426,2.199490731,0.540398,0.55943665,0.5089788,0.670924334,0.40253494,0.378845333,0.055718537,0.000412477,0.055718537,0.055718537,0.055718537,-0.041313853,0.036015747,0,2.170815,19.64529203,19.64529203,19.64529203,27.51742502,27.51742502,54.13725715,0,1.473368589,4.432300986,4.432300986,4.432300986,5.245705388,5.245705388,7.357802467,0,1.5889128,19.5409688,19.5409688,19.5409688,26.41629333,26.41629333,54.65226794,0,1.260520845,4.420516802,4.420516802,4.420516802,5.13967833,5.13967833,7.392717223,0,0,0,1.1,1.1,1.4,1.4,2.3,0,0,0,1.048808848,1.048808848,1.183215957,1.183215957,1.516575089,-13,92,56.5,54.75,27.393,60.21,39.344,31.847,74.32,29.278,1.752048448,1.738384124,1.437639598,1.779668627,1.594878511,1.503068528,1.871105701,1.466541406,54,23,21,54,23,23,54,23,-0.297409,-0.5650431,-1.383513,-1.49184566,0.075744008,-3.52134,-4.362188,-4.38436837,-3.135205452,-4.026920897
41079.36667,1.334453751,21.6,171,100,0.625312451,4.22,16.8,295.9,11.533715,12.243802,12.710751,0.542021203,0.712598075,13.2487586,14.728925,1.820614394,14.3829658,1.704509964,13.84421755,1.712978182,13.8047003,2.358840093,0.8360105,0.81353637,0.357487348,0.178743674,0.16593215,0.284233545,0.012764546,0.001044282,0.012764546,0.05522518,0.012764546,-0.06333237,0.012242261,0,0,0,0,0,19.64529203,27.51742502,53.94115588,0,0,0,0,0,4.432300986,5.245705388,7.344464302,0,0,0,0,0,19.5409688,26.41629333,54.46408496,0,0,0,0,0,4.420516802,5.13967833,7.379978656,0.1,0.2,0.2,0.2,0.2,1.3,1.6,2.5,0.316227766,0.447213595,0.447213595,0.447213595,0.447213595,1.140175425,1.264911064,1.58113883,1,54,29.5,29.67,30.001,28.8,35.149,37.194,28.5,32.912,1.469822016,1.472317546,1.477135731,1.459392488,1.545912974,1.570472887,1.45484486,1.517354274,29,28,22,28,28,23,28,23,-3.767478,-1.2944308,0.112240019,0.406789747,0.402665248,-2.962265,-3.7309786,-4.0032949,-4.05633362,-3.99110565
