dates,logEC,beachEColiValue,jday,beachAirTemp,beachAlgaeNearshore,beachAlgaeOnBeach,beachPeopleInWater,beachPeopleOnBeach,beachSc,beachTotalNoOfBirds,LOGbeachTurbidityBeach,beachTurbidityBeachLog,beachWaterTemp,beachWaveHeightManual,beachWindSpeed,tribNorthFishCreekAtHwy2TribSc,tribNorthFishCreekAtHwy2WaterElevation,tribSouthFishCreekAtHwy137TribSc,tribSouthFishCreekAtHwy137WaterElevation,tribWhittleseyCreekAtHwy1304026321TribDischarge,tribWhittleseyCreekAtHwy1304026321TribSc,tribBayCityCreekAtHwy204026368TribSc,tribBayCityCreekAtHwy204026368WaterElevation,MeairTemperatureCover1hrX3Y12,StDevAirTemperatureCover2hrX3Y12,MeairTemperatureCover2hrX3Y12,MeairTemperatureCover6hrX3Y12,StDevAirTemperatureCover6hrX3Y12,StDevAirTemperatureCover12hrX3Y12,MeairTemperatureCover12hrX3Y12,MeairTemperatureCover24hrX3Y12,StDevAirTemperatureCover24hrX3Y12,MeairTemperatureCover48hrX3Y12,StDevAirTemperatureCover48hrX3Y12,MeairTemperatureCover72hrX3Y12,StDevAirTemperatureCover72hrX3Y12,MeairTemperatureCover120hrX3Y12,StDevAirTemperatureCover120hrX3Y12,MeairTemperatureCover144hrX3Y12,StDevAirTemperatureCover144hrX3Y12,MeairTemperatureCover336hrX3Y12,StDevAirTemperatureCover336hrX3Y12,MeairTemperatureCover504hrX3Y12,StDevAirTemperatureCover504hrX3Y12,MeairTemperatureCover672hrX3Y12,StDevAirTemperatureCover672hrX3Y12,MeanCloudCoverover1hrX3Y12,MeanCloudCoverover2hrX3Y12,MeanCloudCoverover6hrX3Y12,MeanCloudCoverover12hrX3Y12,MeanCloudCoverover24hrX3Y12,MeanCloudCoverover48hrX3Y12,MeanHeightAboveModelSeaLevelmover1hrX3Y12,MeanHeightAboveModelSeaLevelmover24hrX3Y12,MaxHeightAboveModelSeaLevelmover1hrX3Y12,MaxHeightAboveModelSeaLevelmover24hrX3Y12,MinHeightAboveModelSeaLevelmover1hrX3Y12,MinHeightAboveModelSeaLevelmover24hrX3Y12,DiffHeightAboveModelSeaLevelmover24hrX3Y12,uploadkreherAREA169798E7Sumover1hrGeographicalMeankgm2,uploadkreherAREA169798E7Sumover2hrGeographicalMeankgm2,uploadkreherAREA169798E7Sumover6hrGeographicalMeankgm2,uploadkreherAREA169798E7Sumover12hrGeographicalMeankgm2,uploadkreherAREA169798E7Sumover24hrGeographicalMeankgm2,uploadkreherAREA169798E7Sumover48hrGeographicalMeankgm2,uploadkreherAREA169798E7Sumover72hrGeographicalMeankgm2,uploadkreherAREA169798E7Sumover120hrGeographicalMeankgm2,uploadkreherAREA169798E7Sumover144hrGeographicalMeankgm2,uploadkreherAREA169798E7Sumover336hrGeographicalMeankgm2,uploadkreherAREA169798E7Sumover504hrGeographicalMeankgm2,uploadkreherAREA169798E7Sumover672hrGeographicalMeankgm2,uploadmaslowskiId0Sumover1hrGeographicalMeankgm2,uploadmaslowskiId0Sumover2hrGeographicalMeankgm2,uploadmaslowskiId0Sumover6hrGeographicalMeankgm2,uploadmaslowskiId0Sumover12hrGeographicalMeankgm2,uploadmaslowskiId0Sumover24hrGeographicalMeankgm2,uploadmaslowskiId0Sumover48hrGeographicalMeankgm2,uploadmaslowskiId0Sumover72hrGeographicalMeankgm2,uploadmaslowskiId0Sumover120hrGeographicalMeankgm2,uploadmaslowskiId0Sumover144hrGeographicalMeankgm2,uploadmaslowskiId0Sumover336hrGeographicalMeankgm2,uploadmaslowskiId0Sumover504hrGeographicalMeankgm2,uploadmaslowskiId0Sumover672hrGeographicalMeankgm2,WCrainsum1,WCrainsum2,WCrainsum6,WCrainsum12,WCrainsum24,WCrainsum48,WCrainsum72,WCrainsum120,WCrainsum144,WCrainsum336,WCrainsum504,WCrainsum672,THrainsum1,THrainsum2,THrainsum6,THrainsum12,THrainsum24,THrainsum48,THrainsum72,THrainsum120,THrainsum144,THrainsum336,THrainsum504,THrainsum672,ASXrainsum1,ASXrainsum2,ASXrainsum6,ASXrainsum12,ASXrainsum24,ASXrainsum48,ASXrainsum72,ASXrainsum120,ASXrainsum144,ASXrainsum336,ASXrainsum504,ASXrainsum672,ASXwndperpmean1,ASXwndperpmean2,ASXwndperpmean6,ASXwndperpmean12,ASXwndperpmean24,ASXwndparlmean1,ASXwndparlmean2,ASXwndparlmean6,ASXwndparlmean12,ASXwndparlmean24,WCQmean1,WCQmax1,WCQmin1,WCQmean2,WCQmax2,WCQmin2,WCQmean6,WCQmax6,WCQmin6,WCQmean12,WCQmax12,WCQmin12,WCQmean24,WCQmax24,WCQmin24,WCQmean48,WCQmax48,WCQmin48,WCQmean72,WCQmax72,WCQmin72,WCQmean120,WCQmax120,WCQmin120,WCQmean144,WCQmax144,WCQmin144,WCQmean336,WCQmax336,WCQmin336,WCQmean504,WCQmax504,WCQmin504,WCQmean672,WCQmax672,WCQmin672,WCQdifference6,WCQmaxdiff24,WCQmaxdiff48,WCQmaxdiff72,WCQmaxdiff120,WCQmaxdiff144,WCQmaxdiff336,WCQmaxdiff504,WCQmaxdiff672,wndperp_mean1,wndperp_mean2,wndperp_mean6,wndperp_mean12,wndperp_mean24,wndparl_mean1,wndparl_mean2,wndparl_mean6,wndparl_mean12,wndparl_mean24
6/9/2010 12:03,1.474216264,29.8,160,19.1,1,1,0,25,97.7,11,0.912753304,8.18,18.9,1,9,145.7,15.6,244.7,2.5,23,98,328.5,19.08,14.061243,1.308514,12.752728,11.867312,1.002815,1.081552,11.062289,10.580624,0.928647,11.736595,2.675394,11.211042,2.788998,11.068251,2.468332,11.431061,2.716837,11.989819,2.918383,11.898152,3.006469,11.032503,3.401776,0.75383,0.80641,0.600527,0.568443,0.753347,0.435622,0.010262,0.001356,0.010262,0.048669,0.010262,-0.038224,-0.017542,0,0,0,0,21.092836,26.980728,26.980728,30.536978,53.419891,58.296178,72.54193,106.528626,0,0,0,0,20.818062,25.448811,25.448811,27.637567,47.50202,52.256991,66.024217,100.857604,0,0,0.01,0.01,0.98,1.1,1.1,1.21,1.97,2.1,3.28,4.64,0,0,0,0.01,0.92,0.99,0.99,1.11,1.87,2,2,2,0,0,0,0,0.81,1.02,1.02,1.195,2.045,2.245,2.495,3.605,4.980523943,2.961190868,3.596137514,0.717194264,-0.552273361,7.496291166,11.23334605,12.63050672,10.03900225,5.388712606,23.25,24,23,23.625,24,23,24.625,26,23,24.47916667,27,23,23.76041667,27,18,20.39236111,27,17,19.30324074,27,17,18.97152778,27,17,18.87152778,27,17,18.15798611,27,17,18.1901455,30,17,19.16480655,53,17,-3,9,10,10,10,10,10,13,36,6.021145551,6.293747178,4.770628264,3.050595386,0.110988844,-3.279551644,-3.156410792,-4.603159858,-4.60916813,-3.81964014
6/10/2010 11:04,0.612783857,4.1,161,16.4,1,1,0,0,102.6,2,0.100370545,1.26,19.4,0.25,3.8,134.6,15.3,267.7,2.33,18,99.3,353.6,19,12.903536,0.014304,12.91784,11.577908,1.684876,1.677951,10.452029,11.885819,2.103101,11.159281,1.705093,11.815068,2.537806,11.087419,2.459155,11.185144,2.418721,11.922874,2.873083,11.801722,2.852169,11.195999,3.33624,0.229597,0.213851,0.366945,0.220419,0.429972,0.588983,0.020441,-0.000042,0.020441,0.063869,0.020441,-0.048607,-0.010179,0,0,0,0,0.403148,23.337683,27.383876,30.940125,31.111838,58.699326,72.945078,83.445565,0,0,0,0,1.24639,23.337762,26.695201,28.877853,28.973445,53.50338,67.270606,78.284405,0,0,0,0,0,1.01,1.1,1.21,1.23,2.1,3.28,3.84,0,0,0,0,0,0.99,0.99,1.1,1.14,2,2,2,0,0,0,0,0.02,0.88,1.04,1.205,1.215,2.265,2.515,2.795,7.496291166,6.282747098,3.010611762,2.277101076,4.591693167,-4.980523943,-4.903930375,-2.034992491,0.941746276,4.470502542,19,19,19,19,19,19,19,19,19,19.22916667,20,19,20.40277778,24,19,21.96354167,27,17,20.30902778,27,17,19.21875,27,17,19.21875,27,17,18.3139881,27,17,18.29414683,30,17,19.22681052,53,17,0,5,10,10,10,10,10,13,36,-0.487861021,-0.127871637,0.129255964,1.231762474,3.301946654,3.062622472,2.688766202,0.041252341,-1.718536105,-1.555062269
6/11/2010 11:16,2.991403303,980.4,162,14.2,1,1,0,0,89.2,6,1.130333768,13.5,15.5,0.25,3.2,122.3,17.1,158.8,3.67,54,88.3,154.6,19.25,11.537662,0.108787,11.428876,11.173369,0.697988,0.881897,10.448212,11.06831,1.169063,11.477065,1.749843,11.128958,1.547784,11.296736,2.417904,11.084235,2.295076,11.717736,2.592585,11.935575,2.718896,11.384138,3.177675,1,0.985271,0.975458,0.959462,0.802127,0.61605,0.03691,0.005917,0.03691,0.065574,0.03691,-0.057125,-0.014084,4.914576,13.626701,21.691269,21.691269,21.691269,22.094417,45.028952,49.075145,52.631395,80.390595,94.146049,95.530772,3.792149,10.967245,18.692551,18.692551,18.692551,19.938941,42.030314,45.387752,47.570405,72.195931,85.348333,88.056594,0.14,0.46,0.99,0.99,0.99,0.99,1.98,2.09,2.2,3.09,4.27,4.27,0.45,0.75,0.79,0.79,0.79,0.79,1.78,1.78,1.89,2.78,2.79,2.79,0.12,0.33,1.06,1.06,1.06,1.08,1.94,2.1,2.265,3.325,3.575,3.575,1.00322039,0.947485924,-0.11219775,0.393707068,1.757542159,-8.943911272,-8.447027313,-7.102977807,-4.585819636,-5.699729361,30.75,34,28,26.83333333,34,20,21.09722222,34,18,19.54861111,34,18,18.78472222,34,18,19.56770833,34,18,20.90972222,34,17,19.37708333,34,17,19.14756944,34,17,18.38814484,34,17,18.33184524,34,17,18.62264385,34,17,16,16,16,17,17,17,17,17,17,-3.180365541,-3.288671435,-2.925683954,-2.962004903,-2.644472072,3.76639889,3.637049795,2.396206904,1.668824486,2.639891219
6/12/2010 14:57,0.491361694,3.1,163,13.9,1,1,0,20,187.2,12,0.012837225,1.03,17.1,0.25,6,163.8,16.3,188.5,4.5,37,125.7,201.2,19.5,10.858103,0.082153,10.940256,10.469335,0.509981,0.583021,10.022975,10.063843,0.69532,10.493901,1.003437,10.925264,1.557881,11.189337,2.014139,11.088236,2.274819,11.627456,2.519994,11.950002,2.687077,11.49915,3.042099,0.883943,0.918898,0.963733,0.981866,0.987645,0.93567,-0.050746,0.007614,-0.050746,0.069658,-0.050746,-0.055131,0.020545,0,0,0,0,0.776504,33.080519,33.483666,60.464395,60.464395,91.779845,105.535298,106.920021,0,0,0,0.047442,0.468596,25.199969,26.34539,51.89517,51.89517,78.703349,91.855751,94.564012,0,0,0,0.01,0.08,1.54,1.54,2.64,2.64,3.64,4.82,4.82,0,0,0.01,0.01,0.22,1.63,1.63,2.62,2.62,3.62,3.63,3.63,0,0,0,0,0.03,1.51,1.51,2.55,2.55,3.775,4.025,4.025,-0.439533637,1.781091488,3.463095466,3.995603023,4.654894367,-6.986187099,-7.523796471,-6.309757588,-5.767635038,-6.307629988,33,33,33,33.125,34,33,34.51388889,37,33,37.72222222,47,33,61.32638889,123,33,42.92881944,123,18,35.16782407,123,18,29.39305556,123,17,27.32928241,123,17,21.91865079,123,17,20.66914683,123,17,20.14347718,123,17,-3,90,105,105,106,106,106,106,106,-0.764873409,-0.621207005,-0.41362689,-0.766105691,-1.622080683,3.656189215,3.051733373,2.934186873,3.309278038,4.646040617
6/22/2010 10:08,2.131618664,135.4,173,19.8,1,1,0,9,108.2,2,0.788168371,6.14,19.9,0,1.5,121.3,15.9,136.5,5.1,29,92.6,199.9,19.375,15.172716,0.212928,15.385644,13.746528,1.747581,1.497236,12.918659,13.878007,1.809628,14.649892,2.60456,14.16214,2.43841,14.741989,2.20332,14.572771,2.178128,12.584093,2.488567,12.303256,2.661671,12.401781,2.772248,0.999358,0.994186,0.740256,0.734192,0.744515,0.432722,-0.001971,0.003955,-0.001971,0.043222,-0.001971,-0.03722,-0.00876,0,0,0.166644,0.166644,29.23184,29.23184,29.23184,30.52228,30.52228,93.264747,123.082672,138.658651,0,0,0.046806,0.046806,30.711911,30.711911,30.711911,32.848435,32.848435,86.728043,112.87579,127.344675,0,0,0,0,1.25,1.25,1.25,1.3,1.31,4.02,5.01,6.22,0,0,0,0,0.9,0.9,0.9,0.93,0.93,3.6,4.6,4.61,0,0,0.01,0.01,1.22,1.22,1.22,1.27,1.27,3.87,5.11,5.445,2.749088189,1.374544094,1.527271216,0.763635608,1.671130306,-1.201047098,-0.600523549,-0.667248388,-0.333624194,-1.153106563,29.41666667,30,29,29.79166667,31,29,31.56944444,35,29,36.57638889,52,29,32.60069444,57,18,25.51736111,57,18,23.26041667,57,18,21.58055556,57,18,21.31481481,57,18,25.14558532,123,17,22.67443783,123,17,21.51190476,123,17,-6,39,39,39,39,39,106,106,106,-0.10526073,0.47692635,0.340405174,-0.076280298,-0.002439631,1.635572556,1.193184055,-0.558693043,-1.442829939,-0.02351908
6/23/2010 10:05,1.285557309,19.3,174,22.2,1,1,0,0,110.7,0,0.357934847,2.28,20.8,0.0416,3.2,122.4,15.5,140.6,3.35,21,100.9,222.7,19.417,17.568483,1.772557,15.795926,14.563231,1.37565,1.079792,14.303807,15.16023,1.527438,14.519118,1.793024,14.820004,2.314747,14.687334,2.264981,14.811696,2.111552,12.92281,2.522221,12.441329,2.691842,12.469021,2.777615,0.307012,0.541172,0.682089,0.483831,0.332155,0.538335,-0.041306,-0.000205,-0.041306,0.031129,-0.041306,-0.041306,0.009458,0,0,0.00221,0.00221,1.688728,30.920568,30.920568,30.920568,32.211008,68.300817,121.720708,126.596995,0,0,0.062244,0.273165,4.54159,35.253501,35.253501,35.253501,37.390025,66.485032,113.987052,118.742022,0,0,0,0,0,1.25,1.25,1.25,1.3,2.94,4.91,5.04,0,0,0,0.01,0.01,0.91,0.91,0.91,0.94,2.62,4.49,4.62,0.01,0.01,0.01,0.01,0.125,1.345,1.345,1.345,1.395,3.075,5.12,5.32,1.645994792,0.544325065,-2.166338347,-0.927027577,1.146042324,6.803727004,5.8862833,4.070795802,2.455557313,1.011026337,21,21,21,21.08333333,22,21,21.625,22,21,22.15972222,24,21,24.12152778,29,21,28.34375,57,18,25.04050926,57,18,22.57291667,57,18,21.99826389,57,18,25.20610119,123,18,22.99074074,123,17,21.66530258,123,17,-1,8,39,39,39,39,105,106,106,1.604354414,0.720721353,0.2757526,0.35148165,0.128462603,-1.342865765,-3.011663239,-3.636557587,-2.41859296,-0.501232974
7/5/2010 10:28,1.127104798,13.4,186,24.3,1,1,1,2,87.2,0,-1,0.1,18.8,0,2.8,137.1,15.3,258.8,2.2,18,106.1,391.2,18.875,21.029877,0.519878,20.509999,18.656275,1.521832,1.219668,18.188126,18.483143,0.995694,18.693866,1.084465,18.257283,1.344855,17.042565,2.176182,16.426671,2.592966,15.53393,2.371805,14.953964,2.535542,14.038041,2.894071,0.419279,0.467132,0.390574,0.403155,0.38556,0.290977,0.032944,0.001437,0.032944,0.032944,0.032944,-0.027866,-0.011898,0,0,0,0,0.662013,0.662013,0.662013,0.907593,0.907593,72.951321,75.355613,137.312298,0,0,0,0,0.725375,0.814945,0.814945,0.904067,0.904067,82.840425,86.275151,139.520768,0,0,0,0,0.01,0.02,0.02,0.02,0.02,2.05,2.14,4.84,0,0,0,0,0.05,0.05,0.05,0.05,0.05,1.6,1.64,4.3,0,0,0,0,0.03,0.035,0.035,0.04,0.04,3.085,3.21,5.835,0,2.082303102,0.916418624,0.358750931,0.406666288,0,-1.383478873,-0.909015504,0.821637893,3.225752541,18.58333333,19,18,18.625,19,18,18.59722222,19,18,18.33333333,19,18,18.32986111,19,18,18.20833333,19,18,18.26736111,19,18,18.44166667,19,18,18.43460648,19,18,21.69593254,57,18,21.0474537,57,18,22.86458333,123,17,0,1,1,1,1,1,39,39,106,0.430154684,0.22282755,0.022510731,0.022110822,0.680093818,1.328691084,1.383909794,-0.5694451,-1.90822662,-2.682728425
7/6/2010 10:25,1.588831726,38.8,187,25.2,1,1,2,2,95.7,0,0,0,19.9,0,0,134.7,15.3,253.4,2.35,18,103.7,348.1,19,17.447847,0.17372,17.274127,17.082079,0.68085,0.529596,16.954172,18.342182,1.835382,18.412663,1.478169,18.576638,1.390829,17.84551,1.70266,17.259168,2.177727,15.852799,2.428565,15.313416,2.480682,14.218446,2.952382,0.542397,0.628565,0.640913,0.706455,0.460799,0.423179,0.01645,0.002094,0.01645,0.027957,0.01645,-0.020129,-0.006812,0,0,1.307642,4.667362,11.799853,12.461866,12.461866,12.461866,12.707447,55.519335,86.208258,148.784082,0,0,1.012641,5.675817,15.170677,15.896053,15.985622,15.985622,16.074745,67.299192,100.462818,154.027235,0,0,0.03,0.2,0.4,0.41,0.42,0.42,0.42,1.2,2.52,5.19,0,0,0.1,0.19,0.2,0.25,0.25,0.25,0.25,0.9,1.83,4.5,0,0,0,0.2,0.65,0.68,0.685,0.685,0.69,2.515,3.815,6.385,0,0,-0.395936295,-0.481045524,1.919693543,0,0,1.189531576,0.712965072,-1.181371687,19,19,19,19,19,19,19.26388889,20,19,19.08333333,20,18,18.74652778,20,18,18.53819444,20,18,18.38773148,20,18,18.43819444,20,18,18.49305556,20,18,20.69915675,38,18,20.89335317,57,18,22.92683532,123,17,0,2,2,2,2,2,20,39,106,1.220405016,-0.801700643,0.93822251,0.555993334,0.096701824,2.238531278,0.542257188,-0.165174738,-0.867762106,0.911668009
7/7/2010 10:11,0,1,188,23.3,1,1,0,2,102.7,0,-0.744727495,0.18,23.3,0.04166,5,167.9,15.3,268.7,2.2,18,139.7,432.1,19,21.139736,0.162015,20.977721,18.058523,2.13041,1.63937,17.535561,19.857647,3.081437,19.099915,2.646904,18.894324,2.255158,18.594336,2.014455,18.180866,2.135588,16.188329,2.721819,15.677784,2.634551,14.55557,3.090445,0,0,0.085182,0.115937,0.181035,0.320917,0.015492,-0.000049,0.015492,0.025023,0.015492,-0.02306,-0.022302,0,0,0,0,0,11.799853,12.461866,12.461866,12.461866,53.830606,86.041614,122.131423,0,0,0,0,0,15.170677,15.896053,15.985622,15.985622,62.757602,100.147627,129.242634,0,0,0,0,0,0.4,0.42,0.42,0.42,1.2,2.51,4.14,0,0,0,0,0,0.2,0.25,0.25,0.25,0.89,1.83,3.51,0,0,0,0.01,0.01,0.66,0.69,0.695,0.695,2.4,3.795,5.475,7.496291166,3.528378765,1.263255981,0.387205654,0.943197121,-4.980523943,-5.983355521,-1.992322436,0.297853264,0.896332868,18.16666667,19,18,18.08333333,19,18,18.02777778,19,18,18.01388889,19,18,18.09375,19,18,18.41840278,20,18,18.38773148,20,18,18.32916667,20,18,18.38078704,20,18,20.27752976,38,18,20.75578704,57,18,22.74107143,123,18,0,1,2,2,2,2,20,39,105,-0.678947838,-0.722019353,-0.043113533,0.252394979,0.681211034,2.243072251,1.77003194,-0.864793671,-2.299168878,-1.206354751
7/12/2010 10:07,2.638688887,435.2,193,21.6,2,2,0,0,102.8,30,-0.602059991,0.25,21.3,0,4.2,142.8,15.3,282.7,2,18,141.8,389.9,18.833,19.34051,0.4968,18.843709,16.758817,1.776227,1.386378,16.473179,17.998504,2.096157,18.875423,1.953902,18.992813,2.217685,18.771455,2.331384,18.952487,2.505168,17.552729,2.821817,16.644387,2.860988,15.931798,3.027663,0.00353,0.001765,0.054805,0.097068,0.246939,0.212467,0.002393,0.002843,0.002393,0.025147,0.002393,-0.011895,-0.007348,0,0,0,0,3.614039,3.643076,3.643076,3.643076,3.643076,16.350522,88.39425,90.798542,0,0,0,0,3.319967,3.419704,3.419704,3.419704,3.419704,19.494448,101.430806,104.865532,0,0,0,0,0.6,0.6,0.6,0.6,0.6,1.02,3.05,3.14,0,0,0,0,0.33,0.33,0.33,0.33,0.33,0.58,2.13,2.17,0,0,0,0,0.02,0.02,0.02,0.02,0.03,0.72,3.765,3.89,7.496291166,4.859733531,2.018911858,3.106605199,2.939367045,-4.980523943,-4.729541372,-0.755241056,0.470038152,2.072470159,18.08333333,19,18,18.20833333,19,18,18.48611111,19,18,18.71527778,19,18,19.44444444,29,18,18.58333333,29,17,18.35069444,29,17,18.18194444,29,17,18.16782407,29,17,18.37872024,29,17,20.54761905,57,17,20.34982639,57,17,-1,11,12,12,12,12,12,40,40,-0.609073817,0.481785482,0.991355856,2.317333862,2.607319428,2.795866015,1.849610088,-1.704120622,-1.402303107,-1.420061792
7/13/2010 10:21,2.04060234,109.8,194,25.7,1,1,0,0,101.3,0,-0.48148606,0.33,20.5,0.08333,4.1,154.6,15.3,296.3,2,18,141,438,18.8,19.905878,0.276772,19.629106,17.204404,2.045098,1.797179,16.155431,17.568924,2.080404,17.783714,2.099313,18.439924,2.089777,18.628397,2.361233,18.571033,2.334877,17.727575,2.7419,16.820144,2.807277,16.173771,2.897235,0,0,0.242011,0.195985,0.104921,0.17593,-0.015134,0.000858,-0.015134,0.02034,-0.015134,-0.015134,0.005731,0,0,0,0,0,3.614039,3.643076,3.643076,3.643076,16.350522,59.16241,89.851333,0,0,0,0,0,3.319967,3.419704,3.419704,3.419704,19.494448,70.718895,103.882521,0,0,0,0,0,0.6,0.6,0.6,0.6,1.02,1.8,3.12,0,0,0,0,0,0.33,0.33,0.33,0.33,0.58,1.23,2.16,0,0,0,0,0,0.02,0.02,0.02,0.02,0.72,2.545,3.845,-1.660174648,-0.124233682,0.223902956,0.111951478,1.281221149,-2.498763722,-3.647666797,-2.117349195,-1.058674598,-2.869733538,18,18,18,18,18,18,18,18,18,18,18,18,18,18,18,18.72222222,29,18,18.38888889,29,17,18.18194444,29,17,18.15162037,29,17,18.3110119,29,17,19.84689153,38,17,20.20560516,57,17,0,0,11,12,12,12,12,21,40,-2.009859674,-1.426098507,-0.859185917,-0.829177768,-1.230393115,3.162533441,2.502313477,-1.085135886,-2.29838477,0.208789862
7/19/2010 10:25,0,1,200,24.9,1,1,0,0,92.4,28,-0.327902142,0.47,21.7,0,0,137.1,15.3,270.5,2.05,18,104.3,325.1,18.875,19.526468,0.026287,19.552755,17.436858,1.57656,1.298582,17.155388,18.689009,2.170615,18.616414,1.986412,18.639789,2.006609,18.624368,1.680547,18.753805,1.653499,18.724918,2.130641,17.896665,2.567018,17.129424,2.76191,0,0,0.051033,0.222213,0.214604,0.237966,-0.004267,0.001931,-0.004267,0.030327,-0.004267,-0.014411,-0.007277,0,0,0,0.786234,0.807343,13.279212,13.279212,25.697168,25.697168,41.140096,42.04769,114.091418,0,0,0,0.438348,0.787799,13.930465,13.930465,28.159431,28.165683,46.756064,47.660131,129.596489,0,0,0,0,0,0.05,0.05,0.63,0.64,1.64,1.66,3.69,0,0,0,0,0,0.18,0.18,0.53,0.53,1.06,1.11,2.66,0,0,0,0,0,0.61,0.61,1.04,1.09,1.77,1.81,4.855,1.660174648,0.830087324,0.041411227,0.155690613,1.02161816,2.498763722,1.249381861,1.215888932,2.73246239,0.226233341,18,18,18,18,18,18,18,18,18,18,18,18,18.13888889,20,18,18.03472222,20,17,17.91087963,20,17,18.25833333,28,17,18.21296296,28,17,18.21577381,29,17,18.31283069,29,17,19.95597718,57,17,0,2,3,3,11,11,12,12,40,1.321118258,0.756294398,0.143445617,0.593061433,0.298330319,0.948269016,-0.120045728,-2.544649502,-2.763603547,-0.505619649
7/20/2010 8:47,2.713658516,517.2,201,20.8,1,1,0,0,95.4,12,0,0,21,0,0,126.7,15.3,263.4,2.1,18,102,257.2,19.3,16.396864,0.130729,16.266135,15.971412,0.467851,0.650819,16.445808,18.619758,2.468597,18.584304,2.330737,18.601174,2.166417,18.642986,1.97932,18.620987,1.834682,18.731182,2.175594,18.037893,2.528945,17.28637,2.719865,0.087733,0.088838,0.136497,0.377699,0.257878,0.267929,-0.009809,0.000344,-0.009809,0.015581,-0.009809,-0.012521,-0.000927,0,0,0,0,0.200285,1.548812,13.479497,14.159499,25.897453,29.540529,42.247975,85.059863,0.005683,0.005683,0.005683,0.005683,0.055334,1.086485,13.985799,14.368078,28.221017,31.64072,47.715465,98.939912,0,0,0,0,0,0,0.05,0.06,0.64,1.24,1.66,2.44,0,0,0,0,0,0.05,0.18,0.19,0.53,0.86,1.11,1.76,0,0,0,0.01,0.01,0.01,0.62,0.66,1.1,1.13,1.82,3.645,-2.498763722,-1.528054192,-0.391780341,-0.364928132,0.334529392,1.660174648,3.314507122,1.590816208,1.523507071,1.589666886,18,18,18,18,18,18,18,18,18,18,18,18,17.93055556,18,17,18.10069444,20,17,18,20,17,17.91388889,20,17,18.2037037,28,17,18.16220238,29,17,18.26802249,29,17,19.45535714,38,17,0,1,3,3,3,11,12,12,21,-0.062674376,0.106845752,-0.697013901,-0.585500426,-0.07617462,-3.698554366,-4.095905827,-3.807560965,-3.725737357,-1.650554231
7/21/2010 9:54,0.934498451,8.6,202,24.4,1,1,0,4,108.8,0,-0.744727495,0.18,21.6,0.42,7.2,122.9,15.3,255.3,2.2,18,99.7,483,18.8,19.633017,0.879504,18.753512,17.791451,0.851064,0.663292,17.526018,18.422237,1.499673,18.462525,2.053828,18.528861,2.093302,18.561475,2.0256,18.598932,1.91451,18.638664,2.03448,18.291003,2.251607,17.408182,2.693341,0,0,0,0.101193,0.23964,0.257678,0.012463,-0.00136,0.012463,0.018195,0.012463,-0.017801,-0.014665,0,0,0,0,1.199243,1.483103,2.290446,14.762315,15.442317,30.823346,43.530793,84.653952,0,0,0,0,0.632772,0.77071,1.558508,14.701175,15.083454,32.356096,48.430841,95.113698,0,0,0,0,0,0,0,0.05,0.06,1.24,1.66,2.44,0,0,0,0,0.03,0.04,0.04,0.22,0.23,0.9,1.15,1.79,0,0,0,0.01,0.075,0.09,0.09,0.7,0.74,1.2,1.9,3.6,8.853831771,8.451384872,4.195050089,1.906193467,0.947572765,6.527607753,6.230898309,6.753733966,6.746594581,2.889824434,18,18,18,18,18,18,18,18,18,18,18,18,18,18,18,17.96527778,18,17,18.03703704,20,17,17.93263889,20,17,17.92824074,20,17,18.15178571,29,17,18.24685847,29,17,19.21589782,38,17,0,0,1,3,3,3,12,12,21,4.509762363,4.303502793,3.594559088,2.523017499,0.937715395,-1.548063068,-2.038023994,-3.681003415,-4.163465241,-1.774453279
7/26/2010 10:16,1.130333768,13.5,207,25.3,1,1,0,5,98.9,0,-0.236572006,0.58,23.1,0,3,121.1,15.3,315.5,2,18,104.6,492,18.79,21.332167,0.44949,20.882676,19.059638,1.464199,1.138417,18.628487,20.793946,3.007563,19.70015,2.672407,19.626699,2.496554,19.489648,2.330987,19.33496,2.243565,18.892972,2.077684,18.883748,2.20153,18.222851,2.566861,0.022307,0.011154,0.05948,0.043158,0.03255,0.13041,0.000589,-0.001234,0.000589,0.028823,0.000589,-0.019399,-0.010781,0,0,0,0,0,0.045077,1.843569,2.137756,3.329071,29.318026,44.760955,45.668548,0,0,0,0,0,0.607788,2.139484,2.246485,2.852126,31.182878,49.773259,50.677326,0,0,0,0,0,0,0,0,0,0.64,1.64,1.66,0,0,0,0,0,0.02,0.06,0.06,0.09,0.63,1.16,1.21,0,0,0.01,0.01,0.01,0.03,0.12,0.12,0.195,1.3,1.98,2.02,-0.780282525,-3.286828708,-1.51207019,-1.271255638,-0.606760624,6.956375434,6.236665892,2.355584405,2.313332457,1.974446162,18,18,18,18,18,18,18,18,18,18,18,18,17.70138889,18,17,17.85069444,18,17,17.83912037,19,17,17.85138889,19,17,17.87615741,19,17,18.03323413,28,17,18.10515873,29,17,18.20572917,29,17,0,1,1,2,2,2,11,12,12,-0.75722586,-0.63131752,-0.057798867,0.30973577,0.401128807,-3.695761788,-3.651311248,-4.143337029,-4.446728091,-2.449591379
8/2/2010 10:00,2.396024897,248.9,214,22,1,1,0,0,99.9,0,-0.065501549,0.86,22.6,0,1,98.7,16.4,111.5,8.8,39,96,204.9,19.56,20.93426,0.360408,20.573852,19.76618,0.798265,0.726505,19.647746,20.677355,1.271176,20.219439,1.443439,20.000313,1.564032,19.964051,1.845177,19.96441,1.734998,19.650433,2.087153,19.295134,2.049677,19.187676,2.159181,0.926206,0.825416,0.478823,0.717144,0.562359,0.381674,-0.012522,-0.000972,-0.012522,0.022755,-0.012522,-0.025052,0.001995,0,0,0.381704,44.252854,44.565492,44.658916,51.631709,51.631709,90.027992,93.648851,119.346018,134.788947,0,0,0.182001,46.726275,47.632331,47.677042,52.656922,52.656922,106.728609,109.745804,137.911487,156.501868,0.22,1.81,1.82,1.82,1.82,1.85,2.05,2.06,3.14,3.14,3.78,4.78,0,0,0.1,1.38,1.38,1.38,2.19,2.19,2.96,3.06,3.59,4.12,0,0,0,1.8,1.83,1.84,2.015,2.015,3.365,3.575,4.665,5.345,1.78025666,0.733152031,1.385016492,1.455231619,-0.702383687,-2.414681392,-3.702407517,-2.200451157,-3.044654194,1.651293809,54.58333333,59,51,58.58333333,66,51,57.30555556,70,47,43.13194444,70,18,30.56597222,70,18,24.28645833,70,18,22.46759259,70,17,20.66041667,70,17,20.81712963,70,17,19.13144841,70,17,18.8151455,70,17,18.67398313,70,17,3,52,52,53,53,53,53,53,53,-0.635225793,-0.37195921,-1.081774503,-1.06792129,-0.083631294,2.412863226,2.247359854,-1.482614323,-1.11143634,-2.895168382
8/3/2010 10:20,1.190331698,15.5,215,27.8,1,1,3,3,103.3,0,-0.585026652,0.26,23.6,0.08,6,103,15.4,122.8,5,20,100.2,259.4,19.17,21.933874,0.385689,21.548184,20.401862,0.916942,0.857543,19.849139,20.908532,1.463138,20.792944,1.375388,20.449136,1.485976,20.200535,1.793737,20.121464,1.821516,19.829607,2.008575,19.454163,2.013402,19.279331,2.16565,0.315054,0.371185,0.248137,0.349375,0.433169,0.497764,-0.017685,-0.000658,-0.017685,0.033192,-0.017685,-0.023959,-0.006274,0,0,0,0,0,44.565492,44.658916,51.631709,51.631709,93.357063,119.346018,122.989094,0,0,0,0,0.007673,47.640004,47.684715,52.664594,52.664594,109.588407,137.919159,141.338863,0,0,0,0,0,1.82,1.85,2.05,2.06,3.14,3.78,4.38,0,0,0,0,0,1.38,1.38,2.19,2.19,3.05,3.59,3.92,0,0,0,0.01,0.01,1.84,1.85,2.025,2.025,3.57,4.675,4.705,-3.105756025,-2.68224384,-1.654446346,-1.218665874,0.742185352,10.55245372,9.113482758,6.44136509,4.420230053,1.25895112,21,21,21,21,21,21,21.13888889,22,21,22.28472222,26,21,27.72569444,49,21,29.36979167,70,18,25.58217593,70,18,22.62638889,70,17,21.91030093,70,17,19.86309524,70,17,19.29960317,70,17,19.01041667,70,17,-1,28,52,52,53,53,53,53,53,1.399388064,1.192429267,0.955795015,0.676280367,0.290304868,-4.735523955,-4.791218053,-4.441442741,-3.827200594,-1.029022648
8/9/2010 10:25,0.924279286,8.4,221,25.9,1,1,0,0,99.4,0,-0.292429824,0.51,24,0,0.9,121.7,15.3,153.2,2.95,18,107.5,378,18.92,21.269537,0.154403,21.115133,20.680104,0.569063,0.655109,20.218774,20.945264,0.972893,20.644988,1.281989,20.178975,1.627317,20.193305,1.669908,20.491697,1.879154,20.325351,1.796594,19.950704,2.04998,19.609162,2.070069,0.840226,0.908991,0.842832,0.816176,0.709985,0.617188,-0.031131,0.001145,-0.031131,0.022148,-0.031131,-0.031131,0.009787,0,0,0,0,0,12.861283,12.861283,12.897413,12.897413,102.925406,106.546264,132.243432,0,0,0,0,0,18.349421,18.349421,18.628696,18.641337,125.377619,128.394814,156.560496,0,0,0,0,0,0.62,0.62,0.85,0.85,3.99,3.99,4.63,0,0,0,0,0,0.36,0.36,0.36,0.38,3.34,3.44,3.97,0,0,0,0,0,0.55,0.55,0.55,0.55,3.925,4.135,5.225,0,-2.172515584,-1.418272895,-0.365939571,0.571093785,0,2.068858631,1.150779168,0.736481086,-1.685587876,18,18,18,18,18,18,18,18,18,18,18,18,18.04513889,19,18,18.40104167,24,17,17.93402778,24,17,17.68055556,24,17,17.79398148,24,17,19.82862103,70,17,19.18039021,70,17,18.93092758,70,17,0,1,7,7,7,7,53,53,53,1.85718564,1.846493718,0.821259351,0.914697239,-0.189596611,-1.973721012,-1.68943015,-0.665668045,-1.239419893,0.802153067
8/17/2010 10:27,1.702430536,50.4,229,20.3,1,1,0,0,93.1,25,1.093421685,12.4,17.1,0.08,1.8,129,15.3,160.4,2.5,18,106,194.6,19.08,16.074667,0.228725,15.845942,15.368437,0.4517,0.824686,15.963655,17.532929,1.777655,17.855619,1.60243,18.923798,2.309901,20.0031,2.650985,20.175061,2.506234,20.597734,2.275377,20.431584,2.122536,20.21367,2.180221,0,0,0.018166,0.018947,0.147203,0.301558,-0.000262,0.001913,-0.000262,0.049121,-0.000262,-0.039743,-0.039482,0,0,0,0,0,1.790146,1.795864,72.011895,72.011895,90.425393,180.453385,183.782456,0,0,0,0,0,1.08942,1.08942,61.089696,61.089696,85.003577,191.739858,194.591984,0,0,0,0,0,0.11,0.11,1.66,1.66,2.75,5.89,5.89,0,0,0,0,0,0.01,0.01,1.48,1.48,1.97,4.93,5.02,0,0,0,0,0,0.01,0.01,1.515,1.525,2.36,5.735,5.93,-2.258731655,-1.202662362,-0.510392819,-0.614557052,2.679430881,7.674511796,6.836360368,7.354004912,6.729281588,8.710260978,19,19,19,19,19,19,19,19,19,19,19,19,19,19,19,19.34375,21,19,21.13888889,34,19,25.72847222,145,17,24.29513889,145,17,20.51364087,145,17,20.9661045,145,17,20.1891121,145,17,0,0,2,15,128,128,128,128,128,4.17554168,5.545374473,5.287188277,4.929200847,5.975117041,-0.795071808,-1.36193438,-3.665928225,-4.510795733,-3.693288932
8/18/2010 16:30,2.304059466,201.4,230,16.2,1,1,0,0,93.2,12,1.136720567,13.7,16.6,0.08,2.4,123.9,15.5,179.6,2.4,22,101.6,210.8,19.14,16.676014,0.098572,16.577442,16.65124,0.599256,0.697842,17.188452,18.048711,1.136363,17.685477,1.47945,17.836258,1.435428,18.918247,2.016462,19.401396,2.288085,20.236082,2.258944,20.302605,2.18851,20.16099,2.181906,0.534705,0.634763,0.727258,0.768343,0.43952,0.240281,-0.00568,0.005578,-0.00568,0.050009,-0.00568,-0.05071,-0.016734,0,1.312404,8.174106,18.532591,18.532591,18.532591,20.322737,66.316128,90.544485,108.957983,160.589693,201.123731,0.004743,0.879229,7.6372,19.46283,19.46283,19.46283,20.55225,59.614063,80.552526,104.453766,157.131001,213.449174,0,0,0.28,0.64,0.64,0.64,0.75,1.67,2.3,3.16,5.44,6.53,0,0.1,0.31,0.57,0.57,0.57,0.58,1.59,2.05,2.52,4.73,5.56,0,0,0.25,0.67,0.67,0.67,0.68,1.415,2.185,3.03,5.055,6.525,5.962607515,2.824327459,1.487689416,-1.491183107,-2.738286396,0.668813593,-2.160660024,-1.400595879,4.843578527,6.386642717,23.66666667,24,23,23.45833333,24,22,22.51388889,24,22,21.02777778,24,19,19.74652778,24,18,19.29340278,24,18,19.33449074,24,18,26.02916667,145,18,24.78819444,145,17,20.63070437,145,17,20.86921296,145,17,20.25843254,145,17,1,6,6,6,127,128,128,128,128,-1.357517379,-0.235463558,0.366463366,1.473574021,1.301866321,-3.342252726,-3.463095006,-0.881829945,-3.07667705,-4.771956121
5/31/2011 13:30,1.681241237,48,151,28,1,1,0,1,113.1,0,0.457881897,2.87,17.4,0.5,25,120.3,16.6,132.8,4.85,33,96.7,111.7,19.83,13.344785,0.864359,12.480425,12.027785,0.787209,2.702592,9.415863,8.430627,2.464491,8.863998,2.223821,8.886542,2.31999,7.486877,2.809444,7.209559,2.734196,7.197772,2.435246,6.815209,2.361126,6.599033,2.337769,0.103437,0.310485,0.216012,0.302073,0.424247,0.610041,-0.014825,0.004077,-0.014825,0.059157,-0.014825,-0.049938,0.012978,0.166644,1.332224,3.187041,3.187041,3.434634,43.369946,45.43209,52.484096,52.484096,74.519105,91.241087,100.250289,0.046806,0.33844,2.635108,2.635108,2.887234,38.119108,39.810326,48.783728,48.783728,68.7412,83.456263,94.11242,0,0,0.04,0.04,0.04,1.1,1.11,1.35,1.35,2.24,2.24,2.24,0,0,0.04,0.04,0.04,1.1,1.11,1.35,1.35,2.24,2.24,2.24,0,0.01,0.055,0.055,0.07,1.005,1.025,1.26,1.26,2.11,2.84,3.09,-16.61572882,-11.55479117,-9.895636694,-6.628401094,-2.162857284,22.53702633,22.30062387,12.84530553,7.10959,1.116831056,30.58333333,31,30,30.79166667,31,30,31.77777778,35,30,35.43055556,44,30,60.32291667,214,30,56.05729167,249,18,43.61574074,249,18,33.45972222,249,18,31.01099537,249,18,24.76736111,249,17,22.9103836,249,17,22.15885417,249,17,-5,184,231,231,231,231,232,232,232,0.023001651,-1.182317736,-1.473473516,-1.115440582,-1.362897143,-8.419050055,-6.972922056,-6.5893181,-3.677948799,-0.098919483
6/1/2011 8:20,1.946452265,88.4,152,13.9,1,1,0,0,102.8,0,1.209515015,16.2,13.9,1,17,156.6,15.9,161.9,3.15,23,133.2,157.7,19.53,8.002347,0.082697,8.085044,8.381919,0.262865,0.564604,8.805918,10.424049,1.808089,9.062331,2.215488,9.408978,2.24711,8.509831,2.355845,7.695576,2.855199,7.480119,2.456356,6.945926,2.451522,6.766798,2.355782,0.834048,0.887484,0.907949,0.925122,0.637428,0.572454,-0.002724,-0.025146,-0.002724,0.036496,-0.002724,-0.101678,0.037534,0,0,0,0,3.187041,27.987349,43.369946,52.484096,52.484096,74.149174,90.822016,100.250289,0,0,0,0.001354,2.636461,20.885916,38.120461,48.785081,48.785081,68.348247,83.195237,94.113774,0,0,0,0,0.04,0.4,1.1,1.35,1.35,2.24,2.24,2.24,0,0,0,0,0.04,0.4,1.1,1.35,1.35,2.24,2.24,2.24,0,0,0,0,0.055,0.385,1.005,1.26,1.26,2.11,2.82,3.09,10.00872581,6.885499812,4.952357736,3.025808286,-1.296014338,22.90906824,19.23022212,18.1919033,20.82803659,20.82034135,23.5,24,23,23.75,24,23,24.22222222,25,23,25.21527778,28,23,27.54513889,34,23,57.86805556,249,23,45.63194444,249,18,34.79166667,249,18,31.99594907,249,18,25.24305556,249,17,23.1901455,249,17,22.3406498,249,17,-2,11,226,231,231,231,232,232,232,6.680485312,7.188360693,6.959512316,6.365380498,3.821463072,-4.097397799,-4.318480959,-5.838129833,-7.370616585,-7.869193096
6/4/2011 9:43,1.489958479,30.9,155,13.1,1,1,0,0,107.9,0,0.866287339,7.35,13.8,0.25,3.3,163.2,15.4,208.6,1.3,19,138.2,278.8,19.2,11.809399,0.141946,11.667454,9.9432,1.441088,1.44806,9.411621,10.256749,1.63328,9.84968,1.386319,9.421193,2.151695,9.281783,2.182067,9.387473,2.189632,7.906102,2.608128,7.297501,2.617459,7.138894,2.452034,0,0,0.00236,0.108322,0.114897,0.211855,0.042069,0.005472,0.042069,0.081204,0.042069,-0.055183,-0.057698,0,0,0,0.002641,0.437999,0.544748,0.544748,26.819206,43.914695,74.667096,75.230498,94.337969,0,0,0,0,0.614183,0.706275,0.706275,20.261136,38.826736,68.629944,69.765938,87.161214,0,0,0,0,0,0,0,0.26,1.1,2.24,2.24,2.24,0,0,0,0,0,0,0,0.26,1.1,2.24,2.24,2.24,0,0,0.01,0.01,0.015,0.02,0.02,0.355,1.025,2.13,2.14,2.92,1.881136905,0.23471481,-0.800922333,-0.806355629,-1.619809346,7.775688005,6.286128939,6.517575404,5.678099343,5.428334378,19,19,19,19,19,19,19,19,19,19,19,19,19.00694444,20,19,19.06597222,20,19,19.69444444,23,19,34.79444444,249,19,32.7025463,249,18,25.83010913,249,17,23.27645503,249,17,22.22594246,249,17,0,1,1,4,230,231,232,232,232,-0.537714495,-0.000451848,0.435852279,0.793405173,-0.153308147,-4.924571217,-4.823328645,-4.764900402,-3.816396423,-2.935745988
6/6/2011 13:50,0,1,157,17.8,2,2,0,8,105.3,0,0.899820502,7.94,21.6,0.167,2.7,166.2,15.4,243.3,1.3,18,138.4,368.6,19.1,12.603293,0.787059,13.390352,11.93194,1.618181,2.563796,9.785358,10.433681,2.794388,11.061995,2.950866,11.048218,2.917545,10.28801,2.846089,10.205256,2.690397,8.429246,3.130597,7.975772,2.893467,7.541385,2.775549,0.104289,0.052144,0.022768,0.135481,0.081781,0.049046,0.006053,0.003005,0.006053,0.075494,0.006053,-0.061849,0.015039,0,0,0,0,0,0,0.318499,0.544748,0.544748,53.028845,75.063854,92.302788,0,0,0,0,0,0,0.464039,0.706275,0.707628,49.645712,69.547282,84.278772,0,0,0,0,0,0,0,0,0,1.4,2.24,2.24,0,0,0,0,0,0,0,0,0,1.4,2.24,2.24,0,0,0,0,0,0,0.015,0.02,0.02,1.32,2.13,2.885,7.330901836,6.924224295,5.204279449,2.685741424,2.458238879,-3.20279226,-4.704684077,-4.173673244,-2.832162561,-2.672086287,18.08333333,19,18,18.08333333,19,18,18.63888889,19,18,18.78472222,19,18,18.43402778,19,18,18.47916667,19,18,18.65277778,19,18,19.09375,22,18,20.16666667,30,18,25.2093254,249,18,23.1385582,249,17,22.18824405,249,17,-1,1,1,1,4,12,231,232,232,1.545698801,1.205682628,-0.065512147,-0.672444393,-0.556608107,3.701375963,3.250956778,2.904489644,1.092427021,0.857383692
6/7/2011 10:10,0.799340549,6.3,158,15.3,1,1,0,0,104,0,0.86923172,7.4,18,0.18,2.2,129.9,15.4,278.6,1.3,19,139.7,277.5,19.1,11.570029,0.193534,11.763563,10.188248,1.218263,1.272699,9.890912,11.108841,1.995143,10.68574,2.381579,11.220426,2.910173,10.704764,2.509984,10.350661,2.714289,8.567085,3.124257,8.204177,2.880108,7.67059,2.843056,0.044782,0.090404,0.422545,0.40174,0.218,0.147718,-0.012016,0.000634,-0.012016,0.054821,-0.012016,-0.068575,-0.014673,0,0,0.199351,6.2599,6.2599,6.2599,6.2599,6.804648,6.804648,59.288744,81.323753,98.045735,0,0,0.267216,4.370619,4.370619,4.370619,4.370619,5.076894,5.076894,53.861975,73.819448,88.534511,0,0,0,1.09,1.09,1.09,1.09,1.09,1.09,2.44,3.33,3.33,0,0,0,1.09,1.09,1.09,1.09,1.09,1.09,2.44,3.33,3.33,0,0,0,0.3,0.3,0.3,0.3,0.32,0.32,1.58,2.43,3.16,8.003433225,6.174232197,2.136475621,1.890145815,3.167542873,-16.12281168,-10.13026447,-4.885691315,-3.37478341,-2.874232833,19,19,19,19,19,19,20.04166667,22,19,19.23611111,22,18,18.68055556,22,18,18.54340278,22,18,18.57638889,22,18,18.76875,22,18,19.12384259,23,18,24.76264881,249,18,23.16798942,249,17,22.18005952,249,17,-1,4,4,4,4,5,231,232,232,0.416750845,-0.653463061,-1.701513307,-1.57615594,-0.713958965,3.906125693,2.756312782,0.787823206,-0.193661169,0.916215344
6/8/2011 9:35,0.301029996,2,159,19.9,1,1,0,0,105.8,0,0.559906625,3.63,18.6,0.8,0,133.4,15.4,230.7,1.57,19,139.4,335.9,19.1,11.863267,0.623415,11.239852,9.708176,1.42165,1.462268,9.947277,10.548366,1.284927,10.839418,1.707596,10.644994,2.084948,10.902104,2.476984,10.658855,2.355741,8.937065,3.012744,8.442988,2.837194,7.799604,2.887138,0.00612,0.005972,0.004486,0.009619,0.032548,0.124341,0.031061,0.007434,0.031061,0.054119,0.031061,-0.056906,-0.043076,0,0,0,0,0,6.2599,6.2599,6.697898,6.804648,59.288744,80.953822,97.626664,0,0,0,0,0,4.370619,4.370619,4.984802,5.076894,53.861975,73.425141,88.272131,0,0,0,0,0,1.09,1.09,1.09,1.09,2.44,3.33,3.33,0,0,0,0,0,1.09,1.09,1.09,1.09,2.44,3.33,3.33,0,0,0,0,0,0.3,0.3,0.315,0.32,1.58,2.43,3.14,5.533915492,3.354813029,1.11827101,0.602418564,3.168911609,8.329212407,6.594508705,2.198169568,3.83633769,-1.813766301,19,19,19,19,19,19,19,19,19,19,19,19,19,19,19,18.84027778,22,18,18.69328704,22,18,18.74722222,22,18,18.81134259,22,18,24.64632937,249,18,23.21445106,249,17,22.18005952,249,17,0,0,4,4,4,4,231,232,232,2.317043779,1.541005961,0.412952713,0.940798286,0.100714117,-0.026112809,0.588060767,-0.639412569,-1.861207141,1.4113869
6/9/2011 8:50,0,1,160,10.1,1,1,0,0,89.9,2,0.678518379,4.77,16.7,0.25,7.5,166,15.3,231.1,1.33,18,141.2,358.9,18.5,7.653939,0.236438,7.417502,7.096202,0.32953,0.517051,6.951734,10.294604,3.616042,10.42344,2.717593,10.642643,2.51957,10.909226,2.864735,10.791942,2.708477,9.202435,3.069725,8.632221,2.899412,7.887121,2.980884,0.841478,0.838398,0.866544,0.904098,0.640077,0.339019,0.028869,0.006781,0.028869,0.071241,0.028869,-0.081974,0.002192,0,0,0,0,0,0,6.2599,6.2599,6.801789,59.288744,80.953822,93.206533,0,0,0,0.017259,0.017259,0.017259,4.387878,4.387878,5.070308,53.879234,73.198913,84.767281,0,0,0,0.03,0.04,0.04,1.13,1.13,1.13,2.48,3.37,3.37,0,0,0,0.03,0.04,0.04,1.13,1.13,1.13,2.48,3.37,3.37,0,0,0,0.01,0.02,0.02,0.32,0.32,0.34,1.6,2.45,2.95,-0.879067273,-0.847672014,-0.406024346,0.740679609,5.281687772,-13.9723742,-13.47336083,-10.14092666,-9.353153652,-3.41317869,18,18,18,18,18,18,18.02777778,19,18,18.35416667,19,18,18.33333333,19,18,18.66666667,19,18,18.6712963,22,18,18.6125,22,18,18.67824074,22,18,24.59796627,249,18,23.26703042,249,17,22.15401786,249,17,0,1,1,4,4,4,231,232,232,-2.430567216,-2.22266451,-2.543408588,-3.15231381,-0.182136521,4.338443834,4.383706317,4.139981813,4.757156921,3.012274923
6/12/2011 9:06,0,1,163,19.6,1,1,0,1,106.5,11,0.662757832,4.6,16.1,0,1.4,164.4,15.4,276.4,1.58,18,140.6,553.1,19.25,11.188328,1.529935,9.658393,7.224067,1.984373,1.589483,6.583828,8.548134,2.814713,7.535901,2.264347,7.429811,1.966282,8.590717,2.709294,9.014009,2.77152,9.498845,2.728089,8.545727,2.957518,8.02646,2.934014,0,0,0,0,0.149633,0.483093,-0.054837,-0.003625,-0.054837,0.065441,-0.054837,-0.054837,0.030919,0,0,0,0,0,0.341215,0.344074,0.344074,6.603973,50.518668,78.072876,81.667827,0,0,0,0,0,0.335041,0.950959,0.968218,5.338837,44.165574,70.499684,74.886119,0,0,0,0,0,0.01,0.01,0.05,1.14,2.24,3.3,3.38,0,0,0,0,0,0.01,0.01,0.05,1.14,2.24,3.3,3.38,0,0,0,0,0,0.03,0.03,0.05,0.35,1.375,2.395,2.48,0,-0.705853642,-1.147620683,-0.601677575,0.692533458,0,2.398284936,2.311866875,1.404375417,-1.954977726,18,18,18,18,18,18,18,18,18,18,18,18,18,18,18,18.00173611,19,18,17.98263889,19,17,18.25347222,19,17,18.32465278,22,17,24.51512897,249,17,23.40310847,249,17,21.9625496,249,17,0,0,1,2,2,5,232,232,232,1.81776924,0.794826684,0.180289911,-0.315984115,-0.175217101,-3.139130896,-3.276383464,-3.833834421,-3.871611,-1.17618723
6/13/2011 9:20,0,1,164,22.5,1,1,0,2,107.5,0,0.575187845,3.76,18.7,0,0.9,164.4,15.4,315.2,1.33,18,140.8,594,19.1,13.218453,1.967674,11.250779,8.770897,2.123049,1.527919,8.564492,12.013391,4.170993,10.280762,3.957512,9.028397,3.697612,8.883722,3.46123,9.161163,3.262432,9.648664,2.961681,8.725413,3.165312,8.304028,3.019636,0,0,0,0,0.00697,0.078301,-0.029111,-0.002273,-0.029111,0.065272,-0.029111,-0.054489,0.003869,0,0,0,0,0,0,0.341215,0.344074,0.344074,33.423179,59.632818,81.667827,0,0,0,0,0,0,0.335041,0.968218,0.968218,25.599973,55.047801,74.886119,0,0,0,0,0,0,0.01,0.05,0.05,1.51,2.54,3.38,0,0,0,0,0,0,0.01,0.05,0.05,1.51,2.54,3.38,0,0,0,0,0,0,0.03,0.05,0.05,0.705,1.67,2.48,0,0,-0.738955328,-0.621105994,0.575326396,0,0,1.647744627,1.236105693,-1.186763329,18,18,18,18,18,18,18,18,18,18,18,18,17.78472222,18,17,17.89236111,18,17,17.92939815,19,17,18.00902778,19,17,18.17418981,19,17,24.2249504,249,17,22.99570106,249,17,21.91542659,249,17,0,1,1,2,2,2,232,232,232,0.36402301,0.238094616,0.001980927,-0.335559602,-0.115081966,-0.968444406,-1.947595359,-3.16369141,-3.430106736,-0.998289494
6/14/2011 11:09,0.301029996,2,165,18.5,1,1,0,2,108.6,1,0.6599162,4.57,21.1,0.5,8.2,164.7,15.3,291.8,1.33,18,140.7,572,19.02,12.097683,1.562505,13.660187,12.243873,2.720993,2.860693,10.127994,10.890936,2.775952,11.479654,3.605513,10.649113,3.643493,9.146655,3.425276,9.224176,3.447324,9.877105,2.997603,8.868439,3.205291,8.519809,3.03572,0,0,0.041201,0.10089,0.050445,0.028253,-0.005367,0.0017,-0.005367,0.049742,-0.005367,-0.038834,0.026002,0,0,0,0.223822,0.223822,0.223822,0.223822,0.567896,0.567896,8.704768,59.85664,81.891649,0,0,0,0.319788,0.319788,0.319788,0.319788,1.270747,1.288006,6.704693,55.149981,75.107454,0,0,0,0,0,0,0,0.01,0.05,1.15,2.49,3.38,0,0,0,0,0,0,0,0.01,0.05,1.15,2.49,3.38,0,0,0,0.005,0.005,0.005,0.005,0.035,0.055,0.385,1.635,2.485,-6.956375434,-7.366031719,-2.998194042,-1.270006339,1.739766713,-0.780282525,0.55042719,-1.566195984,-0.88318525,-1.851080139,18,18,18,18,18,18,18,18,18,18,18,18,17.67708333,18,17,17.73090278,18,17,17.82060185,18,17,17.88194444,19,17,17.94097222,19,17,19.12276786,31,17,22.53323413,249,17,21.90054563,249,17,0,1,1,1,2,2,14,232,232,-3.960065937,-2.200310956,-1.416149618,-1.264613829,-0.441011609,-3.043025042,-0.213304384,-0.407715966,-1.341928594,0.169274182
6/15/2011 8:46,0.716003344,5.2,166,19.3,1,1,0,0,108.5,14,0.605305046,4.03,18.2,0.17,2.7,164.3,15.3,305.1,2.3,19,142.3,614.2,19,9.553628,0.902969,10.456596,10.344793,0.579643,0.819306,10.573948,11.787594,1.620017,11.301265,2.236163,11.510444,3.034319,9.884946,3.380454,9.445012,3.271615,9.952193,3.001097,9.134436,3.139956,8.716156,3.007977,0.612841,0.766947,0.603571,0.33729,0.169396,0.109545,-0.024948,0.002305,-0.024948,0.05741,-0.024948,-0.046804,0.001296,0.169503,0.443471,0.852905,0.852905,0.852905,1.076727,1.076727,1.420801,1.420801,8.225449,60.709545,82.374623,0.061969,0.361548,1.096407,1.096407,1.096407,1.416195,1.416195,2.085432,2.367154,7.461307,56.246388,75.809554,0,0,0.01,0.01,0.01,0.01,0.01,0.02,0.02,1.15,2.5,3.39,0,0,0.01,0.01,0.01,0.01,0.01,0.02,0.02,1.15,2.5,3.39,0,0.01,0.02,0.02,0.02,0.025,0.025,0.055,0.055,0.395,1.655,2.505,2.258731655,1.463772624,0.352399162,-0.29980064,-1.227116395,-7.674511796,-6.818559656,-3.168970826,-2.508679687,-2.057185776,18,18,18,18,18,18,18,18,18,18,18,18,17.80902778,18,17,17.74305556,18,17,17.75694444,18,17,17.85486111,19,17,17.86979167,19,17,18.53695437,23,17,22.41087963,249,17,21.8937252,249,17,0,1,1,1,2,2,6,232,232,-1.556783925,-1.010983728,-2.570406183,-2.578195621,-3.029570709,1.809825613,1.788730166,-0.476400491,-0.958724794,-0.467469172
6/20/2011 9:47,2.861534411,727,171,13,2,2,0,0,112.4,0,0.579783597,3.8,16.2,0.5,4.8,176.8,15.4,279.9,2.84,25,90.1,303.7,19.2,9.997529,0.082777,9.914752,8.761585,1.032951,1.004314,8.220074,8.758516,1.129681,9.146363,1.138066,9.358539,1.201404,9.647764,1.146778,9.969431,1.389679,9.774362,2.575192,9.801186,2.617553,9.070617,2.930856,0.873558,0.93134,0.974121,0.981086,0.990543,0.895163,0.014309,0.007162,0.014309,0.051496,0.014309,-0.028999,-0.002928,0,0,0,0,1.074161,13.85263,17.158966,26.115249,26.968154,33.79595,60.615156,86.824794,0,0,0,0,0.494954,12.937357,17.642551,26.210883,27.30729,32.965915,53.227051,82.67488,0,0,0,0,0.06,1.57,1.64,2.11,2.12,3.26,3.51,4.66,0,0,0,0,0.06,1.57,1.64,2.11,2.12,3.26,3.51,4.66,0,0,0,0,0.08,0.68,0.83,1.255,1.275,1.63,1.985,2.95,5.340769979,6.834991193,4.966084479,3.685625352,4.069942919,-7.244044176,-6.388979834,-5.393967739,-4.001440222,-5.104976188,24,24,24,24.20833333,25,24,25.66666667,28,24,27.61111111,32,24,34.35069444,59,24,30.53298611,69,19,26.56365741,69,18,23.54166667,69,18,22.58622685,69,17,20.06423611,69,17,23.4198082,249,17,22.70734127,249,17,-4,35,50,51,51,52,52,232,232,0.142479364,0.309342541,-0.95714866,-0.889151878,-0.152870053,3.471975367,3.69325727,2.866500801,2.159417138,3.498921445
6/21/2011 10:30,3.383743576,2419.6,172,13.8,1,1,0,0,114.8,0,1.247973266,17.7,15.2,0.67,10,160.4,15.4,290.3,2.33,30,66,432.2,19.3,9.228948,0.05948,9.169469,9.71893,0.958362,1.077214,9.155114,9.631182,1.000578,9.192366,1.15022,9.30446,1.114087,9.540289,1.117993,9.642575,1.121843,9.663644,2.503167,9.87983,2.555664,9.115364,2.883405,0.896172,0.895879,0.852665,0.79406,0.748683,0.855302,0.030021,0.007907,0.030021,0.057542,0.030021,-0.035758,0.025955,0.47625,3.029806,5.610661,5.610661,5.610661,6.684822,19.463291,22.769627,31.72591,33.146711,43.012608,92.435455,0.599074,2.383608,5.482189,5.482189,5.482189,5.977143,18.419546,23.12474,31.693072,34.077485,41.053263,87.93946,0.02,0.08,0.15,0.15,0.15,0.19,1.72,1.79,2.26,2.32,3.45,4.76,0.02,0.08,0.15,0.15,0.15,0.19,1.72,1.79,2.26,2.32,3.45,4.76,0.03,0.05,0.28,0.28,0.28,0.32,0.96,1.12,1.53,1.61,1.945,3.19,5.934188866,3.747376958,4.596705403,3.895412662,4.649305665,-8.048937974,-10.98084442,-8.737304193,-6.750614316,-7.474766487,23.41666667,24,23,22.83333333,24,22,22.27777778,24,22,22.63194444,24,22,23.15625,25,22,28.28298611,56,22,28.11458333,69,19,24.39236111,69,18,23.50231481,69,18,20.39260913,69,17,20.3287037,69,17,22.57614087,249,17,2,3,34,50,51,51,52,52,232,-5.641987955,-5.231495519,-3.496742121,-3.024929846,-1.79082291,6.736185923,6.775043189,5.119265429,3.874635639,4.38104128
6/22/2011 8:55,2.598571663,396.8,173,9.6,1,1,0,0,114.4,0,1.096910013,12.5,13.9,0.25,11.7,170.4,15.4,200,3.5,55,120,320.3,19.4,7.850153,0.38589,8.236043,8.74921,0.511109,0.671675,9.293857,9.785303,0.995183,9.750125,0.999042,9.424742,1.147664,9.516792,1.141898,9.604645,1.111247,9.624301,2.487166,9.862202,2.536158,9.271382,2.785568,0.943021,0.971511,0.977253,0.986818,0.917494,0.820482,0.02837,0.020395,0.02837,0.053239,0.02837,-0.015947,0.007905,2.265281,3.202126,3.378907,4.003969,16.364554,18.945409,20.029708,36.104376,36.104376,46.481459,53.286107,105.770204,1.953231,2.678218,2.948705,5.075648,15.578234,18.676815,19.171768,36.319366,36.319366,47.272111,52.349005,101.134086,0.1,0.15,0.18,0.18,0.8,0.9,1.03,2.54,2.54,3.07,4.16,5.51,0.1,0.15,0.18,0.18,0.8,0.9,1.03,2.54,2.54,3.07,4.16,5.51,0.15,0.25,0.41,0.415,0.63,0.88,0.96,1.71,1.72,2.21,2.53,3.79,8.307864412,8.604573856,3.936930478,3.714280788,5.493430407,-11.26851316,-11.67096006,-9.26416639,-9.538253514,-10.22105357,39.58333333,41,39,39.08333333,41,38,39.13888889,42,38,41.88194444,46,38,36.13194444,47,22,29.66666667,47,22,31.71527778,65,22,27.76666667,69,18,26.30439815,69,18,21.59722222,69,17,20.77678571,69,17,23.12276786,249,17,-1,25,25,43,51,51,52,52,232,-2.190588982,-2.848748975,-3.163803656,-3.193664685,-3.343837171,6.814478566,6.021155835,6.416410983,6.251405983,6.50996887
6/23/2011 7:12,2.713658516,517.2,174,10.2,1,1,0,0,158.2,6,0.591064607,3.9,12.5,0.08,6,149.9,16.1,174.6,4.75,37,68.1,306.5,19.5,7.358885,0.008622,7.350262,7.248798,0.142194,0.150213,7.226698,7.684642,0.797637,8.792819,1.404067,9.089156,1.346333,9.107398,1.271102,9.224423,1.2836,9.437291,2.345488,9.817216,2.488988,9.314597,2.740841,0.941141,0.941655,0.945988,0.96014,0.970281,0.941695,0.035334,0.014864,0.035334,0.068356,0.035334,-0.027571,-0.006965,1.002152,1.275297,1.275297,1.275297,9.939224,26.373989,26.619352,41.714485,43.778318,54.155402,60.96005,113.444146,2.437921,2.823107,2.827651,2.827651,10.424749,26.585526,27.148332,41.384925,44.790884,55.72637,60.820523,109.605604,0.02,0.09,0.11,0.13,0.44,1.2,1.2,2.79,2.84,3.33,4.46,5.81,0.02,0.09,0.11,0.13,0.44,1.2,1.2,2.79,2.84,3.33,4.46,5.81,0,0.05,0.06,0.06,0.35,0.87,0.98,1.68,1.81,2.29,2.63,3.89,4.890986971,5.33562215,4.890986971,4.854935006,5.62630969,-9.852829363,-10.74854112,-9.852829363,-9.096756754,-9.869599382,34,34,34,34.41666667,35,34,35.79166667,38,34,39.90277778,51,34,53.36458333,105,34,44.14756944,105,22,37.22569444,105,22,34.43263889,105,19,31.79803241,105,18,23.99404762,105,17,22.2514881,105,17,24.29749504,249,17,-4,71,83,83,86,87,88,88,232,-0.203236079,-0.393681021,-0.941897085,-0.944369004,-2.218369887,5.51760477,4.911695359,5.056162919,4.953859813,5.212502394
6/27/2011 9:04,0.875061263,7.5,178,20.4,1,2,0,2,106.2,0,0.46686762,2.93,18,0,1.7,152.1,15.4,229.9,2,17,96.3,263.2,19.15,13.236752,0.153175,13.083578,12.273311,0.703404,0.851354,12.017987,12.855833,1.257013,13.585796,2.751568,13.11203,2.540406,11.428265,3.020969,11.14368,2.864563,10.520262,2.308276,10.161005,2.683378,10.084463,2.690681,0.493119,0.257355,0.085785,0.142985,0.201033,0.254093,0.030966,0.002026,0.030966,0.031493,0.030966,-0.048023,-0.033699,0,0,0,0,0,0,0,7.2109,23.253579,55.579967,62.18394,89.003146,0,0,0,0.006571,0.006571,0.006571,0.006571,6.914781,23.177038,55.687232,61.026069,81.287204,0,0,0,0,0,0,0,0.37,1.17,3.4,4.54,4.92,0,0,0,0,0,0,0,0.37,1.17,3.4,4.54,4.92,0,0,0,0,0,0,0,0.255,0.885,2.415,2.765,3.12,-1.645994792,-3.817077581,-3.352765574,-3.564486964,-3.35686188,-6.803727004,-3.213491943,-0.864483605,0.613730704,2.37496071,17,17,17,17,17,17,17,17,17,17,17,17,17.08333333,18,17,17.77604167,20,17,19.42361111,27,17,29.30902778,105,17,30.4681713,105,17,25.64310516,105,17,23.1780754,105,17,24.94097222,249,17,0,1,3,10,88,88,88,88,232,-2.766194374,-2.649832922,-2.433375843,-2.317816052,-1.786198728,-2.929223082,-2.806421868,-2.782702457,-2.757899825,-2.697474237
6/28/2011 8:54,1.206825876,16.1,179,22.2,1,2,0,0,108.4,0,0.819543936,6.6,18,0.33,4.4,123.2,15.3,270.6,1.92,17,98.1,291.5,19.1,14.358034,1.545295,12.812739,11.017575,1.556763,1.200655,10.717087,11.67844,1.472567,12.254257,1.48447,12.9485,2.564757,12.183031,2.478915,11.430545,2.838697,10.581886,2.252875,10.18456,2.676702,10.218342,2.660659,0.358385,0.405792,0.496618,0.687161,0.680401,0.437473,-0.024111,0.00068,-0.024111,0.032209,-0.024111,-0.02419,0.055077,0,0,0,0.115705,1.967186,1.967186,1.967186,3.735824,11.409767,57.32333,57.891226,67.882916,0,0,0,0.002558,1.635243,1.641813,1.641813,2.183185,11.018582,57.002687,58.290692,66.004048,0,0,0,0.02,0.09,0.09,0.09,0.17,0.47,3.49,3.54,4.67,0,0,0,0.02,0.09,0.09,0.09,0.17,0.47,3.49,3.54,4.67,0,0,0,0.01,0.175,0.175,0.175,0.33,0.43,2.585,2.64,3.015,5.830448685,6.246909305,5.255995903,5.542999578,4.244186524,-3.873740845,-4.150436619,0.158663138,3.742532673,5.822067718,17,17,17,17,17,17,17,17,17,17,17,17,17,17,17,17.04513889,18,17,17.52430556,20,17,22.1375,43,17,27.28530093,105,17,25.5952381,105,17,23.09871032,105,17,22.40451389,105,17,0,0,1,3,26,88,88,88,88,5.10395353,5.274410346,4.931769301,5.391508127,3.456105416,0.695484355,-0.116096417,-1.288529582,-1.754073335,-2.460824181
6/29/2011 9:20,0,1,180,19.4,2,1,0,3,106.5,1,0.522444234,3.33,18.1,0,1.7,166.7,15.2,260.7,1.92,16,98.1,281.7,19,13.513023,0.234463,13.278561,10.097878,2.342722,1.729721,9.974095,13.133146,3.599199,12.427395,2.854508,12.570207,2.449414,12.838176,2.691464,12.387117,2.697911,10.688118,2.490662,10.312241,2.849794,10.324086,2.781067,0,0,0.367586,0.225127,0.237104,0.454001,0.026595,0.004219,0.026595,0.051339,0.026595,-0.042385,-0.022031,0,0,0,0,0,1.967186,1.967186,1.967186,3.735824,56.470426,57.891226,64.695874,0,0,0,0,0,1.635243,1.641813,1.641813,2.183185,55.906279,58.290692,63.367586,0,0,0,0,0,0.09,0.09,0.09,0.16,3.48,3.54,4.63,0,0,0,0,0,0.09,0.09,0.09,0.16,3.48,3.54,4.63,0,0,0,0,0,0.175,0.175,0.175,0.33,2.565,2.64,2.96,0,0,0,0,1.827571178,0,0,0,0,-2.052962365,17,17,17,17,17,17,17,17,17,17,17,17,16.97569444,17,16,16.98784722,17,16,17.0162037,18,16,18.42847222,27,16,21.22685185,43,16,25.53447421,105,16,23.00066138,105,16,22.03199405,105,16,0,1,1,2,11,27,89,89,89,-0.753956426,-0.83177132,-0.788897376,-1.129160708,-0.282186845,1.217419031,1.01487622,-1.351190974,-1.942419965,0.003657864
6/30/2011 10:40,1.041392685,11,181,26,1,2,0,0,110.1,0,0.568201724,3.7,19.7,0,3.9,126,15.3,253.5,1.92,16,97.3,431.1,19,12.288591,0.038725,12.249866,11.600935,0.661876,1.159707,10.981292,12.303533,1.940604,12.702759,2.91193,12.387773,2.587691,12.866714,2.718462,12.754568,2.591086,10.851568,2.564062,10.429435,2.802567,10.465548,2.752328,0.431272,0.532913,0.41176,0.214578,0.109443,0.164638,0.018051,0.006144,0.018051,0.037439,0.018051,-0.018099,-0.009605,0,0,0,0,0,0,1.967186,1.967186,1.967186,47.514142,57.891226,64.695874,0,0,0,0,0,0,1.543888,1.641813,1.641813,47.337948,58.273433,63.367586,0,0,0,0,0,0,0.09,0.09,0.09,3.01,3.5,4.63,0,0,0,0,0,0,0.09,0.09,0.09,3.01,3.5,4.63,0,0,0,0,0,0,0.175,0.175,0.175,2.15,2.62,2.96,-8.982240556,-4.491120278,-3.596877898,-2.006669259,1.752929674,0.565114676,0.282557338,0.542637489,0.409666632,-0.939554194,17,17,17,17,17,17,17,17,17,16.97916667,17,16,16.6875,17,16,16.83159722,17,16,16.88773148,17,16,17.21180556,19,16,18.04861111,26,16,25.36111111,105,16,22.92063492,105,16,21.8718998,105,16,0,1,1,1,3,10,89,89,89,-4.57787074,-3.934672415,-3.456510437,-2.696918852,-1.286407451,-0.984245484,-1.720813336,-2.410274686,-1.048063523,1.017287666
7/4/2011 8:50,1.23299611,17.1,185,27.7,1,2,1,6,112.5,0,0.482873584,3.04,23.2,0.08,5.8,128.5,15.3,308.5,1.67,16,139.6,570.1,19.1,14.595202,0.470181,14.125021,13.202888,0.725375,0.837541,13.641793,16.687189,3.35897,15.318643,3.343392,14.806676,2.981414,14.073489,2.671665,13.922047,2.868752,12.258272,3.082498,11.547315,2.884765,11.017467,3.099629,0.009575,0.063283,0.046015,0.023008,0.011504,0.012793,-0.019808,-0.001174,-0.019808,0.036788,-0.019808,-0.026489,0.005652,0,0,0,0,0,0,10.332722,10.332722,10.332722,40.687898,67.879875,74.483848,0,0,0,0,0,0,8.084158,8.084158,8.084158,37.779554,65.406632,70.745469,0,0,0,0,0,0,0.54,0.54,0.54,1.91,4.03,5.17,0,0,0,0,0,0,0.54,0.54,0.54,1.91,4.03,5.17,0,0,0,0,0,0,0.44,0.44,0.44,1.75,3.03,3.38,-0.891751458,-0.836016992,-1.087973028,-0.921452442,0.571005979,7.950143353,7.453259394,6.771760122,4.980585585,3.17217176,17,17,17,17,17,17,17,17,17,16.88888889,17,16,16.60763889,17,16,16.74479167,17,16,16.90625,21,16,16.82013889,21,16,16.84606481,21,16,23.15327381,105,16,22.71858466,105,16,21.60131448,105,16,0,1,1,5,5,5,89,89,89,-0.309829234,-0.27120988,0.215316311,0.013730215,0.32421451,-3.583712825,-3.481701497,-3.606954615,-3.50084779,-1.518709358
7/5/2011 9:03,0.612783857,4.1,186,27.9,1,1,1,0,111.4,0,0.382017043,2.41,23.5,0,0.5,160.4,15.3,330.1,1.83,16,131.9,568.7,19,15.145181,0.558919,14.586262,13.836839,0.741655,1.60053,14.352866,15.843615,1.979409,16.241296,2.791022,15.515128,2.963651,14.783002,2.589268,14.381861,2.653113,12.71486,3.155665,11.785838,2.994745,11.192736,3.23017,0,0.010866,0.062669,0.157083,0.082182,0.047299,0.004168,-0.001078,0.004168,0.030152,0.004168,-0.034269,-0.005672,0,0,0,1.066723,1.066723,1.066723,1.066723,11.399445,11.399445,36.62021,68.722776,69.290672,0,0,0,1.963062,1.963062,1.963062,1.963062,10.04722,10.04722,34.859501,67.049907,68.337913,0,0,0,0.08,0.08,0.08,0.08,0.62,0.62,1.88,4.11,4.16,0,0,0,0.08,0.08,0.08,0.08,0.62,0.62,1.88,4.11,4.16,0,0,0,0.01,0.01,0.01,0.01,0.45,0.45,1.51,3.035,3.09,-4.153932206,-3.534907604,-1.337782189,-0.586302369,-1.45050945,5.634256581,3.16984146,0.582729615,2.157124014,5.542262005,17,17,17,17,17,17,17,17,17,16.86805556,17,16,16.54513889,17,16,16.57638889,17,16,16.67824074,17,16,16.79166667,21,16,16.77430556,21,16,22.67361111,105,16,22.66418651,105,16,21.52430556,105,16,0,1,1,1,5,5,89,89,89,-0.869885512,-0.63125758,0.17893821,0.066290288,0.663046422,-3.355838663,-3.10730025,-3.174214583,-3.822699269,-4.233773276
7/6/2011 8:35,1.484299839,30.5,187,23.1,2,2,0,3,113.3,0,0.424881637,2.66,22.8,0,0.9,161.3,15.2,377.2,1.83,16,136.8,0.61,19.02,13.071042,0.857271,12.213771,11.956177,0.625125,1.352265,13.075431,16.467898,4.237985,16.161808,3.320574,16.336935,3.34261,15.348728,3.191318,15.043443,3.00511,13.174226,3.372465,12.010224,3.271645,11.399264,3.45402,0,0,0,0.082593,0.107719,0.095406,0.017278,-0.001407,0.017278,0.038213,0.017278,-0.026926,-0.01311,0,0,0,0,0,1.066723,1.066723,11.399445,11.399445,22.809212,67.869871,69.290672,0,0,0,0,0,1.963062,1.963062,10.04722,10.04722,21.065802,65.9535,68.337913,0,0,0,0,0,0.08,0.08,0.62,0.62,1.14,4.1,4.16,0,0,0,0,0,0.08,0.08,0.62,0.62,1.14,4.1,4.16,0,0,0,0,0,0.01,0.01,0.45,0.45,1.03,3.015,3.09,0,0,-0.267168718,1.543100505,2.41975076,0,0,1.979725696,1.926398091,3.199588289,16.58333333,17,16,16.79166667,17,16,16.91666667,17,16,16.66666667,17,16,16.47569444,17,16,16.51041667,17,16,16.54282407,17,16,16.74722222,21,16,16.73900463,21,16,21.2953869,105,16,22.60168651,105,16,21.43563988,105,16,-1,1,1,1,5,5,89,89,89,-0.247980709,0.02402056,-0.35930865,1.199671253,1.473782964,-3.039746023,-3.184953255,-3.047919788,-2.6689653,-2.334595469
7/7/2011 9:30,2.150449409,141.4,188,22.3,2,2,0,0,107.2,0,0.525044807,3.35,21.1,0.33,4.6,158.7,15.3,283.8,1.83,16,98,609.4,18.95,13.793959,0.176777,13.617182,13.162244,0.349765,0.492298,13.372834,16.02435,3.172942,16.295291,3.750811,16.144732,3.27573,15.827193,3.323168,15.481788,3.201775,13.800318,3.16798,12.303302,3.421956,11.618679,3.539597,0.407221,0.516712,0.377042,0.195142,0.108291,0.108005,-0.009069,0.00012,-0.009069,0.027334,-0.009069,-0.026146,0.017901,0.455613,1.130197,1.22105,1.22105,1.22105,1.22105,2.287773,2.287773,12.620495,16.356319,60.134638,70.511721,0.287906,0.666096,0.815437,0.815437,0.815437,0.815437,2.7785,2.7785,10.862657,13.045843,58.200605,69.136091,0.01,0.04,0.05,0.05,0.05,0.05,0.13,0.13,0.67,0.83,3.68,4.17,0.01,0.04,0.05,0.05,0.05,0.05,0.13,0.13,0.67,0.83,3.68,4.17,0,0,0,0,0,0,0.01,0.01,0.45,0.78,2.6,3.07,-1.333905538,0.163134555,0.613471449,-0.000953904,0.905961279,2.687135281,2.592949501,3.943503496,3.519333939,1.175596081,17,17,17,17,17,17,16.90277778,17,16,16.54166667,17,16,16.29166667,17,16,16.37326389,17,16,16.43055556,17,16,16.55625,17,16,16.66840278,21,16,18.61631944,43,16,22.46941138,105,16,21.36024306,105,16,0,1,1,1,1,5,27,89,89,0.233372557,0.597997039,0.795621479,0.355730254,0.065996887,-3.155049179,-3.396090637,-3.071852425,-3.251508246,-1.20858739
7/11/2011 9:01,0.301029996,2,192,25.4,1,2,0,0,97.7,0,0.033423755,1.08,22.4,0.08,1.7,160.5,15.3,290.3,2,17,75.2,437.8,19.2,15.594029,0.281977,15.312052,14.745994,0.549353,0.550336,14.804748,17.969041,3.74159,16.574741,3.030478,16.205627,2.941061,16.037577,2.874619,16.125686,3.148356,14.850005,3.171531,13.544768,3.548731,12.685134,3.518529,0.103552,0.146541,0.142603,0.342474,0.267989,0.31748,-0.002068,0.000628,-0.002068,0.028876,-0.002068,-0.026002,0.010287,0,0,0,18.838535,18.838535,19.005179,19.005179,24.127404,24.127404,37.494035,65.882025,93.074002,0,0,0,14.586899,14.627069,14.717603,14.78952,18.233073,18.233073,29.915536,57.97569,85.602768,0,0,0,0.03,0.03,0.03,0.03,0.24,0.24,0.95,2.23,4.35,0,0,0,0.03,0.03,0.03,0.03,0.24,0.24,0.95,2.23,4.35,0,0,0,1.115,1.115,1.115,1.13,1.24,1.24,1.865,3,4.28,-0.557344661,-0.027510252,0.112005227,0.733826689,1.36938715,4.968839596,6.476526712,5.412032912,3.261008034,1.787269006,17,17,17,17,17,17,17.58333333,19,17,18.0625,22,16,17.15972222,22,16,16.91840278,22,16,16.85532407,22,16,16.71527778,22,16,16.67303241,22,16,16.76140873,22,16,20.98363095,105,16,21.20225694,105,16,-2,6,6,6,6,6,6,89,89,2.777036867,3.042839661,1.808927267,0.921330148,0.768618565,-2.909905911,-2.469083504,-3.273804935,-3.263725398,-1.82677018
7/12/2011 9:08,2.454997217,285.1,193,21.3,3,1,0,4,105.7,0,0.964730921,9.22,22.1,0.5,0.8,160.1,15.2,265.6,1.67,16,140.1,384.1,19.1,16.336987,0.24172,16.095267,14.159246,1.480999,1.19335,14.489359,17.901825,3.902161,17.935433,3.822866,17.017102,3.404338,16.413072,3.138367,16.348285,3.147492,15.291447,3.278721,13.93638,3.64814,12.934233,3.667046,0.331505,0.245804,0.190341,0.134419,0.08145,0.17472,0.01293,-0.000759,0.01293,0.023789,0.01293,-0.030146,-0.002186,0,0,0,0,0,18.838535,19.005179,22.906354,24.127404,35.526849,60.747614,92.85018,0,0,0,0,0,14.627069,14.717603,17.417636,18.233073,28.280294,53.092575,85.28298,0,0,0,0,0,0.03,0.03,0.19,0.24,0.86,2.12,4.35,0,0,0,0,0,0.03,0.03,0.19,0.24,0.86,2.12,4.35,0,0,0,0,0,1.115,1.115,1.24,1.24,1.69,2.75,4.275,4.997527444,4.897048658,3.251131577,3.284308476,4.395723331,-3.320349295,-0.954321006,1.452732857,2.248159841,3.771750941,17,17,17,17,17,17,17,17,17,17,17,17,16.76736111,17,16,16.96354167,22,16,16.86805556,22,16,16.81180556,22,16,16.72453704,22,16,16.74479167,22,16,20.67708333,105,16,21.16964286,105,16,0,1,6,6,6,6,6,89,89,3.262166096,3.535684194,2.849018541,3.634637055,3.63754241,0.884649641,1.104994475,-1.233039764,-1.08613449,-1.194393741
7/13/2011 8:51,1.164352856,14.6,194,18.2,2,2,0,0,105.2,24,0.294466226,1.97,19.6,0.25,1.4,160.5,15.2,351.6,2,16,129.2,456.2,19.05,14.073275,0.86253,13.210745,13.493162,0.570431,1.532339,14.792342,16.502289,2.112382,17.186579,3.220594,17.464182,3.416893,16.620782,3.096083,16.410282,3.000067,15.523695,3.141281,14.241897,3.592863,13.101978,3.726712,0.733146,0.734451,0.624706,0.565831,0.571218,0.321585,0.002674,0.001825,0.002674,0.024483,0.002674,-0.03155,0.010257,0,0,0,0,0,0,18.838535,19.005179,23.361967,35.526849,46.936616,91.997275,0,0,0,0,0,0,14.627069,14.78952,17.705542,28.280294,39.298875,84.186573,0,0,0,0,0,0,0.03,0.03,0.19,0.86,1.33,4.34,0,0,0,0,0,0,0.03,0.03,0.19,0.86,1.33,4.34,0,0,0,0,0,0,1.115,1.13,1.24,1.69,2.27,4.255,3.557081433,1.527378639,0.842238007,1.421276562,2.220008685,-7.165694082,-7.574953955,-7.831468434,-6.26599112,-5.406213486,17,17,17,17,17,17,17,17,17,16.89583333,17,16,16.57638889,17,16,16.671875,17,16,16.83449074,22,16,16.78194444,22,16,16.77256944,22,16,16.71626984,22,16,19.74834656,105,16,21.12599206,105,16,0,1,1,6,6,6,6,89,89,-2.345480065,-2.775043333,-2.475712159,-1.701616295,-0.416096797,2.674714058,3.718912614,4.517902592,4.439024478,3.395028073
7/14/2011 14:17,0.716003344,5.2,195,24.9,2,2,0,0,103.1,15,0.350248018,2.24,22.6,0,0,160.2,15.2,250.8,1.92,16,132.7,526.3,18.95,16.372698,0.688784,15.683913,14.454024,1.095224,1.47346,13.272514,13.469362,1.666362,14.614777,2.182755,15.492289,2.922906,16.176303,3.217257,15.940914,3.106298,15.626847,3.047979,14.591488,3.237077,13.257353,3.686803,0.407517,0.358179,0.368018,0.274235,0.157853,0.362463,0.017056,0.001404,0.017056,0.037567,0.017056,-0.020415,-0.002538,0.049353,0.049353,1.76542,1.858844,1.858844,1.858844,1.858844,20.697379,20.864023,37.385694,40.760315,84.899836,0.178751,0.178751,1.72504,2.180842,2.180842,2.180842,2.180842,16.807911,16.970362,30.461135,32.525969,77.799083,0,0,0.04,0.05,0.05,0.05,0.05,0.08,0.08,0.91,1.04,3.92,0,0,0.04,0.05,0.05,0.05,0.05,0.08,0.08,0.91,1.04,3.92,0.01,0.015,0.025,0.07,0.07,0.07,0.07,1.185,1.2,1.76,2.025,3.91,0,-0.718037787,-1.19943746,-0.59971873,0.23960891,0,-1.316974463,0.511613164,0.255806582,-1.986940948,16.33333333,17,16,16.58333333,17,16,16.86111111,17,16,16.83333333,17,16,16.44791667,17,16,16.484375,17,16,16.5462963,17,16,16.69652778,22,16,16.70138889,22,16,16.69122024,22,16,17.76107804,42,16,21.01376488,105,16,-1,1,1,1,6,6,6,26,89,-3.201585867,-2.72565045,-1.572122701,-1.032452151,-1.366910066,0.111502794,-1.157839407,-2.40312165,-2.639865063,-0.681949906
7/18/2011 9:57,2.487986331,307.6,199,26.1,2,1,2,2,106.4,15,0.170261715,1.48,24.3,0,5,144.6,15.4,300.6,1.95,16,136.2,560,19,20.897793,0.385189,20.512604,18.057493,1.769385,1.419276,17.787507,19.592782,2.419185,19.591889,2.682557,18.421795,2.780139,16.702837,3.15726,16.654312,3.016428,16.458959,3.123262,15.510846,3.311713,14.366708,3.743405,0.412405,0.30691,0.191386,0.157977,0.211978,0.223572,0.016469,0.000711,0.016469,0.027263,0.016469,-0.025706,-0.013884,0,0,0,0,1.111217,1.111217,1.562023,4.048035,4.048035,29.242162,41.54207,69.93006,0,0,0,0,2.794609,2.794609,3.822217,6.521277,6.521277,26.717413,36.436813,64.496967,0,0,0,0,0,0,0.02,0.22,0.22,0.54,1.17,2.45,0,0,0,0,0,0,0.02,0.22,0.22,0.54,1.17,2.45,0,0,0,0,0,0,0.01,0.11,0.11,1.36,1.975,3.11,4.968839596,2.484419798,1.08547933,-0.223291285,-0.685187628,0.557344661,0.278672331,0.681917385,-0.130389662,0.959226653,17,17,17,17,17,17,17,17,17,17,17,17,16.64930556,17,16,16.60243056,17,16,16.72453704,17,16,16.68611111,17,16,16.66724537,17,16,16.66815476,22,16,16.73478836,22,16,19.89856151,105,16,0,1,1,1,1,1,6,6,89,-2.112197417,-2.196606103,-0.614381302,-0.533163756,-0.582694492,3.382021434,1.831055595,-1.113846975,-1.882338135,-1.639996662
7/19/2011 9:32,2.236789099,172.5,200,25.9,2,2,2,2,105.2,8,-0.026872146,0.94,25.3,0.08,1.7,148.9,15.2,429.5,1.83,16,132.9,447.9,19,21.332176,1.308654,20.023522,18.158213,1.534118,1.12977,18.299026,20.194228,2.5766,19.893505,2.517161,19.792668,2.662891,18.04303,3.056756,17.284736,3.332629,16.769717,3.289693,15.914303,3.37192,14.742289,3.807967,0,0.161137,0.410468,0.285577,0.197389,0.204684,0.015231,0.000403,0.015231,0.021517,0.015231,-0.02296,-0.010498,0,0,0,0,2.576521,3.687738,3.687738,5.288772,6.624556,30.75196,42.151405,67.372171,0,0,0,0,1.809611,4.604219,4.604219,6.723467,8.330887,26.563961,36.611181,61.423462,0,0,0,0,0,0,0,0.17,0.22,0.46,1.08,2.31,0,0,0,0,0,0,0,0.17,0.22,0.46,1.08,2.31,0,0,0.01,0.01,0.24,0.24,0.24,0.295,0.35,1.59,2.04,3.1,0,0,-0.41646062,-0.306682907,0.573064203,0,0,0.276695775,0.626618361,-0.225384381,16.91666667,17,16,16.95833333,17,16,16.83333333,17,16,16.45833333,17,16,16.34027778,17,16,16.49479167,17,16,16.5150463,17,16,16.6875,17,16,16.62847222,17,16,16.65352183,22,16,16.70337302,22,16,19.6593502,105,16,1,1,1,1,1,1,6,6,89,0.520450077,1.398712065,-0.202466933,-0.241186276,0.122144363,0.94187453,-0.315032588,-1.968475438,-2.386505069,-0.806972953
7/20/2011 9:20,2.352953912,225.4,201,30,2,4,0,2,103.9,0,0.10720997,1.28,28.9,0.17,4.5,148,15.1,256.9,1.96,16,127.6,85.9,19.04,20.714493,0.003379,20.711114,19.800193,0.649411,0.877163,19.116931,19.936053,1.616312,20.06514,2.154607,19.907687,2.257275,19.079133,2.67256,18.358534,2.952895,17.010419,3.222377,16.238251,3.342802,15.10712,3.805489,0.005641,0.284037,0.19834,0.20159,0.159799,0.178594,-0.017931,-0.002263,-0.017931,0.017798,-0.017931,-0.020071,0.010122,0,0,0,0,0.252859,6.179291,8.755812,9.867029,10.317835,36.931251,48.330696,53.341818,0,0,0,0,0.280106,5.836072,7.645683,10.440292,11.4679,32.400033,42.447254,47.821968,0,0,0,0,0.12,0.12,0.12,0.14,0.3,0.58,1.2,1.64,0,0,0,0,0.12,0.12,0.12,0.14,0.3,0.58,1.2,1.64,0,0,0,0,0.11,0.35,0.35,0.37,0.405,1.7,2.15,2.58,-6.269982322,-5.893469336,-4.902219886,-3.640580802,-3.322338955,-3.112446254,-4.452910573,0.982853748,1.437692399,3.077400334,17,17,17,17,17,17,17,17,17,17,17,17,16.76388889,17,16,16.55208333,17,16,16.58449074,17,16,16.65555556,17,16,16.70023148,17,16,16.67534722,22,16,16.69328704,22,16,18.95796131,105,16,0,1,1,1,1,1,6,6,89,-4.488887466,-4.778821833,-3.807477613,-2.194886058,-1.197239833,0.83363141,1.579011262,-2.379348675,-3.323508844,-2.650698984
7/21/2011 11:40,2.512550993,325.5,202,23.9,1,1,0,5,94.1,1,0.780317312,6.03,20.4,0.33,3.1,117.9,15.2,242.1,1.83,16,135,252.8,18.96,18.93375,0.298525,18.635225,18.015429,0.500299,0.703049,18.399508,20.140383,2.069573,19.994603,1.827945,20.066149,2.113365,19.948362,2.360257,19.328868,2.58417,17.343697,3.246166,16.64188,3.327599,15.590271,3.642426,0.001445,0.001448,0.000733,0.104526,0.063333,0.111881,-0.014519,-0.004592,-0.014519,0.02135,-0.014519,-0.046326,0.018815,0,0,0,0,0,6.179291,8.755812,9.867029,10.249624,35.710201,48.330696,51.801383,0,0,0,0,0,5.836072,7.645683,10.440292,11.405009,31.530221,42.447254,44.542393,0,0,0,0,0,0.12,0.12,0.12,0.13,0.53,1.2,1.34,0,0,0,0,0,0.12,0.12,0.12,0.13,0.53,1.2,1.34,0,0,0,0,0,0.11,0.35,0.35,0.36,1.7,2.15,2.45,0.627905195,1.915348728,2.530993573,2.195258901,-1.151503791,9.980267284,8.65558456,9.149127223,8.727310196,9.896874314,16.08333333,17,16,16.29166667,17,16,16.72222222,17,16,16.52083333,17,16,16.28819444,17,16,16.52256944,17,16,16.46990741,17,16,16.51736111,17,16,16.59259259,17,16,16.67460317,22,16,16.67377646,22,16,17.58221726,43,16,-1,1,1,1,1,1,6,6,27,4.473489118,5.022823917,4.108400978,3.918883595,1.36452535,-3.995635486,-3.976686555,-4.124620055,-4.080200503,-4.970059614
7/25/2011 7:10,1.600972896,39.9,206,21.1,1,2,1,1,99.2,5,0.505149978,3.2,17.4,0.08,2.5,157.2,15.3,860,1.92,17,137.5,535,19,15.925385,0.03247,15.957856,15.777964,0.232248,0.473611,15.625944,16.619423,1.746678,15.107189,1.998817,16.690203,3.323667,17.842218,3.174964,18.181641,3.070306,17.622796,3.240808,17.10915,3.248687,16.229768,3.497091,0.337837,0.358331,0.299074,0.156286,0.310915,0.582871,-0.030931,-0.005475,-0.030931,0.032769,-0.030931,-0.030931,0.008836,0,0,0,0,0,15.208405,15.208405,18.376269,21.544133,28.168689,53.362816,65.662724,0,0,0,0,0,15.985422,15.985422,18.956885,21.928348,30.259235,50.455371,60.174772,0,0,0,0,0,0.59,0.59,0.59,0.71,0.93,1.25,1.88,0,0,0,0,0,0.59,0.59,0.59,0.71,0.93,1.25,1.88,0,0,0,0,0,0.61,0.61,0.61,0.72,1.07,2.32,2.935,-0.668813593,-1.322601896,-0.862990415,-1.197536024,0.122607625,5.962607515,6.338902668,6.395552196,4.766398788,2.696738341,17.08333333,18,17,17.08333333,18,17,17.11111111,18,17,17.0625,18,17,17.26041667,18,17,18.34722222,33,16,17.67824074,33,16,17.15,33,15,17.08506944,33,15,16.83035714,33,15,16.7718254,33,15,16.79588294,33,15,0,1,17,17,18,18,18,18,18,1.540631991,1.949948684,1.034934319,0.432656147,0.652506183,-5.172129305,-5.750954452,-4.937376769,-4.429820362,-1.483141941
7/26/2011 17:35,2.237040791,172.6,207,23.8,2,2,6,4,96.8,0,0.729974286,5.37,22.7,0.08,2.4,160.1,15.3,292.5,1.92,17,139.8,209,18.95,20.029638,0.085207,19.944431,19.248838,0.58266,2.21655,17.653359,17.127096,2.56178,17.312003,2.447617,16.498536,2.603312,17.138363,2.998964,17.513986,2.905744,17.607714,3.164733,17.184886,3.243669,16.472216,3.42941,0,0,0.007285,0.003642,0.095068,0.149771,-0.014081,0.000473,-0.014081,0.036525,-0.014081,-0.042802,0.043522,0,0,0,0,0,0,0.015206,15.364842,21.7667655,28.168689,52.296093,63.695538,0,0,0,0,0,0,0.094104,16.092275,23.175755,30.259235,48.492309,58.539529,0,0,0,0,0,0,0,0.59,0.59,0.93,1.17,1.79,0,0,0,0,0,0,0,0.59,0.59,0.93,1.17,1.79,0,0,0,0,0,0,0,0.61,0.61,1.07,2.31,2.76,5.793374891,7.061293649,5.040817176,3.224745419,2.720799176,-5.51695635,-5.525435921,-4.631065747,-2.449325656,-0.503484066,17,17,17,17,17,17,17,17,17,17.00694444,18,17,17.00347222,18,17,17.02951389,18,16,17.28125,18,16,17.34652778,33,15,17.16608796,33,15,16.86483135,33,15,16.80539021,33,15,16.79712302,33,15,0,1,2,2,18,18,18,18,18,0.097983867,0.221600626,-0.452578088,-0.178386517,1.103962336,2.801219616,2.983156141,2.519916912,0.748841253,-0.247173083
7/27/2011 11:30,1.58546073,38.5,208,21.4,2,2,0,0,96.1,25,0.50242712,3.18,18.8,0,2,139.5,15.4,305.3,2.08,19,135.9,170.8,19.1,16.547222,0.067611,16.47961,15.910419,0.577827,0.718423,15.394939,16.670564,2.036888,17.028182,2.536906,16.985271,2.276807,16.781132,3.020882,17.092918,2.894426,17.633554,3.139616,17.192048,3.163079,16.580205,3.311663,0.756719,0.80464,0.754238,0.562538,0.28309,0.227493,-0.005739,-0.000137,-0.005739,0.030977,-0.005739,-0.035999,0.022339,0,0,2.749995,11.06246,11.06246,11.06246,11.06246,26.270865,26.427302,39.231149,63.358553,74.757998,0.085449,0.085449,2.880496,12.80395,12.80395,12.80395,12.80395,28.789372,28.896225,43.063185,61.296258,71.343479,0,0,0.04,0.32,0.32,0.32,0.32,0.91,0.91,1.25,1.49,2.11,0,0,0.04,0.32,0.32,0.32,0.32,0.91,0.91,1.25,1.49,2.11,0.03,0.03,0.035,0.435,0.435,0.435,0.435,1.045,1.045,1.505,2.745,3.195,-4.164606204,-4.373209926,-4.768926748,-3.055881624,-0.352608092,2.766957746,2.384351455,1.754578923,0.727641756,-1.147567396,19,19,19,19,19,19,20.125,22,19,18.72916667,22,17,17.86458333,22,17,17.43229167,22,16,17.32175926,22,16,17.58333333,33,16,17.3912037,33,15,16.94270833,33,15,16.86441799,33,15,16.82824901,33,15,0,5,6,6,17,18,18,18,18,-1.884149879,-1.554869172,-2.177845098,-1.480149766,-1.213901096,-3.486279304,-3.955071299,-3.973705686,-3.520147429,-1.336220114
7/28/2011 10:25,1.193124598,15.6,209,27.4,2,2,3,1,100.1,0,0.376576957,2.38,22.1,0,0,121.9,15.3,370.3,1.92,18,107.8,408.2,19.1,21.528828,1.287157,20.241672,17.534498,2.087435,1.735398,16.656612,17.044869,1.419439,16.900223,1.781968,17.05177,2.228854,16.333629,2.335707,16.839628,2.823541,17.883144,2.925923,17.253859,3.089171,16.746815,3.199449,0.269216,0.282482,0.538359,0.615714,0.728585,0.490072,-0.006635,-0.000867,-0.006635,0.029189,-0.006635,-0.018872,0.000896,0,0,0,0,2.995015,14.057475,14.057475,28.783837,29.26588,40.416673,65.132518,77.753013,0,0,0,0,2.978396,15.696897,15.696897,26.955487,31.682319,43.954042,63.319394,74.236426,0,0,0,0,0.09,0.41,0.41,0.78,1,1.29,1.53,2.2,0,0,0,0,0.09,0.41,0.41,0.78,1,1.29,1.53,2.2,0,0,0,0,0.06,0.465,0.465,0.545,1.075,1.48,2.775,3.225,0,0,-0.4231756,-0.349512746,-1.514410706,0,0,1.091802843,1.775530014,2.149894138,18.33333333,19,18,18.41666667,19,18,18.58333333,19,18,18.70833333,19,18,19.11458333,22,18,18.44444444,22,17,17.96412037,22,16,18.12083333,33,16,17.82349537,33,16,17.13268849,33,15,16.99156746,33,15,16.91170635,33,15,1,4,5,6,17,17,18,18,18,1.49497354,1.747430934,1.128742994,0.883559817,0.005935479,-0.039484212,-0.614176505,-1.941588612,-2.090512152,-2.586065436
8/1/2011 10:23,1.392696953,24.7,213,23.6,2,1,0,0,98.6,4,0.311753861,2.05,22.2,0,0,125.4,15.3,363.4,1.83,17,140.2,528.8,19.02,17.71235,0.224705,17.487645,16.653173,0.635799,0.506782,16.6116,19.095655,3.046578,18.715472,2.339949,19.073235,2.658298,18.649539,2.702912,18.333879,2.702223,18.302237,2.919768,17.822324,3.094471,17.389053,3.164105,0.003218,0.002355,0.080422,0.078509,0.039999,0.095697,-0.006932,-0.002027,-0.006932,0.035474,-0.006932,-0.027885,-0.019454,0,0,0,0,0,15.850832,17.572343,20.567358,31.629818,55.750472,59.798507,84.992634,0,0,0,0,0,8.933731,10.070093,13.04849,25.766991,49.504949,56.026226,76.222362,0,0,0,0,0,0.36,0.51,0.6,0.92,1.63,1.85,2.17,0,0,0,0,0,0.36,0.51,0.6,0.92,1.63,1.85,2.17,0,0,0,0.01,0.01,0.455,0.465,0.525,0.93,1.89,2,3.25,-2.967094433,-1.483547217,-0.494515739,-0.701235368,0.329799663,4.024468987,2.012234493,0.670744831,2.002308485,3.171271604,17,17,17,17,17,17,17,17,17,17,17,17,16.97569444,17,16,17.02083333,18,16,17.01273148,18,16,17.63125,22,16,17.65509259,22,16,17.2718254,33,15,17.07490079,33,15,16.96986607,33,15,0,1,2,2,6,6,18,18,18,-1.366262985,-0.613774551,-0.577167441,0.050371793,0.853659459,-2.449523713,-3.429655366,-4.284204711,-4.238628509,-3.028875413
8/2/2011 12:15,1.495544338,31.3,214,23.4,1,1,0,1,99.2,0,0.401400541,2.52,20.5,0,0,163.8,15.7,269.7,2.92,32,130.1,151.5,19.96,17.711704,0.192923,17.904627,18.434253,0.830733,0.700869,18.396161,19.262934,1.37169,18.971649,2.241831,18.869697,2.089923,19.012356,2.535477,18.769387,2.530321,18.208142,2.807071,17.886993,3.006034,17.515474,3.156242,0.823533,0.852095,0.639014,0.676405,0.536345,0.288142,-0.005583,-0.001516,-0.005583,0.02281,-0.005583,-0.027271,-0.021688,8.091542,10.474874,10.88858,32.36015,32.834362,32.834362,35.446697,50.406705,51.946181,86.008313,92.632869,116.760273,5.151147,7.866756,8.17935,32.354022,33.114131,33.114131,33.430674,43.184224,43.863722,80.809469,89.140356,107.37343,0.29,0.93,0.96,1.98,1.98,1.98,1.98,2.49,2.51,3.61,3.83,4.07,0.29,0.93,0.96,1.98,1.98,1.98,1.98,2.49,2.51,3.61,3.83,4.07,0.005,0.345,0.38,1.4,1.45,1.46,1.46,1.915,1.915,3.1,3.45,4.69,-4.345031169,-2.172515584,-1.959918562,-1.492663223,-1.342840342,4.137717262,2.068858631,3.017144954,2.322840485,1.750524851,29.83333333,36,25,25.875,36,21,24,36,21,22.98611111,36,17,19.99305556,36,17,18.484375,36,16,18.01157407,36,16,17.78958333,36,16,17.9994213,36,16,17.53397817,36,15,17.22916667,36,15,17.09362599,36,15,8,19,20,20,20,20,21,21,21,-1.27104302,-0.140963044,0.669761775,0.33274665,-0.545945006,-3.167454615,-3.44555085,-2.884936063,-2.534761943,-1.695284507
8/3/2011 10:36,2.762978491,579.4,215,26,3,1,0,0,104.5,0,0.960470778,9.13,23.1,0,1.4,178.8,15.5,219.9,2.33,22,128.7,315.8,19.2,20.382523,0.08181,20.300713,18.120001,1.590123,1.751145,18.777621,19.490903,1.728219,19.378351,1.562567,19.284119,2.177013,19.195281,2.288869,19.159921,2.460403,18.20725,2.81781,18.03798,2.988347,17.612324,3.087378,0,0,0.047866,0.1887,0.353141,0.409271,0.005177,-0.000496,0.005177,0.03243,0.005177,-0.031321,-0.003374,0,0,0,0,10.541759,32.901247,32.901247,50.47359,50.47359,71.586672,92.699754,116.827158,0,0,0,0,7.86796,33.115335,33.115335,43.185429,43.185429,66.163495,89.141561,107.374635,0,0,0,0,0.83,1.98,1.98,2.49,2.49,3.49,3.83,4.07,0,0,0,0,0.83,1.98,1.98,2.49,2.49,3.49,3.83,4.07,0,0,0.01,0.01,0.355,1.46,1.47,1.925,1.925,3,3.46,4.7,0.668813593,1.583788658,1.483768,2.51885266,1.671519277,-5.962607515,-3.811391081,-0.14083301,1.855347254,2.104733573,22,22,22,22.375,23,22,23.04166667,24,22,24.83333333,30,22,32.97222222,60,22,26.15104167,60,17,23.09259259,60,16,20.66597222,60,16,20.22164352,60,16,18.64285714,60,15,17.9781746,60,15,17.66021825,60,15,-2,38,43,44,44,44,45,45,45,2.775385469,2.603761892,2.518378141,2.886383753,2.089600203,2.387103318,1.682283332,-0.941339602,-0.770818266,-1.530728903
8/4/2011 11:50,2.152594078,142.1,216,27.6,2,2,0,6,101.3,0,0.247973266,1.77,21.7,0,0.5,156.1,15.3,347.2,2.25,19,102,352.1,19.1,20.013618,0.199602,19.814016,18.506143,1.098404,1.1044,17.794291,19.245385,2.322587,19.420259,2.049601,19.371958,1.849529,19.101901,2.087539,19.187687,2.276801,18.141151,2.795201,18.326549,2.833867,17.742424,3.055217,0,0,0.003661,0.001831,0.002919,0.159683,-0.003397,-0.002939,-0.003397,0.017695,-0.003397,-0.023256,-0.012889,0,0,0,0,0,8.158427,32.901247,48.502525,50.47359,79.895907,90.890263,115.606108,0,0,0,0,0,5.152352,33.115335,42.049067,43.185429,74.974601,87.139471,106.504822,0,0,0,0,0,0.08,1.98,2.07,2.49,3.49,3.78,4.02,0,0,0,0,0,0.08,1.98,2.07,2.49,3.49,3.78,4.02,0,0,0,0,0,0.015,1.46,1.475,1.925,3,3.405,4.7,0,-1.78025666,-1.472999986,-0.974423908,-0.142229231,0,2.414681392,2.251347767,1.771111032,1.13141429,19,19,19,19,19,19,19,19,19,19.04166667,20,19,19.86111111,22,19,26.34375,60,19,24.13541667,60,17,21.28958333,60,16,20.57233796,60,16,18.91666667,60,15,18.15740741,60,15,17.7953869,60,15,0,3,41,43,44,44,45,45,45,0.195922723,0.081478971,-0.089432033,-0.087076418,0.068180607,-3.591121252,-3.78314167,-4.044261007,-4.385285963,-2.814669937
8/7/2011 13:08,0.86923172,7.4,219,26.2,2,1,0,2,106.9,2,0.550228353,3.55,23.4,0,1.2,162.1,15.3,326.6,2,18,140.4,270.2,19,20.763775,0.064114,20.827889,20.271869,0.512995,1.005739,19.378922,19.440506,0.806134,20.098709,2.12708,20.048268,1.952735,19.843354,2.010806,19.749285,1.9296,18.773989,2.527602,18.755149,2.723328,18.231875,3.015717,0.034388,0.235717,0.404979,0.645634,0.695961,0.41165,0.009088,0.002876,0.009088,0.018832,0.009088,-0.011794,-0.009768,0,0,0,0.385137,5.921663,5.921663,5.921663,5.921663,38.82291,70.452728,95.684599,117.459952,0,0,0,0.0873,7.598154,7.872012,7.872012,7.872012,40.987347,66.754338,93.286905,111.640643,0,0,0,0.04,0.23,0.23,0.23,0.23,2.21,3.13,3.84,4.09,0,0,0,0.04,0.23,0.23,0.23,0.23,2.21,3.13,3.84,4.09,0,0,0,0.005,0.185,0.195,0.195,0.205,1.655,2.585,3.545,4.77,6.517546753,6.007861565,4.960034103,3.260949409,3.229455766,-6.206575894,-4.304335044,-2.537343365,-2.127103928,-2.438386854,17.08333333,18,17,17.16666667,18,17,17.72222222,18,17,17.90277778,19,17,17.8125,19,17,17.40625,19,17,17.58680556,19,17,20.84236111,60,17,20.87962963,60,17,18.94791667,60,16,18.27414021,60,15,17.89471726,60,15,-1,2,2,2,43,43,44,45,45,0.163883424,0.008000945,0.635531047,-0.407385579,-0.8023189,2.764049047,2.660465447,2.796701071,3.252572591,3.257535055
8/8/2011 12:00,0.799340549,6.3,220,26.9,3,1,0,1,100.2,1,-1,0.1,23.7,0,3.7,169.8,15.4,513.5,2,18,140.6,522.3,19,20.055582,0.162071,19.893511,18.861519,1.063449,1.20009,17.944822,18.794759,1.646086,19.12429,1.34461,19.680828,2.086672,19.633977,2.043408,19.654443,1.992836,18.894684,2.475882,18.724047,2.695965,18.255688,2.943536,0.101003,0.061152,0.221691,0.39908,0.27167,0.483099,-0.020315,-0.001847,-0.020315,0.020819,-0.020315,-0.020792,0.029402,0,0,0,0,0,5.921663,5.921663,5.921663,5.988548,70.452728,94.573382,98.621417,0,0,0,0,0,7.872012,7.872012,7.872012,7.873217,66.754338,90.492296,97.013573,0,0,0,0,0,0.23,0.23,0.23,0.28,3.13,3.84,4.06,0,0,0,0,0,0.23,0.23,0.23,0.28,3.13,3.84,4.06,0,0,0,0,0,0.195,0.195,0.195,0.205,2.585,3.315,3.655,-5.340769979,-5.204986505,-2.560789642,-1.280394821,0.461357912,7.244044176,6.035690491,3.034435664,1.517217832,-0.871544244,17.91666667,18,17,18,19,17,17.72222222,19,17,17.50694444,19,17,17.26388889,19,17,17.53645833,19,17,17.35763889,19,17,17.99166667,22,17,20.45428241,60,17,18.96205357,60,16,18.30390212,60,15,17.8968254,60,15,0,2,2,2,5,43,44,45,45,-0.394424619,-0.678337942,-0.163892267,-0.642424798,-0.44686808,-3.729068386,-4.018321394,-3.79523191,-3.835143687,-1.303076582
8/9/2011 12:30,1.565847819,36.8,221,21.9,1,1,4,6,130.1,20,0.238046103,1.73,22.4,0.5,7.8,159.4,15.3,286.3,2,18,140.4,407.1,19.1,18.72525,0.07601,18.64924,18.116705,0.488845,0.486941,17.857131,18.894768,1.530116,18.844764,1.589946,19.047783,1.413309,19.573078,1.914721,19.510776,1.986379,19.002037,2.34915,18.654067,2.630689,18.301724,2.871495,0.61983,0.685768,0.647501,0.535008,0.437363,0.354516,-0.012506,-0.004597,-0.012506,0.021041,-0.012506,-0.018466,0.010525,0,0,0,0,6.18216,6.18216,12.103823,12.103823,12.103823,76.634887,98.17902,104.803576,0.006251,0.006251,0.006251,0.006251,6.157889,6.157889,14.029901,14.029901,14.029901,72.912227,94.840575,103.171462,0,0,0,0.01,0.4,0.4,0.63,0.63,0.63,3.53,4.24,4.46,0,0,0,0.01,0.4,0.4,0.63,0.63,0.63,3.53,4.24,4.46,0.005,0.01,0.01,0.01,0.215,0.215,0.41,0.41,0.41,2.8,3.52,3.87,6.005235488,8.519574094,4.941022055,2.00153204,-0.595274868,13.74544094,12.66609536,10.24057325,8.321351535,7.128723,18,18,18,18,18,18,18,18,18,18.20138889,19,18,18.31944444,24,17,17.80034722,24,17,17.80439815,24,17,17.68333333,24,17,18.03240741,24,17,19.0577877,60,16,18.39864418,60,15,17.95374504,60,15,0,7,7,7,7,7,44,45,45,7.189849849,6.620395813,5.706027827,4.399405842,2.273662732,-2.646698707,-2.774122781,-4.102274095,-4.692203244,-4.905546085
8/10/2011 8:42,1.779596491,60.2,222,20,2,2,0,6,101.4,0,0.820201459,6.61,19.4,0.17,1.5,156.6,15.2,364.4,1.92,17,140.2,346.7,19,16.93672,0.501047,16.435673,15.893111,0.519728,1.131303,16.922634,18.035523,1.454829,18.556471,1.583813,18.68406,1.643838,19.272523,1.996929,19.354187,1.929577,19.082733,2.258242,18.590931,2.629995,18.349322,2.838173,0,0,0,0.132208,0.359582,0.350932,-0.045703,-0.001754,-0.045703,0.040214,-0.045703,-0.045703,0.029301,0,0,0,0,0.384522,6.566681,6.566681,12.488345,12.488345,65.95695,85.572524,105.188098,0,0,0,0,0.243542,6.39518,6.39518,14.267192,14.267192,60.432575,81.920664,103.408753,0,0,0.01,0.01,0.03,0.43,0.43,0.66,0.66,3.24,4.15,4.49,0,0,0.01,0.01,0.03,0.43,0.43,0.66,0.66,3.24,4.15,4.49,0,0,0,0,0.04,0.245,0.245,0.44,0.44,2.425,3.44,3.9,1.881136905,1.191730531,0.820757182,0.716863764,4.478557652,7.775688005,7.879950916,6.592691491,4.725594806,6.485229936,17.91666667,18,17,17.79166667,18,17,17.68055556,18,17,17.65972222,18,17,17.73263889,18,17,18.02777778,24,17,17.76388889,24,17,17.61597222,24,17,17.71759259,24,17,19.05381944,60,16,18.43584656,60,15,17.98871528,60,15,0,1,7,7,7,7,44,45,45,4.295784916,3.666528595,3.641824797,3.932096321,5.742488038,-4.935448692,-5.360253988,-4.858322064,-1.853999399,-1.066065583
8/15/2011 11:58,1.037426498,10.9,227,30.1,2,1,13,23,104.4,15,0.167317335,1.47,24.4,0,2,158.1,15.3,314.4,2,17,143.7,615.1,18.9,20.452871,0.28586,20.16701,18.831293,1.07844,0.904983,18.349131,19.395256,1.975715,18.404314,1.849706,18.428634,1.776506,18.604451,1.790517,18.512201,1.755189,19.080554,1.900372,18.785088,2.260153,18.68523,2.490832,0.034976,0.028804,0.041029,0.034539,0.047808,0.228555,-0.010549,-0.002245,-0.010549,0.020805,-0.010549,-0.03868,0.005684,0,0,0,0,0,0,0,0,0.384522,45.389592,77.019409,101.140063,0,0,0,0,0,0,0.139045,0.139045,0.382587,47.521572,73.288562,97.026521,0,0,0,0,0,0,0,0,0.03,2.64,3.56,4.27,0,0,0,0,0,0,0,0,0.03,2.64,3.56,4.27,0,0,0,0,0,0,0,0,0.03,1.9,2.83,3.56,-3.557081433,-2.224416446,-1.401103921,-1.15755133,-1.15479244,7.165694082,7.557918718,6.282542392,6.436603954,5.679421857,17.66666667,18,17,17.83333333,18,17,17.73611111,18,17,17.5,18,17,17.27777778,18,17,17.40972222,18,17,17.40046296,18,17,17.37708333,18,17,17.42013889,18,17,18.95560516,60,17,18.49090608,60,16,18.11507937,60,15,0,1,1,1,1,1,43,44,45,1.171295934,0.976991394,1.082581633,1.315502102,0.65704357,-3.200536424,-3.718443854,-4.253297376,-4.207582319,-2.873775206
8/16/2011 9:21,0.991226076,9.8,228,24.3,1,1,0,3,106.8,0,0.103803721,1.27,23.8,0,0,129,15.2,314.5,1.8,18,130.6,618.3,18.9,19.536272,0.368518,19.167754,18.23584,0.698359,0.57672,18.440419,20.237417,2.267108,19.749464,2.186083,18.97847,2.168284,18.917185,2.022941,18.857714,1.970288,19.143256,1.983631,18.913536,2.221219,18.691562,2.485398,0.064063,0.292434,0.259406,0.278839,0.235967,0.146068,-0.023871,0.000449,-0.023871,0.034619,-0.023871,-0.023871,0.025541,0,0,0,0,0,0,0,0,0,23.043313,77.019409,98.563542,0,0,0,0,0,0,0,0.139045,0.139045,22.376828,73.288562,95.21691,0,0,0,0,0,0,0,0,0,1.6,3.56,4.27,0,0,0,0,0,0,0,0,0,1.6,3.56,4.27,0,0,0,0,0,0,0,0,0,0.825,2.83,3.55,-4.747351093,-3.040628315,-1.013542772,-1.041632934,-2.16813004,6.439150379,4.56314283,1.52104761,0.903585085,2.724276566,18,18,18,18,18,18,17.91666667,18,17,17.84027778,18,17,17.51388889,18,17,17.40104167,18,17,17.43865741,18,17,17.39513889,18,17,17.38715278,18,17,18.83457341,60,17,18.5109127,60,16,18.15215774,60,15,0,1,1,1,1,1,43,44,45,-0.19498294,-0.510032289,-0.391626653,-0.457051448,-0.757396024,-4.684125216,-4.562721106,-4.367052772,-4.084483405,-2.754069612
8/17/2011 10:45,0.857332496,7.2,229,24.6,1,1,7,5,104,0,0.089905111,1.23,22.8,0.25,5,162.2,15.1,290.1,2.08,18,142.3,544.8,18.9,19.400354,0.295029,19.105325,18.718764,0.335982,0.371073,18.54568,19.562669,1.37424,19.91846,1.908723,19.729078,1.945634,19.010799,1.966418,19.037255,1.950313,19.15002,1.96587,19.052604,2.145586,18.678635,2.474784,0.009385,0.012088,0.087756,0.287245,0.263682,0.249799,0.028753,-0.002335,0.028753,0.028753,0.028753,-0.032427,-0.027336,0,0,0,0,5.795702,5.795702,5.795702,5.795702,5.795702,18.284046,71.752651,98.3717475,0,0,0,0,7.513787,7.513787,7.513787,7.652832,7.652832,21.920023,68.083849,96.0557675,0,0,0,0,0.21,0.21,0.21,0.21,0.21,0.87,3.45,4.36,0,0,0,0,0.21,0.21,0.21,0.21,0.21,0.87,3.45,4.36,0,0,0,0,0.18,0.18,0.18,0.18,0.18,0.62,2.605,3.62,2.351421131,2.233850074,1.806076613,0.487887561,-2.689965284,9.719610006,9.233629505,7.588506249,6.633652854,7.319964424,18,18,18,18,18,18,18,18,18,18.28472222,20,18,18,21,17,17.75694444,21,17,17.60069444,21,17,17.54097222,21,17,17.49768519,21,17,17.75248016,24,17,18.5229828,60,16,18.19828869,60,15,0,4,4,4,4,4,7,44,45,4.788014307,4.589740218,3.576249735,2.667056571,1.2599395,-3.077197746,-3.169541632,-3.706371924,-4.077269277,-4.66713361
8/18/2011 12:20,0.612783857,4.1,230,28.4,2,1,0,5,104.2,0,0.149219113,1.41,24,0.25,0,165,15.1,349.6,2.08,17,144.2,580.5,18.92,20.996555,0.232481,20.764074,19.295017,1.166594,0.993697,18.754218,19.431302,1.212158,19.439353,1.243055,19.708647,1.680682,19.222469,1.893531,19.091624,1.871151,19.160004,1.892653,19.155137,2.080802,18.652469,2.441656,0.021651,0.010826,0.003609,0.001804,0.002473,0.131758,0.027851,-0.005519,0.027851,0.027851,0.027851,-0.027677,-0.048156,0,0,0,0,0,5.795702,5.795702,5.795702,5.795702,18.284046,68.757636,98.179953,0,0,0,0,0,7.513787,7.513787,7.513787,7.652832,21.920023,65.105452,96.894625,0,0,0,0,0,0.21,0.21,0.21,0.21,0.87,3.36,4.36,0,0,0,0,0,0.21,0.21,0.21,0.21,0.87,3.36,4.36,0,0,0,0,0,0.18,0.18,0.18,0.18,0.62,2.545,3.62,-1.114689322,-1.827881217,-1.864972805,-1.873013071,-0.949272126,9.937679192,9.285752481,8.30914222,7.606468662,8.558830618,17,17,17,17,17,17,17.23611111,18,17,17.34722222,18,17,17.27083333,18,17,17.640625,21,17,17.60416667,21,17,17.525,21,17,17.5005787,21,17,17.5530754,24,17,18.43535053,60,16,18.23710317,60,15,-1,1,4,4,4,4,7,44,45,2.165482628,1.781340835,1.597849203,2.105653518,2.883407994,-4.222101194,-3.893781485,-4.689340942,-5.360246402,-5.15805902
8/23/2011 9:35,1.439332694,27.5,235,22.7,1,1,0,1,102.5,12,-0.468521083,0.34,19.4,0,3.9,127.7,15.2,337.4,2.17,18,143,546.2,19.05,18.703558,0.007646,18.695912,18.402989,0.297633,0.36325,18.342581,18.974032,1.146347,18.112801,1.973869,18.004737,2.118147,18.491887,2.152967,18.637502,2.047568,18.758409,1.962813,19.021435,1.99567,18.8796,2.168221,0.138841,0.087643,0.143196,0.071598,0.098678,0.118319,-0.013802,-0.001876,-0.013802,0.029657,-0.013802,-0.033333,0.013392,0.497967,0.497967,0.497967,0.497967,0.497967,0.553154,0.849964,4.734032,4.734032,10.914256,33.573048,87.549143,0.376998,0.376998,0.376998,0.376998,0.376998,0.409549,1.056678,5.876266,5.876266,13.77264,35.76688,86.678615,0,0,0,0,0,0,0,0.06,0.06,0.3,1.87,3.83,0,0,0,0,0,0,0,0.06,0.06,0.3,1.87,3.83,0,0.03,0.03,0.03,0.03,0.03,0.055,0.185,0.185,0.405,1.19,3.195,-4.001716613,-4.897545752,-2.855700476,-3.204369775,-3.954495078,8.061405842,6.789181096,2.984075169,3.306724364,5.272877231,18,18,18,18,18,18,17.93055556,18,17,17.64583333,18,17,17.32291667,18,17,17.17534722,18,17,17.1875,18,17,17.34791667,21,17,17.35358796,21,17,17.44072421,21,17,18.37070106,60,17,18.24491567,60,16,0,1,1,1,4,4,4,43,44,-1.138816177,-0.842771012,-0.948004353,-0.738470134,0.062448918,-5.489925095,-5.343631984,-5.367121973,-5.133314556,-4.876331508
8/24/2011 11:10,2.861534411,727,236,23.5,1,1,0,10,100.9,25,0.866877814,7.36,21.1,0.5,2.2,162.1,15.4,323.5,2,17,144.4,355.9,18.05,19.311487,0.13623,19.175258,19.193776,0.206081,0.561359,19.520792,19.328364,0.840823,19.23983,0.97738,18.596848,1.768932,18.353721,2.013944,18.62883,2.01675,18.85729,1.931281,19.011289,1.965369,18.978939,2.098253,0.126088,0.063044,0.021015,0.030794,0.153886,0.108369,-0.014411,-0.002824,-0.014411,0.029556,-0.014411,-0.033574,0.023177,0,0,0,0.166644,5.989808,6.487775,6.542962,6.839772,10.72384,16.519542,29.007887,82.476492,0,0,0,0.046806,5.382956,5.759954,5.792505,6.464225,11.259222,18.912054,33.179245,79.257621,0,0,0,0,0.52,0.52,0.52,0.52,0.58,0.79,1.45,4.03,0,0,0,0,0.52,0.52,0.52,0.52,0.58,0.79,1.45,4.03,0,0,0,0.01,0.075,0.105,0.105,0.13,0.26,0.44,0.88,2.835,8.854264788,8.030273687,6.344591953,2.363475999,-0.091570386,13.32673985,14.91063449,12.42577768,11.35545058,8.087401341,17.83333333,18,17,17.75,18,17,17.91666667,18,17,17.95138889,18,17,17.96527778,18,17,17.67534722,18,17,17.45023148,18,17,17.44027778,19,17,17.46064815,21,17,17.46180556,21,17,17.64517196,24,17,18.25173611,60,16,-1,1,1,1,2,4,4,7,44,8.469279899,7.440115313,6.5783394,3.955024231,2.314403284,-3.389026685,-3.532995732,-3.034665719,-4.660045191,-4.239436831
