dates,logEcoli,beachEColiValue,jday,beachSc,LOGbeachTurbidityBeach,beachTurbidityBeachLog,beachWaterTemp,tribBayCityCreekAtHwy204026368TribSc,MeairTemperatureCover1hrX3Y12,MeairTemperatureCover2hrX3Y12,MeairTemperatureCover6hrX3Y12,StDewindTemperatureCover6hrX3Y12,StDewindTemperatureCover12hrX3Y12,MeairTemperatureCover12hrX3Y12,MeairTemperatureCover24hrX3Y12,StDewindTemperatureCover24hrX3Y12,MeairTemperatureCover48hrX3Y12,StDewindTemperatureCover48hrX3Y12,MeairTemperatureCover72hrX3Y12,StDewindTemperatureCover72hrX3Y12,MeairTemperatureCover120hrX3Y12,StDewindTemperatureCover120hrX3Y12,MeanCloudCoverover1hrX3Y12,MeanCloudCoverover2hrX3Y12,MeanCloudCoverover6hrX3Y12,MeanCloudCoverover12hrX3Y12,MeanCloudCoverover24hrX3Y12,MeanCloudCoverover48hrX3Y12,MeanHeightAboveModelSeaLevelmover1hrX3Y12,MeanHeightAboveModelSeaLevelmover24hrX3Y12,MaxHeightAboveModelSeaLevelmover1hrX3Y12,MaxHeightAboveModelSeaLevelmover24hrX3Y12,MinHeightAboveModelSeaLevelmover1hrX3Y12,MinHeightAboveModelSeaLevelmover24hrX3Y12,DiffHeightAboveModelSeaLevelmover24hrX3Y12,uploadkreher1hrsqrt,uploadkreher2hrsqrt,uploadkreher6hrsqrt,uploadkreher12hrsqrt,uploadkreher24hrsqrt,uploadkreher48hrsqrt,uploadkreher72hrsqrt,uploadkreher120hrsqrt,uploadmaslowski1hrsqrt,uploadmaslowski2hrsqrt,uploadmaslowski6hrsqrt,uploadmaslowski12hrsqrt,uploadmaslowski24hrsqrt,uploadmaslowski48hrsqrt,uploadmaslowski72hrsqrt,uploadmaslowski120hrsqrt,WCrainsum1sqrt,WCrainsum2sqrt,WCrainsum6sqrt,WCrainsum12sqrt,WCrainsum24sqrt,WCrainsum48sqrt,WCrainsum72sqrt,WCrainsum120sqrt,WCQdifference6,WCQmax24,WCQmean1log,WCQmean12log,WCQmean120log,WCQmean2log,WCQmean24log,WCQmean48log,WCQmean6log,WCQmean72log,WCQmin1,WCQmin12,WCQmin120,WCQmin2,WCQmin24,WCQmin48,WCQmin6,WCQmin72,parwindMean1hr,parwindMean2hr,parwindMean6hr,parwindMean12hr,parwindMean24hr,perpwindMean1hr,perpwindMean2hr,perpwindMean6hr,perpwindMean12hr,perpwindMean24hr
40338.50208,1.474216264,29.8,160,97.7,0.912753304,8.18,18.9,328.5,14.061243,12.752728,11.867312,1.002815,1.081552,11.062289,10.580624,0.928647,11.736595,2.675394,11.211042,2.788998,11.068251,2.468332,0.75383,0.80641,0.600527,0.568443,0.753347,0.435622,0.010262,0.001356,0.010262,0.048669,0.010262,-0.038224,-0.017542,0,0,0,0,4.592693763,5.194297643,5.194297643,5.526027325,0,0,0,0,4.562681448,5.044681457,5.044681457,5.257144377,0,0,0.1,0.1,0.989949494,1.048808848,1.048808848,1.1,-3,27,1.366422957,1.388796629,1.278102306,1.373371817,1.375854052,1.309467513,1.391376239,1.285630227,23,23,17,23,18,17,23,17,-6.49732,-6.5921845,-6.6188378,-5.45458476,-2.87799516,-2.189631,-2.473314,-0.3727755,0.893346443,2.513785292
40339.46111,0.612783857,4.1,161,102.6,0.100370545,1.26,19.4,353.6,12.903536,12.91784,11.577908,1.684876,1.677951,10.452029,11.885819,2.103101,11.159281,1.705093,11.815068,2.537806,11.087419,2.459155,0.229597,0.213851,0.366945,0.220419,0.429972,0.588983,0.020441,-0.000042,0.020441,0.063869,0.020441,-0.048607,-0.010179,0,0,0,0,0.634939367,4.830909128,5.232960539,5.56238483,0,0,0,0,1.11641838,4.830917304,5.166739881,5.373811776,0,0,0,0,0,1.004987562,1.048808848,1.1,0,24,1.278753601,1.283960464,1.283725137,1.278753601,1.309689299,1.341702372,1.278753601,1.307689134,19,19,17,19,19,17,19,17,2.5786106,2.0597093,-0.057553727,-2.097851563,-3.384474523,-1.7229139,-1.7330354,-0.1228675,0.263863551,-1.3661633
40340.46944,2.991403303,980.4,162,89.2,1.130333768,13.5,15.5,154.6,11.537662,11.428876,11.173369,0.697988,0.881897,10.448212,11.06831,1.169063,11.477065,1.749843,11.128958,1.547784,11.296736,2.417904,1,0.985271,0.975458,0.959462,0.802127,0.61605,0.03691,0.005917,0.03691,0.065574,0.03691,-0.057125,-0.014084,2.2168843,3.69143617,4.657388646,4.657388646,4.657388646,4.70046987,6.71036154,7.005365444,1.947344089,3.311683107,4.323488291,4.323488291,4.323488291,4.465304133,6.483079052,6.737043268,0.374165739,0.678232998,0.994987437,0.994987437,0.994987437,0.994987437,1.407124728,1.445683229,16,34,1.48784512,1.291115907,1.287288407,1.428674626,1.273804777,1.291539966,1.324225277,1.320348263,28,18,17,20,18,18,18,17,4.9243911,4.903071,3.74599907,3.23697479,3.733730437,-0.22551782,-0.05816546,0.518579762,1.039443172,0.14667669
40341.62292,0.491361694,3.1,163,187.2,0.012837225,1.03,17.1,201.2,10.858103,10.940256,10.469335,0.509981,0.583021,10.022975,10.063843,0.69532,10.493901,1.003437,10.925264,1.557881,11.189337,2.014139,0.883943,0.918898,0.963733,0.981866,0.987645,0.93567,-0.050746,0.007614,-0.050746,0.069658,-0.050746,-0.055131,0.020545,0,0,0,0,0.881194644,5.751566656,5.786507237,7.77588548,0,0,0,0.217811845,0.684540722,5.019957072,5.132776052,7.203830231,0,0,0,0.1,0.282842712,1.240967365,1.240967365,1.624807681,-3,123,1.51851394,1.576597269,1.468244736,1.520155887,1.787647393,1.632748945,1.537993897,1.546145498,33,33,17,33,33,18,33,18,3.2023419,2.6612214,2.43393565,2.94863999,4.511045888,-1.9229554,-1.6176757,-1.6901174,-1.686345578,-1.966541848
40351.42222,2.131618664,135.4,173,108.2,0.788168371,6.14,19.9,199.9,15.172716,15.385644,13.746528,1.747581,1.497236,12.918659,13.878007,1.809628,14.649892,2.60456,14.16214,2.43841,14.741989,2.20332,0.999358,0.994186,0.740256,0.734192,0.744515,0.432722,-0.001971,0.003955,-0.001971,0.043222,-0.001971,-0.03722,-0.00876,0,0,0.408220529,0.408220529,5.40664776,5.40664776,5.40664776,5.524697277,0,0,0.216346944,0.216346944,5.54183282,5.54183282,5.54183282,5.731355424,0,0,0,0,1.118033989,1.118033989,1.118033989,1.140175425,-6,57,1.468593459,1.563200826,1.334062621,1.4740948,1.513226851,1.40683576,1.499266939,1.36661749,29,29,18,29,18,18,29,18,1.271587,0.55143135,-0.64121503,-1.00681937,-0.015597225,-1.034043,-1.160634,0.129834,1.03628739,0.017768825
40352.42014,1.285557309,19.3,174,110.7,0.357934847,2.28,20.8,222.7,17.568483,15.795926,14.563231,1.37565,1.079792,14.303807,15.16023,1.527438,14.519118,1.793024,14.820004,2.314747,14.687334,2.264981,0.307012,0.541172,0.682089,0.483831,0.332155,0.538335,-0.041306,-0.000205,-0.041306,0.031129,-0.041306,-0.041306,0.009458,0,0,0.047010637,0.047010637,1.299510677,5.560626583,5.560626583,5.560626583,0,0,0.249487475,0.522651892,2.131100655,5.937465874,5.937465874,5.937465874,0,0,0,0,0,1.118033989,1.118033989,1.118033989,-1,29,1.322219295,1.345564312,1.353587678,1.323939275,1.382404811,1.452457309,1.334956116,1.398643157,21,21,18,21,21,18,21,18,-2.075365,-2.6994349,-2.85560878,-2.01340522,-0.455052358,-0.2647643,1.5174336,2.26849942,1.385399384,0.246301284
40364.43611,1.127104798,13.4,186,87.2,0,0,18.8,391.2,21.029877,20.509999,18.656275,1.521832,1.219668,18.188126,18.483143,0.995694,18.693866,1.084465,18.257283,1.344855,17.042565,2.176182,0.419279,0.467132,0.390574,0.403155,0.38556,0.290977,0.032944,0.001437,0.032944,0.032944,0.032944,-0.027866,-0.011898,0,0,0,0,0.813641813,0.813641813,0.813641813,0.952676755,0,0,0,0,0.851689497,0.902743042,0.902743042,0.950824379,0,0,0,0,0.1,0.141421356,0.141421356,0.141421356,0,19,1.269123617,1.263241435,1.265800168,1.270096281,1.263159174,1.260270195,1.269448081,1.261675814,18,18,18,18,18,18,18,18,0.6826355,0.86401775,-0.433113567,-1.415145817,-2.430481725,-1.218385,-1.1037808,0.37038763,1.28030457,1.32375117
40365.43403,1.588831726,38.8,187,95.7,0,0,19.9,348.1,17.447847,17.274127,17.082079,0.68085,0.529596,16.954172,18.342182,1.835382,18.412663,1.478169,18.576638,1.390829,17.84551,1.70266,0.542397,0.628565,0.640913,0.706455,0.460799,0.423179,0.01645,0.002094,0.01645,0.027957,0.01645,-0.020129,-0.006812,0,0,1.143521753,2.160407832,3.435091411,3.530136825,3.530136825,3.530136825,0,0,1.006300651,2.382397322,3.894955327,3.986985453,3.998202346,3.998202346,0,0,0.173205081,0.447213595,0.632455532,0.640312424,0.64807407,0.64807407,0,20,1.278753601,1.280654236,1.265718391,1.278753601,1.27292084,1.268067433,1.284743965,1.264528153,19,18,18,19,18,18,19,18,0.81328367,0.942578835,-0.758660805,-1.014467787,0.603214848,-2.4163982,0.2197998,-0.576175305,0.181644548,-0.690377856
40366.42431,0,1,188,102.7,-0.744727495,0.18,23.3,432.1,21.139736,20.977721,18.058523,2.13041,1.63937,17.535561,19.857647,3.081437,19.099915,2.646904,18.894324,2.255158,18.594336,2.014455,0,0,0.085182,0.115937,0.181035,0.320917,0.015492,-0.000049,0.015492,0.025023,0.015492,-0.02306,-0.022302,0,0,0,0,0,3.435091411,3.530136825,3.530136825,0,0,0,0,0,3.894955327,3.986985453,3.998202346,0,0,0,0,0,0.632455532,0.64807407,0.64807407,0,19,1.259275248,1.25560748,1.26314272,1.257278488,1.257528585,1.265251966,1.255942196,1.264528153,18,18,18,18,18,18,18,18,2.1071143,1.7892952,-0.60523177,-1.85845666,-1.347981542,-1.0258717,-0.6728657,0.619210312,1.376959781,0.319821962
40371.42153,2.638688887,435.2,193,102.8,-0.602059991,0.25,21.3,389.9,19.34051,18.843709,16.758817,1.776227,1.386378,16.473179,17.998504,2.096157,18.875423,1.953902,18.992813,2.217685,18.771455,2.331384,0.00353,0.001765,0.054805,0.097068,0.246939,0.212467,0.002393,0.002843,0.002393,0.025147,0.002393,-0.011895,-0.007348,0,0,0,0,1.901062598,1.908684364,1.908684364,1.908684364,0,0,0,0,1.82207766,1.84924417,1.84924417,1.84924417,0,0,0,0,0.774596669,0.774596669,0.774596669,0.774596669,-1,29,1.257278488,1.272196277,1.259640326,1.260270195,1.288795539,1.269123617,1.266845559,1.263652504,18,18,17,18,18,17,18,17,2.4652403,1.0297692,-1.923932317,-2.603403983,-2.813462242,-1.4527311,-1.6102018,0.430462553,-0.747514324,-0.948219447
40372.43125,2.04060234,109.8,194,101.3,-0.48148606,0.33,20.5,438,19.905878,19.629106,17.204404,2.045098,1.797179,16.155431,17.568924,2.080404,17.783714,2.099313,18.439924,2.089777,18.628397,2.361233,0,0,0.242011,0.195985,0.104921,0.17593,-0.015134,0.000858,-0.015134,0.02034,-0.015134,-0.015134,0.005731,0,0,0,0,0,1.901062598,1.908684364,1.908684364,0,0,0,0,0,1.82207766,1.84924417,1.84924417,0,0,0,0,0,0.774596669,0.774596669,0.774596669,0,18,1.255272505,1.255272505,1.259640326,1.255272505,1.255272505,1.272357396,1.255272505,1.264555489,18,18,17,18,18,18,18,17,3.6860269,2.8049724,-0.2124302,-1.1230161,0.989175171,-0.67406173,-0.65380403,1.36769652,2.170009603,0.760915415
40378.43403,0,1,200,92.4,-0.327902142,0.47,21.7,325.1,19.526468,19.552755,17.436858,1.57656,1.298582,17.155388,18.689009,2.170615,18.616414,1.986412,18.639789,2.006609,18.624368,1.680547,0,0,0.051033,0.222213,0.214604,0.237966,-0.004267,0.001931,-0.004267,0.030327,-0.004267,-0.014411,-0.007277,0,0,0,0.88669837,0.898522676,3.644065312,3.644065312,5.069237418,0,0,0,0.662078545,0.887580419,3.732353815,3.732353815,5.306546052,0,0,0,0,0,0.223606798,0.223606798,0.793725393,0,20,1.255272505,1.255272505,1.261461132,1.255272505,1.258610681,1.256109458,1.255272505,1.253116915,18,18,17,18,18,17,18,17,-0.20184902,-0.60193881,-1.96454827,-2.430688927,-0.573686144,-1.6136371,-0.47335178,1.62368969,1.442559591,0.124644946
40379.36597,2.713658516,517.2,201,95.4,0,0,21,257.2,16.396864,16.266135,15.971412,0.467851,0.650819,16.445808,18.619758,2.468597,18.584304,2.330737,18.601174,2.166417,18.642986,1.97932,0.087733,0.088838,0.136497,0.377699,0.257878,0.267929,-0.009809,0.000344,-0.009809,0.015581,-0.009809,-0.012521,-0.000927,0,0,0,0,0.447532122,1.244512756,3.671443449,3.762910974,0.075385675,0.075385675,0.075385675,0.075385675,0.235231801,1.042345912,3.739759217,3.790524766,0,0,0,0,0,0,0.223606798,0.244948974,0,18,1.255272505,1.255272505,1.253189876,1.255272505,1.253593746,1.257695237,1.255272505,1.255272505,18,18,17,18,17,17,18,17,-2.671156,-3.0778837,-2.320140992,-2.335871538,-1.15930462,2.558937,2.7045318,3.09843423,2.96101902,1.177346206
40380.4125,0.934498451,8.6,202,108.8,-0.744727495,0.18,21.6,483,19.633017,18.753512,17.791451,0.851064,0.663292,17.526018,18.422237,1.499673,18.462525,2.053828,18.528861,2.093302,18.561475,2.0256,0,0,0,0.101193,0.23964,0.257678,0.012463,-0.00136,0.012463,0.018195,0.012463,-0.017801,-0.014665,0,0,0,0,1.095099539,1.217827163,1.51342195,3.842175816,0,0,0,0,0.795469673,0.877900906,1.248402179,3.834211131,0,0,0,0,0,0,0,0.223606798,0,18,1.255272505,1.255272505,1.253644203,1.255272505,1.255272505,1.254433937,1.255272505,1.256165197,18,18,17,18,18,17,18,17,-4.199979,-4.419336,-5.14315378,-4.76910101,-1.939091626,-2.257129,-1.77289,-0.13640954,0.977616916,0.517607263
40385.42778,1.130333768,13.5,207,98.9,-0.236572006,0.58,23.1,492,21.332167,20.882676,19.059638,1.464199,1.138417,18.628487,20.793946,3.007563,19.70015,2.672407,19.626699,2.496554,19.489648,2.330987,0.022307,0.011154,0.05948,0.043158,0.03255,0.13041,0.000589,-0.001234,0.000589,0.028823,0.000589,-0.019399,-0.010781,0,0,0,0,0,0.212313448,1.35778091,1.462106699,0,0,0,0,0,0.779607594,1.462697508,1.498827875,0,0,0,0,0,0,0,0,0,18,1.255272505,1.255272505,1.251672011,1.255272505,1.248007343,1.251655116,1.255272505,1.251373436,18,18,17,18,17,17,18,17,-2.1972,-2.2501328,-3.00081908,-3.47314434,-2.06988174,3.066652,2.944068,2.85756303,2.79402837,1.370033152
40392.41667,2.396024897,248.9,214,99.9,-0.065501549,0.86,22.6,204.9,20.93426,20.573852,19.76618,0.798265,0.726505,19.647746,20.677355,1.271176,20.219439,1.443439,20.000313,1.564032,19.964051,1.845177,0.926206,0.825416,0.478823,0.717144,0.562359,0.381674,-0.012522,-0.000972,-0.012522,0.022755,-0.012522,-0.025052,0.001995,0,0,0.617821981,6.652281864,6.67573906,6.682732675,7.185520788,7.185520788,0,0,0.426615752,6.835662002,6.901617999,6.904856407,7.25650894,7.25650894,0.469041576,1.345362405,1.349073756,1.349073756,1.349073756,1.360147051,1.431782106,1.435270009,3,70,1.737060054,1.634799037,1.315139076,1.767774079,1.485238214,1.385364187,1.758196727,1.35155654,51,18,17,51,18,18,47,17,2.5908593,2.3964238,0.009742324,0.422734637,-1.793608394,-0.3815009,-0.7774079,1.1314575,1.365618333,1.897311767
40393.43056,1.190331698,15.5,215,103.3,-0.585026652,0.26,23.6,259.4,21.933874,21.548184,20.401862,0.916942,0.857543,19.849139,20.908532,1.463138,20.792944,1.375388,20.449136,1.485976,20.200535,1.793737,0.315054,0.371185,0.248137,0.349375,0.433169,0.497764,-0.017685,-0.000658,-0.017685,0.033192,-0.017685,-0.023959,-0.006274,0,0,0,0,0,6.67573906,6.682732675,7.185520788,0,0,0,0,0.087595662,6.90217386,6.905412008,7.25703755,0,0,0,0,0,1.349073756,1.360147051,1.431782106,-1,49,1.322219295,1.348007225,1.354615247,1.322219295,1.442882433,1.467900866,1.325082156,1.407937481,21,21,17,21,21,18,21,18,-4.425397,-4.325646,-3.90822587,-3.26762432,-0.952269811,2.190738,2.38043,2.31640417,2.1041509,0.486155051
40399.43403,0.924279286,8.4,221,99.4,-0.292429824,0.51,24,378,21.269537,21.115133,20.680104,0.569063,0.655109,20.218774,20.945264,0.972893,20.644988,1.281989,20.178975,1.627317,20.193305,1.669908,0.840226,0.908991,0.842832,0.816176,0.709985,0.617188,-0.031131,0.001145,-0.031131,0.022148,-0.031131,-0.031131,0.009787,0,0,0,0,0,3.586263097,3.586263097,3.591296841,0,0,0,0,0,4.283622416,4.283622416,4.316097311,0,0,0,0,0,0.787400787,0.787400787,0.921954446,0,19,1.255272505,1.255272505,1.247495907,1.255272505,1.256360229,1.264842409,1.255272505,1.253677838,18,18,17,18,18,17,18,17,-2.710027,-2.49417,-1.04641728,-1.530882082,0.717383801,-0.02164487,-0.20695888,-0.15030004,0.170972411,-0.405903213
40407.43542,1.702430536,50.4,229,93.1,1.093421685,12.4,17.1,194.6,16.074667,15.845942,15.368437,0.4517,0.824686,15.963655,17.532929,1.777655,17.855619,1.60243,18.923798,2.309901,20.0031,2.650985,0,0,0.018166,0.018947,0.147203,0.301558,-0.000262,0.001913,-0.000262,0.049121,-0.000262,-0.039743,-0.039482,0,0,0,0,0,1.337963378,1.340098504,8.485982265,0,0,0,0,0,1.043752844,1.043752844,7.815989765,0,0,0,0,0,0.331662479,0.331662479,1.288409873,0,19,1.278753601,1.278753601,1.410413998,1.278753601,1.278753601,1.286540671,1.278753601,1.325082156,19,19,17,19,19,19,19,19,-3.420403,-4.7670482,-6.28213502,-6.65880813,-6.769617658,-2.523515,-3.1434524,-1.38858493,-0.551880993,-1.874748813
40408.6875,2.304059466,201.4,230,93.2,1.136720567,13.7,16.6,210.8,16.676014,16.577442,16.65124,0.599256,0.697842,17.188452,18.048711,1.136363,17.685477,1.47945,17.836258,1.435428,18.918247,2.016462,0.534705,0.634763,0.727258,0.768343,0.43952,0.240281,-0.00568,0.005578,-0.00568,0.050009,-0.00568,-0.05071,-0.016734,0,1.145602025,2.859039349,4.304949593,4.304949593,4.304949593,4.508074644,8.143471496,0.068869442,0.937672118,2.763548444,4.411669752,4.411669752,4.411669752,4.533458944,7.721014376,0,0,0.529150262,0.8,0.8,0.8,0.866025404,1.292284798,1,24,1.374137094,1.322793379,1.415460264,1.370297153,1.29549074,1.285408831,1.352450518,1.286332737,23,19,18,22,18,18,22,18,-1.5299573,-2.3809926,-0.89601552,-3.25865672,-4.385868467,3.2669156,2.5257363,0.33026647,1.009215743,2.287045676
40694.5625,1.681241237,48,151,113.1,0.457881897,2.87,17.4,111.7,13.344785,12.480425,12.027785,0.787209,2.702592,9.415863,8.430627,2.464491,8.863998,2.223821,8.886542,2.31999,7.486877,2.809444,0.103437,0.310485,0.216012,0.302073,0.424247,0.610041,-0.014825,0.004077,-0.014825,0.059157,-0.014825,-0.049938,0.012978,0.408220529,1.154220083,1.785228557,1.785228557,1.853276558,6.585586231,6.740333078,7.24459081,0.216346944,0.581755963,1.623301574,1.623301574,1.699186276,6.174067379,6.309542456,6.984534917,0,0,0.2,0.2,0.2,1.048808848,1.053565375,1.161895004,-5,214,1.485484818,1.549377962,1.524522331,1.488433197,1.780482332,1.748632112,1.502123524,1.639643253,30,30,18,30,30,18,30,18,-6.192937,-4.3129258,-3.83364063,-1.940744492,0.85342845,5.703373,5.6051929,5.55818635,3.31738239,1.06720837
40695.34722,1.946452265,88.4,152,102.8,1.209515015,16.2,13.9,157.7,8.002347,8.085044,8.381919,0.262865,0.564604,8.805918,10.424049,1.808089,9.062331,2.215488,9.408978,2.24711,8.509831,2.355845,0.834048,0.887484,0.907949,0.925122,0.637428,0.572454,-0.002724,-0.025146,-0.002724,0.036496,-0.002724,-0.101678,0.037534,0,0,0,0,1.785228557,5.29030708,6.585586231,7.24459081,0,0,0,0.036796739,1.623718264,4.570111158,6.174176949,6.984631773,0,0,0,0,0.2,0.632455532,1.048808848,1.161895004,-2,34,1.371067862,1.401663757,1.541475234,1.375663614,1.440044967,1.76243889,1.384213984,1.659268975,23,23,18,23,23,23,23,18,-7.545381,-8.0526675,-9.0121908,-9.732942,-8.370320788,-2.11773,-2.34016,-1.13973546,0.337431659,2.5427334
40698.40486,1.489958479,30.9,155,107.9,0.866287339,7.35,13.8,278.8,11.809399,11.667454,9.9432,1.441088,1.44806,9.411621,10.256749,1.63328,9.84968,1.386319,9.421193,2.151695,9.281783,2.182067,0,0,0.00236,0.108322,0.114897,0.211855,0.042069,0.005472,0.042069,0.081204,0.042069,-0.055183,-0.057698,0,0,0,0.051390661,0.661814929,0.738070457,0.738070457,5.178726291,0,0,0,0,0.783698284,0.84040169,0.84040169,4.501237163,0,0,0,0,0,0,0,0.509901951,0,20,1.278753601,1.278753601,1.541509907,1.278753601,1.278912305,1.280258956,1.278753601,1.294343734,19,19,19,19,19,19,19,19,-3.24796,-3.538714,-3.7922858,-3.33927634,-2.049880389,3.740494,3.2775,2.917672,2.010872181,2.107153647
40700.57639,0,1,157,105.3,0.899820502,7.94,21.6,368.6,12.603293,13.390352,11.93194,1.618181,2.563796,9.785358,10.433681,2.794388,11.061995,2.950866,11.048218,2.917545,10.28801,2.846089,0.104289,0.052144,0.022768,0.135481,0.081781,0.049046,0.006053,0.003005,0.006053,0.075494,0.006053,-0.061849,0.015039,0,0,0,0,0,0,0.564357156,0.738070457,0,0,0,0,0,0,0.681204081,0.84040169,0,0,0,0,0,0,0,0,-1,19,1.257278488,1.273804777,1.280891232,1.257278488,1.265620238,1.266682382,1.270420019,1.270743516,18,18,18,18,18,18,18,18,1.665598,1.566134,2.1756228,1.258433004,1.007270631,-3.648993,-3.09348,-1.925362413,-0.248847713,-0.174142015
40701.42361,0.799340549,6.3,158,104,0.86923172,7.4,18,277.5,11.570029,11.763563,10.188248,1.218263,1.272699,9.890912,11.108841,1.995143,10.68574,2.381579,11.220426,2.910173,10.704764,2.509984,0.044782,0.090404,0.422545,0.40174,0.218,0.147718,-0.012016,0.000634,-0.012016,0.054821,-0.012016,-0.068575,-0.014673,0,0,0.446487402,2.501979217,2.501979217,2.501979217,2.501979217,2.608572023,0,0,0.516929396,2.090602545,2.090602545,2.090602545,2.090602545,2.253196396,0,0,0,1.044030651,1.044030651,1.044030651,1.044030651,1.044030651,-1,22,1.278753601,1.284117277,1.27343535,1.278753601,1.271389788,1.268189432,1.301933835,1.268961294,19,18,18,19,18,18,19,18,2.5828833,2.4663786,1.73412765,0.928810258,1.157347654,-2.9597657,-1.3932874,0.71317152,1.288054093,-0.098661516
40702.39931,0.301029996,2,159,105.8,0.559906625,3.63,18.6,335.9,11.863267,11.239852,9.708176,1.42165,1.462268,9.947277,10.548366,1.284927,10.839418,1.707596,10.644994,2.084948,10.902104,2.476984,0.00612,0.005972,0.004486,0.009619,0.032548,0.124341,0.031061,0.007434,0.031061,0.054119,0.031061,-0.056906,-0.043076,0,0,0,0,0,2.501979217,2.501979217,2.588029753,0,0,0,0,0,2.090602545,2.090602545,2.232667015,0,0,0,0,0,1.044030651,1.044030651,1.044030651,0,19,1.278753601,1.278753601,1.272936927,1.278753601,1.278753601,1.275087302,1.278753601,1.271685675,19,19,18,19,19,18,19,18,-1.593455,-0.61554535,-0.74973325,-2.00484045,0.967147429,-1.6823421,-1.530235,0.1314481,0.57428948,-1.03285131
40703.36806,0,1,160,89.9,0.678518379,4.77,16.7,358.9,7.653939,7.417502,7.096202,0.32953,0.517051,6.951734,10.294604,3.616042,10.42344,2.717593,10.642643,2.51957,10.909226,2.864735,0.841478,0.838398,0.866544,0.904098,0.640077,0.339019,0.028869,0.006781,0.028869,0.071241,0.028869,-0.081974,0.002192,0,0,0,0,0,0,2.501979217,2.501979217,0,0,0,0.131373513,0.131373513,0.131373513,2.094726235,2.094726235,0,0,0,0.173205081,0.2,0.2,1.063014581,1.063014581,0,19,1.255272505,1.263734671,1.269804711,1.255272505,1.263241435,1.271066772,1.255942196,1.271174471,18,18,18,18,18,18,18,18,4.834674,4.726626,4.76572522,5.63228033,2.333946745,-1.164338,-1.347636,-0.946699752,-0.919262065,-1.913025978
40706.37917,0,1,163,106.5,0.662757832,4.6,16.1,553.1,11.188328,9.658393,7.224067,1.984373,1.589483,6.583828,8.548134,2.814713,7.535901,2.264347,7.429811,1.966282,8.590717,2.709294,0,0,0,0,0.149633,0.483093,-0.054837,-0.003625,-0.054837,0.065441,-0.054837,-0.054837,0.030919,0,0,0,0,0,0.584136114,0.586578213,0.586578213,0,0,0,0,0,0.578827263,0.975171267,0.983980691,0,0,0,0,0,0.1,0.1,0.223606798,0,18,1.255272505,1.255272505,1.261345489,1.255272505,1.255272505,1.255314391,1.255272505,1.254853423,18,18,17,18,18,18,18,17,-3.538341,-2.944018,-2.93549523,-2.62602372,-0.743953656,0.7991041,1.642922,2.47258113,2.86237938,0.927712354
40707.38889,0,1,164,107.5,0.575187845,3.76,18.7,594,13.218453,11.250779,8.770897,2.123049,1.527919,8.564492,12.013391,4.170993,10.280762,3.957512,9.028397,3.697612,8.883722,3.46123,0,0,0,0,0.00697,0.078301,-0.029111,-0.002273,-0.029111,0.065272,-0.029111,-0.054489,0.003869,0,0,0,0,0,0,0.584136114,0.586578213,0,0,0,0,0,0,0.578827263,0.983980691,0,0,0,0,0,0,0.1,0.223606798,0,18,1.255272505,1.255272505,1.255490268,1.255272505,1.250047086,1.252667655,1.255272505,1.253565711,18,18,17,18,17,17,18,17,-0.9579089,-1.59078,-2.32264067,-2.28877918,-0.654283637,0.3909066,1.1485798,2.14808925,2.5767666,0.762718285
40708.46458,0.301029996,2,165,108.6,0.6599162,4.57,21.1,572,12.097683,13.660187,12.243873,2.720993,2.860693,10.127994,10.890936,2.775952,11.479654,3.605513,10.649113,3.643493,9.146655,3.425276,0,0,0.041201,0.10089,0.050445,0.028253,-0.005367,0.0017,-0.005367,0.049742,-0.005367,-0.038834,0.026002,0,0,0,0.473098298,0.473098298,0.473098298,0.473098298,0.753588747,0,0,0,0.565498011,0.565498011,0.565498011,0.565498011,1.127274146,0,0,0,0,0,0,0,0.1,0,18,1.255272505,1.255272505,1.252414741,1.255272505,1.247410609,1.248730848,1.255272505,1.250922367,18,18,17,18,17,17,18,17,0.45787393,1.33847432,0.663037133,-0.125382205,0.423842772,4.9731756,1.7593617,1.31609034,1.839646685,0.208571584
40709.36528,0.716003344,5.2,166,108.5,0.605305046,4.03,18.2,614.2,9.553628,10.456596,10.344793,0.579643,0.819306,10.573948,11.787594,1.620017,11.301265,2.236163,11.510444,3.034319,9.884946,3.380454,0.612841,0.766947,0.603571,0.33729,0.169396,0.109545,-0.024948,0.002305,-0.024948,0.05741,-0.024948,-0.046804,0.001296,0.41170742,0.665936183,0.923528559,0.923528559,0.923528559,1.037654567,1.037654567,1.191973574,0.248935735,0.601288616,1.047094552,1.047094552,1.047094552,1.190039915,1.190039915,1.444102489,0,0,0.1,0.1,0.1,0.1,0.1,0.141421356,0,18,1.255272505,1.255272505,1.251756476,1.255272505,1.250640211,1.249028412,1.255272505,1.249368236,18,18,17,18,17,17,18,17,2.3856664,1.9993488,1.39689095,1.048287618,1.715419181,-0.087411402,-0.473548186,2.209670321,2.543096544,2.540504443
40714.40764,2.861534411,727,171,112.4,0.579783597,3.8,16.2,303.7,9.997529,9.914752,8.761585,1.032951,1.004314,8.220074,8.758516,1.129681,9.146363,1.138066,9.358539,1.201404,9.647764,1.146778,0.873558,0.93134,0.974121,0.981086,0.990543,0.895163,0.014309,0.007162,0.014309,0.051496,0.014309,-0.028999,-0.002928,0,0,0,0,1.036417387,3.721912143,4.142338229,5.110308112,0,0,0,0,0.703529672,3.596853764,4.200303679,5.119656531,0,0,0,0,0.244948974,1.252996409,1.280624847,1.452583905,-4,59,1.380211242,1.441083884,1.371837206,1.383964891,1.535935521,1.48476928,1.40936947,1.42428787,24,24,18,24,24,19,24,18,2.4506856,2.499673,2.75356348,2.18855538,2.67112958,-2.4635448,-2.7363254,-1.2453305,-0.814799893,-2.26514648
40715.4375,3.383743576,2419.6,172,114.8,1.247973266,17.7,15.2,432.2,9.228948,9.169469,9.71893,0.958362,1.077214,9.155114,9.631182,1.000578,9.192366,1.15022,9.30446,1.114087,9.540289,1.117993,0.896172,0.895879,0.852665,0.79406,0.748683,0.855302,0.030021,0.007907,0.030021,0.057542,0.030021,-0.035758,0.025955,0.690108687,1.740633793,2.36868339,2.36868339,2.36868339,2.585502272,4.411721999,4.771753032,0.773998708,1.543893779,2.341407483,2.341407483,2.341407483,2.444819625,4.291799856,4.808818982,0.141421356,0.282842712,0.387298335,0.387298335,0.387298335,0.435889894,1.311487705,1.337908816,2,25,1.369525074,1.354721868,1.387253841,1.358569317,1.36466823,1.45152526,1.347871868,1.448931652,23,22,18,22,22,22,22,19,8.77594,8.5255455,6.13198888,4.89819813,4.431259842,-0.4371481,-0.76474005,-0.912576318,-0.413106216,-1.6626802
40716.37153,2.598571663,396.8,173,114.4,1.096910013,12.5,13.9,320.3,7.850153,8.236043,8.74921,0.511109,0.671675,9.293857,9.785303,0.995183,9.750125,0.999042,9.424742,1.147664,9.516792,1.141898,0.943021,0.971511,0.977253,0.986818,0.917494,0.820482,0.02837,0.020395,0.02837,0.053239,0.02837,-0.015947,0.007905,1.505085047,1.789448518,1.83818035,2.000992004,4.045312596,4.352632422,4.475456178,6.008691705,1.397580409,1.636526199,1.717179373,2.252919883,3.946927159,4.321668081,4.378557753,6.026555069,0.316227766,0.387298335,0.424264069,0.424264069,0.894427191,0.948683298,1.014889157,1.593737745,-1,47,1.597512364,1.622026836,1.443523747,1.591991597,1.557891334,1.472268752,1.592608492,1.50126852,39,38,18,38,22,22,38,22,6.488363,6.35345955,6.85753128,6.75675098,7.048499842,-3.022737,-2.00080946,-2.038197257,-1.904176212,-1.969668681
40717.3,2.713658516,517.2,174,158.2,0.591064607,3.9,12.5,306.5,7.358885,7.350262,7.248798,0.142194,0.150213,7.226698,7.684642,0.797637,8.792819,1.404067,9.089156,1.346333,9.107398,1.271102,0.941141,0.941655,0.945988,0.96014,0.970281,0.941695,0.035334,0.014864,0.035334,0.068356,0.035334,-0.027571,-0.006965,1.001075422,1.129290485,1.129290485,1.129290485,3.152653486,5.135561216,5.159394538,6.458675174,1.561384322,1.680210403,1.681562071,1.681562071,3.228737989,5.156115398,5.210406126,6.433111611,0.141421356,0.3,0.331662479,0.360555128,0.663324958,1.095445115,1.095445115,1.670329309,-4,105,1.531478917,1.60100313,1.536970308,1.536768806,1.727253123,1.644906798,1.553781922,1.570842808,34,34,19,34,34,22,34,22,4.186518,3.8713405,4.34982128,4.27643802,5.331820596,-3.599768,-3.0483531,-2.74426797,-2.67294542,-1.91390547
40721.37778,0.875061263,7.5,178,106.2,0.46686762,2.93,18,263.2,13.236752,13.083578,12.273311,0.703404,0.851354,12.017987,12.855833,1.257013,13.585796,2.751568,13.11203,2.540406,11.428265,3.020969,0.493119,0.257355,0.085785,0.142985,0.201033,0.254093,0.030966,0.002026,0.030966,0.031493,0.030966,-0.048023,-0.033699,0,0,0,0,0,0,0,2.6853119,0,0,0,0.081061705,0.081061705,0.081061705,0.081061705,2.629597117,0,0,0,0,0,0,0,0.608276253,0,18,1.230448921,1.230448921,1.467001413,1.230448921,1.232572615,1.24983506,1.230448921,1.288329974,17,17,17,17,17,17,17,17,-0.26979162,-0.25874958,-0.388416523,-0.448733838,-0.765600311,4.0198746,3.8510605,3.67612315,3.57448175,3.14336269
40722.37083,1.206825876,16.1,179,108.4,0.819543936,6.6,18,291.5,14.358034,12.812739,11.017575,1.556763,1.200655,10.717087,11.67844,1.472567,12.254257,1.48447,12.9485,2.564757,12.183031,2.478915,0.358385,0.405792,0.496618,0.687161,0.680401,0.437473,-0.024111,0.00068,-0.024111,0.032209,-0.024111,-0.02419,0.055077,0,0,0,0.340154377,1.402564081,1.402564081,1.402564081,1.93282798,0,0,0,0.050576674,1.278766202,1.28133251,1.28133251,1.477560489,0,0,0,0.141421356,0.3,0.3,0.3,0.412310563,0,17,1.230448921,1.230448921,1.345128574,1.230448921,1.230448921,1.231600544,1.230448921,1.243640817,17,17,17,17,17,17,17,17,-2.9575392,-3.6688356,-4.29628035,-4.95022932,-4.153800907,-4.2174639,-3.7911114,-2.7431061,-2.7641205,-0.863862074
40723.38889,0,1,180,106.5,0.522444234,3.33,18.1,281.7,13.513023,13.278561,10.097878,2.342722,1.729721,9.974095,13.133146,3.599199,12.427395,2.854508,12.570207,2.449414,12.838176,2.691464,0,0,0.367586,0.225127,0.237104,0.454001,0.026595,0.004219,0.026595,0.051339,0.026595,-0.042385,-0.022031,0,0,0,0,0,1.402564081,1.402564081,1.402564081,0,0,0,0,0,1.278766202,1.28133251,1.28133251,0,0,0,0,0,0.3,0.3,0.3,0,17,1.230448921,1.230448921,1.265489332,1.230448921,1.22982755,1.230138347,1.230448921,1.230862676,17,17,16,17,16,16,17,16,1.405526,1.309785,-0.455399668,-0.6580131,0.19441337,-0.2739644,-0.07925335,1.4968926,2.14825927,0.204563739
40724.44444,1.041392685,11,181,110.1,0.568201724,3.7,19.7,431.1,12.288591,12.249866,11.600935,0.661876,1.159707,10.981292,12.303533,1.940604,12.702759,2.91193,12.387773,2.587691,12.866714,2.718462,0.431272,0.532913,0.41176,0.214578,0.109443,0.164638,0.018051,0.006144,0.018051,0.037439,0.018051,-0.018099,-0.009605,0,0,0,0,0,0,1.402564081,1.402564081,0,0,0,0,0,0,1.242532897,1.28133251,0,0,0,0,0,0,0.3,0.3,0,17,1.230448921,1.229916371,1.235826431,1.230448921,1.222391279,1.22612533,1.230448921,1.227571315,17,16,16,17,16,16,17,16,2.388224,1.4107672,0.580005512,1.063402714,1.620452807,4.027657,4.056178,4.1737849,2.69090749,0.25268833
40728.36806,1.23299611,17.1,185,112.5,0.482873584,3.04,23.2,570.1,14.595202,14.125021,13.202888,0.725375,0.837541,13.641793,16.687189,3.35897,15.318643,3.343392,14.806676,2.981414,14.073489,2.671665,0.009575,0.063283,0.046015,0.023008,0.011504,0.012793,-0.019808,-0.001174,-0.019808,0.036788,-0.019808,-0.026489,0.005652,0,0,0,0,0,0,3.214455164,3.214455164,0,0,0,0,0,0,2.843265376,2.843265376,0,0,0,0,0,0,0.734846923,0.734846923,0,17,1.230448921,1.227601079,1.225829578,1.230448921,1.220307893,1.223879749,1.230448921,1.228047287,17,16,16,17,16,16,17,16,-2.41897,-2.370359,-2.79282575,-2.57800218,-1.334605545,2.66225,2.5646048,2.29272928,2.3685426,0.79398592
40729.37708,0.612783857,4.1,186,111.4,0.382017043,2.41,23.5,568.7,15.145181,14.586262,13.836839,0.741655,1.60053,14.352866,15.843615,1.979409,16.241296,2.791022,15.515128,2.963651,14.783002,2.589268,0,0.010866,0.062669,0.157083,0.082182,0.047299,0.004168,-0.001078,0.004168,0.030152,0.004168,-0.034269,-0.005672,0,0,0,1.032822831,1.032822831,1.032822831,1.032822831,3.376306414,0,0,0,1.401093145,1.401093145,1.401093145,1.401093145,3.169735005,0,0,0,0.282842712,0.282842712,0.282842712,0.282842712,0.787400787,0,17,1.230448921,1.227065023,1.225093804,1.230448921,1.218670417,1.219489927,1.230448921,1.222150238,17,16,16,17,16,16,17,16,-1.871243,-1.8510166,-2.45059402,-2.84986918,-3.55694708,2.918356,2.5744005,2.02539997,2.54866013,2.390103254
40730.35764,1.484299839,30.5,187,113.3,0.424881637,2.66,22.8,0.61,13.071042,12.213771,11.956177,0.625125,1.352265,13.075431,16.467898,4.237985,16.161808,3.320574,16.336935,3.34261,15.348728,3.191318,0,0,0,0.082593,0.107719,0.095406,0.017278,-0.001407,0.017278,0.038213,0.017278,-0.026926,-0.01311,0,0,0,0,0,1.032822831,1.032822831,3.376306414,0,0,0,0,0,1.401093145,1.401093145,3.169735005,0,0,0,0,0,0.282842712,0.282842712,0.787400787,-1,17,1.21967183,1.22184875,1.223942783,1.225093804,1.216843729,1.217758034,1.228314792,1.218609651,16,16,16,16,16,16,16,16,-2.061864,-2.3532158,-1.99222037,-2.77340569,-2.71431133,2.24728,2.1463643,2.33451873,0.93317095,0.504862238
40731.39583,2.150449409,141.4,188,107.2,0.525044807,3.35,21.1,609.4,13.793959,13.617182,13.162244,0.349765,0.492298,13.372834,16.02435,3.172942,16.295291,3.750811,16.144732,3.27573,15.827193,3.323168,0.407221,0.516712,0.377042,0.195142,0.108291,0.108005,-0.009069,0.00012,-0.009069,0.027334,-0.009069,-0.026146,0.017901,0.674991111,1.063107238,1.105011312,1.105011312,1.105011312,1.105011312,1.512538595,1.512538595,0.536568728,0.816147046,0.903015504,0.903015504,0.903015504,0.903015504,1.666883319,1.666883319,0.1,0.2,0.223606798,0.223606798,0.223606798,0.223606798,0.360555128,0.360555128,0,17,1.230448921,1.218579265,1.218961976,1.230448921,1.211965516,1.214135261,1.227958082,1.215652248,17,16,16,17,16,16,16,16,-2.473517,-2.8981171,-2.79448878,-2.62742697,-0.931617892,1.972438,1.8686758,1.50337164,1.948198771,0.772740004
40735.37569,0.301029996,2,192,97.7,0.033423755,1.08,22.4,437.8,15.594029,15.312052,14.745994,0.549353,0.550336,14.804748,17.969041,3.74159,16.574741,3.030478,16.205627,2.941061,16.037577,2.874619,0.103552,0.146541,0.142603,0.342474,0.267989,0.31748,-0.002068,0.000628,-0.002068,0.028876,-0.002068,-0.026002,0.010287,0,0,0,4.34033812,4.34033812,4.359492975,4.359492975,4.911965391,0,0,0,3.819279906,3.824535135,3.836352825,3.845714498,4.270020258,0,0,0,0.173205081,0.173205081,0.173205081,0.173205081,0.489897949,-2,22,1.230448921,1.25677786,1.223113598,1.230448921,1.234510253,1.22835936,1.245101209,1.226737107,17,16,16,17,16,16,17,16,-4.0219184,-3.8790712,-3.63114833,-3.020682202,-1.862586898,-0.060484646,-0.555024823,0.897094394,1.541502889,0.677224946
40736.38056,2.454997217,285.1,193,105.7,0.964730921,9.22,22.1,384.1,16.336987,16.095267,14.159246,1.480999,1.19335,14.489359,17.901825,3.902161,17.935433,3.822866,17.017102,3.404338,16.413072,3.138367,0.331505,0.245804,0.190341,0.134419,0.08145,0.17472,0.01293,-0.000759,0.01293,0.023789,0.01293,-0.030146,-0.002186,0,0,0,0,0,4.34033812,4.359492975,4.786058295,0,0,0,0,0,3.824535135,3.836352825,4.173444141,0,0,0,0,0,0.173205081,0.173205081,0.435889894,0,17,1.230448921,1.230448921,1.225614358,1.230448921,1.224464718,1.22951653,1.230448921,1.227065023,17,17,16,17,16,16,17,16,-1.567357,-1.591522,-2.84045897,-3.26645187,-3.3478589,-2.994616,-3.345016,-1.25263181,-1.928877031,-1.857453013
40737.36875,1.164352856,14.6,194,105.2,0.294466226,1.97,19.6,456.2,14.073275,13.210745,13.493162,0.570431,1.532339,14.792342,16.502289,2.112382,17.186579,3.220594,17.464182,3.416893,16.620782,3.096083,0.733146,0.734451,0.624706,0.565831,0.571218,0.321585,0.002674,0.001825,0.002674,0.024483,0.002674,-0.03155,0.010257,0,0,0,0,0,0,4.34033812,4.359492975,0,0,0,0,0,0,3.824535135,3.845714498,0,0,0,0,0,0,0.173205081,0.173205081,0,17,1.230448921,1.227779617,1.224842279,1.230448921,1.219489927,1.221984445,1.230448921,1.226199983,17,16,16,17,16,16,17,16,3.5561336,4.6141563,4.9970251,4.41319528,2.773747681,-0.096362432,-0.490650566,-1.253129939,-1.767521978,-2.001415618
40738.59514,0.716003344,5.2,195,103.1,0.350248018,2.24,22.6,526.3,16.372698,15.683913,14.454024,1.095224,1.47346,13.272514,13.469362,1.666362,14.614777,2.182755,15.492289,2.922906,16.176303,3.217257,0.407517,0.358179,0.368018,0.274235,0.157853,0.362463,0.017056,0.001404,0.017056,0.037567,0.017056,-0.020415,-0.002538,0.222155351,0.222155351,1.328691085,1.363394294,1.363394294,1.363394294,1.363394294,4.549437218,0.422789546,0.422789546,1.313407781,1.476767416,1.476767416,1.476767416,1.476767416,4.099745236,0,0,0.2,0.223606798,0.223606798,0.223606798,0.223606798,0.282842712,-1,17,1.213074825,1.226170123,1.222626164,1.21967183,1.216110897,1.217072486,1.22688619,1.218700797,16,16,16,16,16,16,16,16,2.257102,1.002378,-0.6950771,-1.23545717,0.428368125,2.27334,2.786575,2.78629348,2.55117435,1.46628766
40742.41458,2.487986331,307.6,199,106.4,0.170261715,1.48,24.3,560,20.897793,20.512604,18.057493,1.769385,1.419276,17.787507,19.592782,2.419185,19.591889,2.682557,18.421795,2.780139,16.702837,3.15726,0.412405,0.30691,0.191386,0.157977,0.211978,0.223572,0.016469,0.000711,0.016469,0.027263,0.016469,-0.025706,-0.013884,0,0,0,0,1.05414278,1.05414278,1.249809185,2.011972912,0,0,0,0,1.671708408,1.671708408,1.955049104,2.553679111,0,0,0,0,0,0,0.141421356,0.469041576,0,17,1.230448921,1.230448921,1.222355131,1.230448921,1.221396124,1.220171672,1.230448921,1.223354105,17,17,16,17,16,16,17,16,3.916604,2.835965,-0.39982672,-1.018874167,-0.807407983,-0.7481032,0.3676204,1.2075834,1.67013633,1.541821149
40743.39722,2.236789099,172.5,200,105.2,-0.026872146,0.94,25.3,447.9,21.332176,20.023522,18.158213,1.534118,1.12977,18.299026,20.194228,2.5766,19.893505,2.517161,19.792668,2.662891,18.04303,3.056756,0,0.161137,0.410468,0.285577,0.197389,0.204684,0.015231,0.000403,0.015231,0.021517,0.015231,-0.02296,-0.010498,0,0,0,0,1.60515451,1.920348406,1.920348406,2.299733028,0,0,0,0,1.345217826,2.145744393,2.145744393,2.592964905,0,0,0,0,0,0,0,0.412310563,1,17,1.228314792,1.216385854,1.222391279,1.229383168,1.213259435,1.217346835,1.226170123,1.217879795,16,16,16,16,16,16,16,16,0.33746619,-1.1814914,-1.30676482,-1.587178094,-0.675090045,-1.0218182,-0.81223065,1.4860195,1.79845565,0.458669784
40744.38889,2.352953912,225.4,201,103.9,0.10720997,1.28,28.9,85.9,20.714493,20.711114,19.800193,0.649411,0.877163,19.116931,19.936053,1.616312,20.06514,2.154607,19.907687,2.257275,19.079133,2.67256,0.005641,0.284037,0.19834,0.20159,0.159799,0.178594,-0.017931,-0.002263,-0.017931,0.017798,-0.017931,-0.020071,0.010122,0,0,0,0,0.502850873,2.485817974,2.959022136,3.141182739,0,0,0,0,0.529250413,2.415796349,2.76508282,3.23114407,0,0,0,0,0.346410162,0.346410162,0.346410162,0.374165739,0,17,1.230448921,1.230448921,1.221559123,1.230448921,1.224374774,1.218852664,1.230448921,1.21970214,17,17,16,17,16,16,17,16,3.661596,4.405496,0.8411586,-0.947261217,-1.13144282,2.727227,2.433518,4.41028782,3.86858262,2.679445264
40745.48611,2.512550993,325.5,202,94.1,0.780317312,6.03,20.4,252.8,18.93375,18.635225,18.015429,0.500299,0.703049,18.399508,20.140383,2.069573,19.994603,1.827945,20.066149,2.113365,19.948362,2.360257,0.001445,0.001448,0.000733,0.104526,0.063333,0.111881,-0.014519,-0.004592,-0.014519,0.02135,-0.014519,-0.046326,0.018815,0,0,0,0,0,2.485817974,2.959022136,3.141182739,0,0,0,0,0,2.415796349,2.76508282,3.23114407,0,0,0,0,0,0.346410162,0.346410162,0.346410162,-1,17,1.206376063,1.21803195,1.217940664,1.211965516,1.211872945,1.218077586,1.22329399,1.216691158,16,16,16,16,16,16,16,16,-5.9711904,-6.3305277,-5.8177738,-5.65641606,-4.57379615,-0.56753279,-0.983470895,-0.212019265,-0.103145208,2.375670609
40749.29861,1.600972896,39.9,206,99.2,0.505149978,3.2,17.4,535,15.925385,15.957856,15.777964,0.232248,0.473611,15.625944,16.619423,1.746678,15.107189,1.998817,16.690203,3.323667,17.842218,3.174964,0.337837,0.358331,0.299074,0.156286,0.310915,0.582871,-0.030931,-0.005475,-0.030931,0.032769,-0.030931,-0.030931,0.008836,0,0,0,0,0,3.899795507,3.899795507,4.286755066,0,0,0,0,0,3.998177335,3.998177335,4.353950505,0,0,0,0,0,0.768114575,0.768114575,0.768114575,0,18,1.232572615,1.232042664,1.234264124,1.232572615,1.237051275,1.263570321,1.233278211,1.247439044,17,17,15,17,17,16,17,16,-4.841715,-5.5445225,-4.32587765,-3.54425584,-1.531565162,2.383751,2.476701,2.59529592,2.69235035,0.528944697
40750.73264,2.237040791,172.6,207,96.8,0.729974286,5.37,22.7,209,20.029638,19.944431,19.248838,0.58266,2.21655,17.653359,17.127096,2.56178,17.312003,2.447617,16.498536,2.603312,17.138363,2.998964,0,0,0.007285,0.003642,0.095068,0.149771,-0.014081,0.000473,-0.014081,0.036525,-0.014081,-0.042802,0.043522,0,0,0,0,0,0,0.123312611,3.91980127,0,0,0,0,0,0,0.306763753,4.011517793,0,0,0,0,0,0,0,0.768114575,0,18,1.230448921,1.230626293,1.239212556,1.230448921,1.230537616,1.231202251,1.230448921,1.237575153,17,17,15,17,17,16,17,16,1.988764,2.038266,2.15643857,0.670650362,-0.931435829,-1.975158,-2.1894745,-1.380065521,-0.377906094,-0.642070497
40751.47917,1.58546073,38.5,208,96.1,0.50242712,3.18,18.8,170.8,16.547222,16.47961,15.910419,0.577827,0.718423,15.394939,16.670564,2.036888,17.028182,2.536906,16.985271,2.276807,16.781132,3.020882,0.756719,0.80464,0.754238,0.562538,0.28309,0.227493,-0.005739,-0.000137,-0.005739,0.030977,-0.005739,-0.035999,0.022339,0,0,1.658310888,3.326027661,3.326027661,3.326027661,3.326027661,5.125511194,0.292316609,0.292316609,1.697202404,3.578260751,3.578260751,3.578260751,3.578260751,5.365572849,0,0,0.2,0.565685425,0.565685425,0.565685425,0.565685425,0.953939201,0,22,1.278753601,1.272518454,1.245101209,1.278753601,1.251992891,1.241354484,1.303735889,1.238591998,19,17,16,19,17,16,19,16,-1.277818,-1.845512,-1.4359078,-1.57716202,-0.155649889,3.751179,3.828092,4.29785013,3.47776382,1.798558577
40752.43403,1.193124598,15.6,209,100.1,0.376576957,2.38,22.1,408.2,21.528828,20.241672,17.534498,2.087435,1.735398,16.656612,17.044869,1.419439,16.900223,1.781968,17.05177,2.228854,16.333629,2.335707,0.269216,0.282482,0.538359,0.615714,0.728585,0.490072,-0.006635,-0.000867,-0.006635,0.029189,-0.006635,-0.018872,0.000896,0,0,0,0,1.730611164,3.74932994,3.74932994,5.365057036,0,0,0,0,1.725803002,3.961930969,3.961930969,5.19186739,0,0,0,0,0.3,0.640312424,0.640312424,0.883176087,1,22,1.263241435,1.272035099,1.258178166,1.265211028,1.281364836,1.265865579,1.269123617,1.254405956,18,18,16,18,18,17,18,16,-1.0447175,-1.6379162,-2.19151552,-2.13419788,-1.901506069,-1.0700795,-0.86484535,0.49100303,0.772086028,1.752724614
40756.43264,1.392696953,24.7,213,98.6,0.311753861,2.05,22.2,528.8,17.71235,17.487645,16.653173,0.635799,0.506782,16.6116,19.095655,3.046578,18.715472,2.339949,19.073235,2.658298,18.649539,2.702912,0.003218,0.002355,0.080422,0.078509,0.039999,0.095697,-0.006932,-0.002027,-0.006932,0.035474,-0.006932,-0.027885,-0.019454,0,0,0,0,0,3.981310337,4.191937857,4.535124916,0,0,0,0,0,2.98893476,3.173340984,3.61226937,0,0,0,0,0,0.6,0.714142843,0.774596669,0,17,1.230448921,1.230448921,1.246283103,1.230448921,1.22982755,1.230980819,1.230448921,1.230774047,17,17,16,17,16,16,17,16,-0.86899319,-2.0994168,-2.751297565,-3.144233116,-2.802387808,2.6667755,2.7805942,3.33435068,2.84293992,1.431587641
40757.51042,1.495544338,31.3,214,99.2,0.401400541,2.52,20.5,151.5,17.711704,17.904627,18.434253,0.830733,0.700869,18.396161,19.262934,1.37169,18.971649,2.241831,18.869697,2.089923,19.012356,2.535477,0.823533,0.852095,0.639014,0.676405,0.536345,0.288142,-0.005583,-0.001516,-0.005583,0.02281,-0.005583,-0.027271,-0.021688,2.844563587,3.236491001,3.299784841,5.688598246,5.730127573,5.730127573,5.953712875,7.099767954,2.269613844,2.804773788,2.859956293,5.688059599,5.754487901,5.754487901,5.781926496,6.571470459,0.538516481,0.964365076,0.979795897,1.407124728,1.407124728,1.407124728,1.407124728,1.577973384,8,36,1.474701781,1.361465502,1.250165776,1.412880358,1.300879173,1.266804771,1.380211242,1.255551669,25,17,16,21,17,16,21,16,-1.4604569,-2.4323274,-2.57182738,-2.085912253,-0.872942348,3.0847017,2.4444783,1.4687204,1.47807578,1.552424008
40758.44167,2.762978491,579.4,215,104.5,0.960470778,9.13,23.1,315.8,20.382523,20.300713,18.120001,1.590123,1.751145,18.777621,19.490903,1.728219,19.378351,1.562567,19.284119,2.177013,19.195281,2.288869,0,0,0.047866,0.1887,0.353141,0.409271,0.005177,-0.000496,0.005177,0.03243,0.005177,-0.031321,-0.003374,0,0,0,0,3.246807509,5.735960861,5.735960861,7.104476758,0,0,0,0,2.804988414,5.754592514,5.754592514,6.571562143,0,0,0,0,0.911043358,1.407124728,1.407124728,1.577973384,-2,60,1.342422681,1.395035018,1.315255841,1.349763044,1.518148218,1.417488993,1.36251389,1.363472694,22,22,16,22,22,17,22,16,-0.13422245,-0.5347618,-2.401778983,-2.526700658,-2.542902121,-3.6582798,-3.0534706,-1.2082241,-1.594100081,-0.493161747
40759.49306,2.152594078,142.1,216,101.3,0.247973266,1.77,21.7,352.1,20.013618,19.814016,18.506143,1.098404,1.1044,17.794291,19.245385,2.322587,19.420259,2.049601,19.371958,1.849529,19.101901,2.087539,0,0,0.003661,0.001831,0.002919,0.159683,-0.003397,-0.002939,-0.003397,0.017695,-0.003397,-0.023256,-0.012889,0,0,0,0,0,2.856296028,5.735960861,6.964375421,0,0,0,0,0,2.269879292,5.754592514,6.484525195,0,0,0,0,0,0.282842712,1.407124728,1.438749457,0,22,1.278753601,1.279704958,1.328167162,1.278753601,1.298003541,1.420677596,1.278753601,1.382654801,19,19,16,19,19,19,19,17,-2.7680308,-2.8311642,-2.90663132,-3.15845235,-2.111532362,2.2962019,2.5106392,2.81345695,3.04343483,1.86237675
40762.54722,0.86923172,7.4,219,106.9,0.550228353,3.55,23.4,270.2,20.763775,20.827889,20.271869,0.512995,1.005739,19.378922,19.440506,0.806134,20.098709,2.12708,20.048268,1.952735,19.843354,2.010806,0.034388,0.235717,0.404979,0.645634,0.695961,0.41165,0.009088,0.002876,0.009088,0.018832,0.009088,-0.011794,-0.009768,0,0,0,0.62059407,2.433446733,2.433446733,2.433446733,2.433446733,0,0,0,0.295465734,2.756474923,2.805710605,2.805710605,2.805710605,0,0,0,0.2,0.479583152,0.479583152,0.479583152,0.479583152,-1,19,1.232572615,1.252920421,1.318946916,1.234685974,1.250724877,1.240705217,1.248518178,1.245186962,17,17,17,17,17,17,17,17,1.916716,1.946626,1.620217,2.663304124,2.935279352,-1.998255,-1.8135,-2.36650227,-1.911020799,-1.624618414
40763.5,0.799340549,6.3,220,100.2,-1,0.1,23.7,522.3,20.055582,19.893511,18.861519,1.063449,1.20009,17.944822,18.794759,1.646086,19.12429,1.34461,19.680828,2.086672,19.633977,2.043408,0.101003,0.061152,0.221691,0.39908,0.27167,0.483099,-0.020315,-0.001847,-0.020315,0.020819,-0.020315,-0.020792,0.029402,0,0,0,0,0,2.433446733,2.433446733,2.433446733,0,0,0,0,0,2.805710605,2.805710605,2.805710605,0,0,0,0,0,0.479583152,0.479583152,0.479583152,0,19,1.253257214,1.243210354,1.255071396,1.255272505,1.237138632,1.243941888,1.248518178,1.239490649,17,17,17,17,17,17,17,17,-2.816211,-2.6421757,-2.59001853,-2.50837953,-0.852183817,3.806304,3.3146942,2.89635137,3.16398518,1.43970487
40764.52083,1.565847819,36.8,221,130.1,0.238046103,1.73,22.4,407.1,18.72525,18.64924,18.116705,0.488845,0.486941,17.857131,18.894768,1.530116,18.844764,1.589946,19.047783,1.413309,19.573078,1.914721,0.61983,0.685768,0.647501,0.535008,0.437363,0.354516,-0.012506,-0.004597,-0.012506,0.021041,-0.012506,-0.018466,0.010525,0,0,0,0,2.486394981,2.486394981,3.4790549,3.4790549,0.079063266,0.079063266,0.079063266,0.079063266,2.48150942,2.48150942,3.745650945,3.745650945,0,0,0,0.1,0.632455532,0.632455532,0.793725393,0.793725393,0,24,1.255272505,1.260104529,1.247564134,1.255272505,1.262912299,1.250428474,1.255272505,1.250527298,18,18,17,18,17,17,18,17,-6.8270428,-6.5336269,-6.88687225,-6.43194778,-5.144166092,-3.4771311,-2.9727286,-1.39942798,-0.039898514,1.664776476
40765.3625,1.779596491,60.2,222,101.4,0.820201459,6.61,19.4,346.7,16.93672,16.435673,15.893111,0.519728,1.131303,16.922634,18.035523,1.454829,18.556471,1.583813,18.68406,1.643838,19.272523,1.996929,0,0,0,0.132208,0.359582,0.350932,-0.045703,-0.001754,-0.045703,0.040214,-0.045703,-0.045703,0.029301,0,0,0,0,0.620098379,2.562553609,2.562553609,3.533885256,0,0,0,0,0.493499747,2.528869313,2.528869313,3.777193667,0,0,0.1,0.1,0.173205081,0.655743852,0.655743852,0.81240384,0,18,1.253257214,1.246983868,1.245906617,1.250216633,1.24877337,1.255942196,1.247495907,1.249538048,17,17,17,17,17,17,17,17,-6.5400198,-6.4241694,-6.03910197,-4.031963701,-4.683887921,0.20140197,0.951735985,0.628828678,-1.625412878,-3.489105914
40770.49861,1.037426498,10.9,227,104.4,0.167317335,1.47,24.4,615.1,20.452871,20.16701,18.831293,1.07844,0.904983,18.349131,19.395256,1.975715,18.404314,1.849706,18.428634,1.776506,18.604451,1.790517,0.034976,0.028804,0.041029,0.034539,0.047808,0.228555,-0.010549,-0.002245,-0.010549,0.020805,-0.010549,-0.03868,0.005684,0,0,0,0,0,0,0,0,0,0,0,0,0,0,0.372887382,0.372887382,0,0,0,0,0,0,0,0,0,18,1.247154615,1.243038049,1.239976884,1.251232527,1.237487884,1.240791842,1.248858401,1.240560803,17,17,17,17,17,17,17,17,-3.144156,-3.3921416,-3.85632197,-3.98103536,-2.55499728,1.3151619,1.8096166,2.09554333,1.89358192,1.470469039
40771.38958,0.991226076,9.8,228,106.8,0.103803721,1.27,23.8,618.3,19.536272,19.167754,18.23584,0.698359,0.57672,18.440419,20.237417,2.267108,19.749464,2.186083,18.97847,2.168284,18.917185,2.022941,0.064063,0.292434,0.259406,0.278839,0.235967,0.146068,-0.023871,0.000449,-0.023871,0.034619,-0.023871,-0.023871,0.025541,0,0,0,0,0,0,0,0,0,0,0,0,0,0,0,0.372887382,0,0,0,0,0,0,0,0,0,18,1.255272505,1.251401612,1.240427901,1.255272505,1.24338259,1.240575247,1.253257214,1.241513046,18,17,17,18,17,17,17,17,-3.304403,-3.001268,-2.9381495,-2.68636794,-1.506137062,3.325653,3.474327,3.2545035,3.11051898,2.42695272
40772.44792,0.857332496,7.2,229,104,0.089905111,1.23,22.8,544.8,19.400354,19.105325,18.718764,0.335982,0.371073,18.54568,19.562669,1.37424,19.91846,1.908723,19.729078,1.945634,19.010799,1.966418,0.009385,0.012088,0.087756,0.287245,0.263682,0.249799,0.028753,-0.002335,0.028753,0.028753,0.028753,-0.032427,-0.027336,0,0,0,0,2.407426427,2.407426427,2.407426427,2.407426427,0,0,0,0,2.741128782,2.741128782,2.741128782,2.766375246,0,0,0,0,0.458257569,0.458257569,0.458257569,0.458257569,0,21,1.255272505,1.262088367,1.244053661,1.255272505,1.255272505,1.249368236,1.255272505,1.245529803,18,18,17,18,17,17,18,17,-5.511007,-5.44404665,-5.1493276,-4.80372261,-4.280470271,-1.422334,-1.214112,-0.10573906,0.813366312,2.246588219
40773.51389,0.612783857,4.1,230,104.2,0.149219113,1.41,24,580.5,20.996555,20.764074,19.295017,1.166594,0.993697,18.754218,19.431302,1.212158,19.439353,1.243055,19.708647,1.680682,19.222469,1.893531,0.021651,0.010826,0.003609,0.001804,0.002473,0.131758,0.027851,-0.005519,0.027851,0.027851,0.027851,-0.027677,-0.048156,0,0,0,0,0,2.407426427,2.407426427,2.407426427,0,0,0,0,0,2.741128782,2.741128782,2.741128782,0,0,0,0,0,0.458257569,0.458257569,0.458257569,-1,18,1.230448921,1.239229942,1.243658027,1.230448921,1.237313293,1.246513968,1.236439285,1.245615472,17,17,17,17,17,17,17,17,-4.5692001,-4.0673006,-4.52635565,-5.36364149,-5.743728683,1.2797907,1.3385728,2.01375275,2.09699738,1.38895837
40778.39931,1.439332694,27.5,235,102.5,-0.468521083,0.34,19.4,546.2,18.703558,18.695912,18.402989,0.297633,0.36325,18.342581,18.974032,1.146347,18.112801,1.973869,18.004737,2.118147,18.491887,2.152967,0.138841,0.087643,0.143196,0.071598,0.098678,0.118319,-0.013802,-0.001876,-0.013802,0.029657,-0.013802,-0.033333,0.013392,0.705667769,0.705667769,0.705667769,0.705667769,0.705667769,0.743743235,0.921934922,2.175783077,0.614001629,0.614001629,0.614001629,0.614001629,0.614001629,0.639960155,1.027948442,2.424101071,0,0,0,0,0,0,0,0.244948974,0,18,1.255272505,1.246642173,1.239247327,1.255272505,1.238621016,1.234905526,1.253593746,1.235212711,18,17,17,18,17,17,17,17,-3.2543634,-3.348169,-3.29390423,-3.26471894,-3.62033934,4.5656652,4.2490505,4.34222347,4.02962358,3.26735912
40779.46528,2.861534411,727,236,100.9,0.866877814,7.36,21.1,355.9,19.311487,19.175258,19.193776,0.206081,0.561359,19.520792,19.328364,0.840823,19.23983,0.97738,18.596848,1.768932,18.353721,2.013944,0.126088,0.063044,0.021015,0.030794,0.153886,0.108369,-0.014411,-0.002824,-0.014411,0.029556,-0.014411,-0.033574,0.023177,0,0,0,0.408220529,2.447408425,2.547111109,2.557921422,2.615295777,0,0,0,0.216346944,2.320119824,2.399990417,2.406762348,2.542484022,0,0,0,0,0.721110255,0.721110255,0.721110255,0.721110255,-1,18,1.251232527,1.254098055,1.241553398,1.249198357,1.254433937,1.247367954,1.253257214,1.241801192,17,17,17,17,17,17,17,17,-8.241009,-7.6473863,-6.69622033,-6.10642112,-4.683102583,-3.911519,-3.0585716,-2.76484692,0.26430776,1.182301693
