dates,LogEcoli,beachEColiValue,jday,beachSc,LOGbeachTurbidityBeach,beachTurbidityBeach,beachWaterTemp,tribNorthFishCreekAtHwy2TribSc,tribNorthFishCreekAtHwy2WaterElevation,tribSouthFishCreekAtHwy137TribSc,tribSouthFishCreekAtHwy137WaterElevation,tribWhittleseyCreekAtHwy1304026321TribSc,MeairTemperatureCover1hrX3Y12,MeairTemperatureCover2hrX3Y12,MeairTemperatureCover6hrX3Y12,MeairTemperatureCover12hrX3Y12,MeairTemperatureCover24hrX3Y12,MeairTemperatureCover48hrX3Y12,MeairTemperatureCover72hrX3Y12,MeairTemperatureCover120hrX3Y12,StDevAirTemperatureCover6hrX3Y12,StDevAirTemperatureCover12hrX3Y12,StDevAirTemperatureCover24hrX3Y12,StDevAirTemperatureCover48hrX3Y12,StDevAirTemperatureCover72hrX3Y12,StDevAirTemperatureCover120hrX3Y12,MeanCloudCoverover1hrX3Y12,MeanCloudCoverover2hrX3Y12,MeanCloudCoverover6hrX3Y12,MeanCloudCoverover12hrX3Y12,MeanCloudCoverover24hrX3Y12,MeanCloudCoverover48hrX3Y12,MeanHeightAboveModelSeaLevelmover1hrX3Y12,MeanHeightAboveModelSeaLevelmover24hrX3Y12,MaxHeightAboveModelSeaLevelmover1hrX3Y12,MaxHeightAboveModelSeaLevelmover24hrX3Y12,MinHeightAboveModelSeaLevelmover1hrX3Y12,MinHeightAboveModelSeaLevelmover24hrX3Y12,DiffHeightAboveModelSeaLevelmover24hrX3Y12,Maslowskisum1sqrt,Maslowskisum2sqrt,Maslowskisum6sqrt,Maslowskisum12sqrt,Maslowskisum24sqrt,Maslowskisum48sqrt,Maslowskisum72sqrt,Maslowskisum120sqrt,WCrainsum1sqrt,WCrainsum2sqrt,WCrainsum6sqrt,WCrainsum12sqrt,WCrainsum24sqrt,WCrainsum48sqrt,WCrainsum72sqrt,WCrainsum120sqrt,WCQdifference6,WCQmax24,WCQmean1log,WCQmean12log,WCQmean120log,WCQmean2log,WCQmean24log,WCQmean48log,WCQmean6log,WCQmean72log,WCQmin1,WCQmin12,WCQmin120,WCQmin2,WCQmin24,WCQmin48,WCQmin6,WCQmin72,parvairAngleMean1hr,perpvairAngleMean1hr,parvairAngleMean2hr,perpvairAngleMean2hr,parvairAngleMean6hr,perpvairAngleMean6hr,parvairAngleMean12hr,perpvairAngleMean12hr,parvairAngleMean24hr,perpvairAngleMean24hr
40338.44792,1.075546961,11.9,160,97.3,0.158362492,1.44,18,145.7,15.6,244.7,2.5,98,11.377149,11.576059,11.076495,10.698459,10.41818,11.854513,11.175995,11.062667,0.550012,0.563876,0.557988,2.767367,2.768767,2.463538,0.774863,0.679034,0.416842,0.574542,0.73915,0.405229,-0.004283,0.00121,-0.004283,0.048669,-0.004283,-0.038224,0.031236,0,0,0,0.131373513,4.978413502,5.044681457,5.044681457,5.301061403,0.1,0.1,0.1,0.1,1.014889157,1.048808848,1.048808848,1.118033989,-2,27,1.380211242,1.388180171,1.27848367,1.386201605,1.369718222,1.305642414,1.401544133,1.283358821,24,23,17,24,17,17,24,17,-6.177679,2.565017,-6.092129,3.091147,-4.07651592,4.57011887,-3.12508783,4.21663562,-0.21508145,3.95782772
40339.43056,1.385606274,24.3,161,114.7,0.672097858,4.7,17.9,134.6,15.3,267.7,2.33,99.3,12.932144,12.774819,10.877538,10.247004,11.825014,11.121597,11.84468,11.083799,1.853251,1.507537,2.093873,1.686008,2.56265,2.456797,0.198105,0.318066,0.354016,0.220435,0.456197,0.597674,0.063869,0.00072,0.063869,0.063869,0.063869,-0.048607,-0.025143,0,0,0,0,1.11641838,5.102057526,5.166739881,5.373811776,0,0,0,0,0,1.029563014,1.048808848,1.1,0,24,1.278753601,1.285369749,1.283583881,1.278753601,1.313002573,1.341084013,1.278753601,1.307243399,19,19,17,19,19,17,19,17,0.3026268,-2.306752,-0.0681783,-1.9682657,-0.493026588,1.0607918,-2.026336744,1.80220243,-3.913965105,0.940139972
40340.43542,1.877371346,75.4,162,140,0.712649702,5.16,15.9,122.3,17.1,158.8,3.67,88.3,11.320089,10.724909,10.845321,10.308287,11.125222,11.475118,11.122805,11.295644,0.886709,0.829595,1.222549,1.749827,1.547028,2.417824,0.970542,0.985271,0.956144,0.94469,0.770027,0.613112,0.035941,0.005231,0.035941,0.065574,0.035941,-0.057125,-0.0155,2.678636967,3.636537777,3.860103885,3.860103885,3.860103885,4.018306982,6.39776461,6.449465327,0.556776436,0.848528137,0.943398113,0.943398113,0.943398113,0.943398113,1.389244399,1.410673598,10,28,1.384711743,1.270096281,1.285213388,1.337459261,1.263734671,1.288679195,1.284430734,1.316896962,21,18,17,18,18,18,18,17,4.108212,-2.639321,4.01518,-0.72771885,3.35854657,-1.4922164,3.17319316,-0.84999094,3.06150363,-1.963343812
40341.59028,2.991403303,980.4,163,166.7,1.346352974,22.2,16.3,163.8,16.3,188.5,4.5,125.7,10.858103,10.940256,10.469335,10.022975,10.063843,10.493901,10.925264,11.189337,0.509981,0.583021,0.69532,1.003437,1.557881,2.014139,0.883943,0.918898,0.963733,0.981866,0.987645,0.93567,-0.050746,0.007614,-0.050746,0.069658,-0.050746,-0.055131,0.020545,0,0,0,0.217811845,0.684540722,5.019957072,5.132776052,7.203830231,0,0,0,0.1,0.387298335,1.240967365,1.240967365,1.624807681,-5,123,1.519609261,1.589049316,1.466599912,1.525584639,1.801441824,1.630106386,1.54510085,1.544570409,33,33,17,33,33,18,33,18,1.5795587,-3.3849291,1.3016598,-2.82925,1.07272245,-2.76221032,1.501540838,-3.0469024,2.640150998,-4.15288353
40350.41458,0.934498451,8.6,172,121.5,0.630427875,4.27,21.7,132.6,15.7,242.7,2.6,104.3,15.924534,15.848657,13.765913,13.032974,15.313614,14.238897,14.796276,14.675918,1.907473,1.568737,3.022394,2.670815,2.52295,2.223985,0,0,0.053021,0.10098,0.133265,0.34054,0.003158,-0.000205,0.003158,0.031685,0.003158,-0.047876,-0.019393,0,0,0,0,0,0,0,1.461685329,0,0,0,0,0,0,0,0.244948974,0,19,1.278753601,1.269123617,1.280100743,1.276844611,1.265620238,1.269285879,1.27588696,1.272437933,19,18,18,18,18,18,18,18,0.6949145,-0.7690186,0.4607533,-0.82857975,0.516516072,1.00503028,0.41600628,1.969284791,0.92993891,0.561853581
40351.40139,2.314709693,206.4,173,130.4,0.85308953,7.13,20.8,121.3,15.9,136.5,5.1,92.6,15.598572,15.635179,13.207607,12.706126,13.933709,14.623661,14.137168,14.742591,1.723083,1.334341,1.868248,2.605502,2.437139,2.203447,0.989014,0.689748,0.716346,0.72509,0.702875,0.41807,-0.032907,0.002227,-0.032907,0.043222,-0.032907,-0.043447,-0.01054,0,0,0.216346944,0.216346944,5.54183282,5.54183282,5.54183282,5.731355424,0,0,0,0,1.118033989,1.118033989,1.118033989,1.140175425,-7,57,1.474701781,1.574995296,1.333279301,1.480725379,1.51039605,1.405029589,1.506467449,1.365297281,29,29,18,29,18,18,29,18,-0.8596857,-0.9728082,-0.51474735,-1.0750891,-0.617213803,1.0696745,-0.291709861,1.75967269,-0.020868451,0.03269138
40352.40278,2.031812271,107.6,174,136.8,0.851258349,7.1,22.4,122.4,15.5,140.6,3.35,100.9,14.023369,14.182596,13.916374,14.031672,15.060406,14.497057,14.769243,14.676589,0.310798,0.451351,1.442725,1.761609,2.293898,2.25432,0.775333,0.836912,0.75477,0.485101,0.361002,0.531939,0.007341,0.001434,0.007341,0.031129,0.007341,-0.033497,-0.009312,0,0,0.522651892,1.607586701,2.131100655,5.937465874,5.937465874,5.937465874,0,0,0,0,0,1.118033989,1.118033989,1.118033989,-1,30,1.322219295,1.347601026,1.353454049,1.324796718,1.384960409,1.452191213,1.336348533,1.398442374,21,21,18,21,21,18,21,18,-0.91017977,4.5939989,-1.11838758,4.3497878,-0.428394305,2.97653357,-0.694247977,2.48722372,-0.141835188,0.354099105
40353.42569,1.709269961,51.2,175,125.2,0.63447727,4.31,21.1,130.3,15.5,156.6,4.4,98.6,16.760523,16.605264,14.59245,14.104014,14.570184,14.865207,14.53614,14.443367,1.466869,1.173577,1.258461,1.430186,1.634557,2.122337,0,0,0.073487,0.150617,0.390759,0.361457,-0.019081,-0.001534,-0.019081,0.032555,-0.019081,-0.033455,0.005292,0,0,0,0,2.96593712,3.652173736,6.637038798,6.637038798,0,0,0,0,0.387298335,0.387298335,1.183215957,1.183215957,2,24,1.361727836,1.344201177,1.363690309,1.361727836,1.335234957,1.358932398,1.36512384,1.416863852,23,21,18,23,21,21,21,18,-2.0737338,-2.3406586,-2.7553885,-1.4199021,-2.82623892,0.697486315,-2.92733416,1.595904949,-2.9135026,1.639632195
40364.41597,0.716003344,5.2,186,98.2,0.201397124,1.59,19.8,137.1,15.3,258.8,2.2,106.1,19.99012,19.584275,18.053048,17.971155,18.374299,18.617133,18.20579,16.994905,1.127717,0.878792,0.842315,1.046088,1.308188,2.150815,0.514985,0.429498,0.409451,0.373174,0.408907,0.286105,-0.00044,0.000123,-0.00044,0.02144,-0.00044,-0.027866,0.001845,0,0,0,0,0.902743042,0.902743042,0.902743042,0.950824379,0,0,0,0,0.141421356,0.141421356,0.141421356,0.141421356,1,19,1.271066772,1.262747638,1.265849227,1.269123617,1.262912299,1.260270195,1.269448081,1.261758356,18,18,18,18,18,18,18,18,0.3135354,-1.404645,-0.4470592,-1.3738003,-0.326094515,1.2332972,-0.529350412,2.19849782,-1.29125367,2.795278724
40365.40972,1.561101384,36.4,187,103.6,-1.15490196,0.07,21.2,134.7,15.3,253.4,2.35,103.7,17.100407,16.914389,16.959954,16.906133,18.491434,18.432866,18.575233,17.821834,0.669918,0.508355,1.901056,1.471456,1.392019,1.727595,0.714733,0.674996,0.70939,0.700548,0.455669,0.432288,0.009317,0.002781,0.009317,0.032944,0.009317,-0.020129,0.023627,0,0,1.489863417,2.42823825,3.894955327,3.998202346,3.998202346,3.998202346,0,0,0.264575131,0.447213595,0.632455532,0.64807407,0.64807407,0.64807407,0,20,1.278753601,1.280021615,1.265718391,1.278753601,1.272679453,1.267823333,1.284743965,1.264418793,19,18,18,19,18,18,19,18,2.4856775,1.7683451,1.0456485,-0.54444885,-1.21845358,0.26618032,-0.498217096,0.974012058,0.137433625,-0.865235421
40366.40625,1.758154622,57.3,188,108.5,0,0,23,167.9,15.3,268.7,2.2,139.7,20.815706,19.170139,17.238974,17.300459,19.703818,19.097626,18.856517,18.562525,1.687169,1.265242,3.10565,2.645186,2.239964,2.004122,0,0.015918,0.145077,0.115937,0.203635,0.329652,-0.009113,-0.000009,-0.009113,0.025023,-0.009113,-0.02306,0.025563,0,0,0,0,0,3.894955327,3.998202346,3.998202346,0,0,0,0,0,0.632455532,0.64807407,0.64807407,0,19,1.255272505,1.255272505,1.263208532,1.255272505,1.257861825,1.2652929,1.255272505,1.264528153,18,18,18,18,18,18,18,18,1.041045,-1.088015,1.3435798,-1.3406047,-0.605277975,1.82525603,-0.923243736,2.58912001,-1.015777059,1.001038805
40367.40417,0.799340549,6.3,189,112.7,-0.075720714,0.84,23.3,168.2,15.3,271.8,2.1,134.1,18.104738,17.469358,16.33689,16.419231,18.41561,19.059714,18.870287,18.769026,0.898403,0.664178,2.247862,2.786368,2.540144,2.079543,0,0.147403,0.334427,0.356401,0.190344,0.196989,0.020382,0.001679,0.020382,0.020382,0.020382,-0.015372,-0.00489,0,0,0,0,0,0,3.894955327,3.998202346,0,0,0,0,0,0,0.632455532,0.64807407,0,19,1.255272505,1.255272505,1.261328966,1.255272505,1.255440025,1.256652613,1.255272505,1.262033383,18,18,18,18,18,18,18,18,-2.6538599,0.82893556,-2.5716324,1.54939698,-1.8893594,2.602663577,-1.661439072,2.611884605,-0.229155347,0.295855094
40371.40625,1.695481676,49.6,193,110.5,-0.283996656,0.52,20.3,142.8,15.3,282.7,2,141.8,18.346909,18.031977,16.09308,16.403601,17.954497,18.877355,19.003317,18.786448,1.390523,1.255503,2.078534,1.954406,2.221095,2.340763,0,0.110681,0.054216,0.096773,0.28097,0.213019,0.000868,0.002536,0.000868,0.025147,0.000868,-0.011895,-0.005851,0,0,0,0,1.82207766,1.84924417,1.84924417,1.84924417,0,0,0,0,0.774596669,0.774596669,0.774596669,0.774596669,-1,29,1.263241435,1.273001272,1.2596735,1.260270195,1.288795539,1.269123617,1.268473962,1.263652504,18,18,17,18,18,17,18,17,-1.3248121,-1.2386013,-1.5065722,0.3052732,-2.112954043,2.25112517,-2.987622138,0.883910069,-3.078292612,0.95811577
40378.40694,1.834420704,68.3,200,98,-0.508638306,0.31,22.5,137.1,15.3,270.5,2.05,104.3,19.579042,18.45346,16.886929,16.999311,18.661534,18.6334,18.627443,18.620529,1.303602,1.101877,2.164004,1.997575,2.003848,1.679008,0,0.048322,0.07031,0.249084,0.245018,0.237966,-0.010736,0.00261,-0.010736,0.030327,-0.010736,-0.014411,0.02276,0,0,0,0.887580419,0.887580419,3.732353815,3.732353815,5.307135103,0,0,0,0,0,0.223606798,0.223606798,0.8,0,20,1.255272505,1.255272505,1.261461132,1.255272505,1.259773006,1.256109458,1.255272505,1.253116915,18,18,17,18,18,17,18,17,-0.45777482,1.1132402,0.06729964,1.9101181,-0.897852853,3.18344877,-1.102940418,2.28747838,-0.361203139,0.39963602
40379.44167,2.267171728,185,201,99.2,-0.026872146,0.94,21.3,126.7,15.3,263.4,2.1,102,17.061443,16.916898,16.185533,16.368627,18.400103,18.544556,18.544311,18.623916,0.647947,0.552058,2.493293,2.341988,2.170973,1.990156,0.759484,0.593796,0.252148,0.353797,0.307361,0.260983,-0.002202,0.000819,-0.002202,0.015581,-0.002202,-0.012521,0.004944,0.164717941,0.331262736,0.339732248,0.339732248,0.406286844,0.976149579,3.754402083,3.804972273,0,0,0,0,0,0,0.223606798,0.244948974,0,18,1.255272505,1.255272505,1.253189876,1.255272505,1.253593746,1.255858541,1.255272505,1.255272505,18,18,17,18,17,17,18,17,-0.413738,3.871056,-0.4870311,3.5731198,-0.459253464,3.9702056,-0.371464264,3.84578747,-0.279685689,1.9267517
40380.39583,1.445604203,27.9,202,128.8,0.037426498,1.09,21.6,122.9,15.3,255.3,2.2,99.7,19.633017,18.753512,17.791451,17.526018,18.422237,18.462525,18.528861,18.561475,0.851064,0.663292,1.499673,2.053828,2.093302,2.0256,0,0,0,0.101193,0.23964,0.257678,0.012463,-0.00136,0.012463,0.018195,0.012463,-0.017801,-0.014665,0,0,0,0,0.795469673,0.877900906,1.248402179,3.834211131,0,0,0,0,0,0,0,0.223606798,0,18,1.255272505,1.255272505,1.253644203,1.255272505,1.255272505,1.254433937,1.255272505,1.256443787,18,18,17,18,18,17,18,17,-4.744111,0.4773534,-4.655184,1.0014687,-4.34014705,2.76292735,-3.407087481,3.47732906,-1.318137798,1.51344231
40381.35694,1.681241237,48,203,132.5,-0.397940009,0.4,21.1,117.9,15.3,264.6,2.05,99.2,17.83527,17.772522,17.40412,17.6751,19.838099,19.070571,18.9203,18.788932,0.474953,0.508341,2.598383,2.260193,2.341396,2.216368,0,0,0.110697,0.055349,0.040774,0.149126,-0.00695,-0.000324,-0.00695,0.016641,-0.00695,-0.015917,0.019412,0,0,0,0,0,0.845798439,0.877900906,3.834211131,0,0,0,0,0,0,0,0.223606798,0,18,1.255272505,1.255272505,1.254014044,1.255272505,1.248943415,1.252119489,1.255272505,1.252611464,18,18,17,18,17,17,18,17,-0.08494233,2.961361,-0.28137606,3.3454882,-0.307405688,3.96866922,-0.363292148,3.97087125,-1.789592611,2.232765607
40385.40972,1.478566496,30.1,207,108.8,-0.327902142,0.47,23.6,121.1,15.3,315.5,2,104.6,20.433186,19.941426,18.465331,18.388837,20.822905,19.629218,19.598868,19.481915,1.099419,0.794904,3.01594,2.673332,2.488543,2.326396,0,0,0.055762,0.041299,0.031621,0.146269,0.02389,-0.000818,0.02389,0.028823,0.02389,-0.019399,-0.013319,0,0,0,0,0,0.779607594,1.462697508,1.498827875,0,0,0,0,0,0,0,0,0,18,1.255272505,1.255272505,1.251672011,1.255272505,1.248007343,1.251655116,1.255272505,1.251373436,18,18,17,18,17,17,18,17,-0.33157407,3.6269741,-0.660405665,3.5064738,-1.26092194,4.13319748,-1.425443144,4.2790746,-1.024020707,2.150759503
40392.39931,3.150326536,1413.6,214,102.1,0.222716471,1.67,22.4,98.7,16.4,111.5,8.8,96,20.213444,20.329228,19.414979,19.600884,20.675646,20.193059,19.990045,19.955113,0.658389,0.656803,1.270857,1.441704,1.56029,1.843052,0.724626,0.469489,0.489281,0.721429,0.527065,0.380308,0.002878,-0.001198,0.002878,0.022755,0.002878,-0.025052,-0.020833,0,0,1.811479782,6.901617999,6.901617999,6.90741131,7.25650894,7.25650894,1.081665383,1.345362405,1.349073756,1.349073756,1.349073756,1.360147051,1.431782106,1.435270009,10,70,1.76529593,1.622674447,1.312709082,1.790929909,1.476718944,1.380022705,1.755133468,1.347713897,54,18,17,54,18,18,44,17,1.1694218,-2.2040584,0.8753182,-2.1030447,0.714636558,1.69046633,0.785907196,1.32593149,-0.57969304,2.83777203
40393.40972,2.152594078,142.1,215,121.1,0.51054501,3.24,24.3,103,15.4,122.8,5,100.2,21.162495,20.842349,19.952094,19.673441,20.866882,20.771264,20.417666,20.195463,0.688578,0.585133,1.447501,1.365398,1.478171,1.789684,0.427316,0.266951,0.247125,0.355246,0.458634,0.492849,-0.020096,-0.000443,-0.020096,0.033192,-0.020096,-0.023959,0.007574,0,0,0,0,0.087595662,6.90217386,6.907966705,7.25703755,0,0,0,0,0,1.349073756,1.360147051,1.431782106,-1,51,1.322219295,1.352048456,1.354375254,1.322219295,1.452404103,1.467438523,1.326790858,1.407583661,21,21,17,21,21,18,21,18,-2.06623,4.493818,-2.226294,4.50898,-1.754656458,3.89931008,-1.360500216,3.43611969,-0.335181132,0.683213262
40394.40972,2.762978491,579.4,216,135.3,1.193124598,15.6,23.4,116.3,15.3,158.8,3.05,100.3,20.988943,20.685989,20.203773,20.247544,22.016349,21.441615,21.186292,20.570673,0.40936,0.436898,2.131487,1.910384,1.761188,1.851006,0,0.038979,0.012993,0.006496,0.070482,0.264558,-0.025753,-0.003265,-0.025753,0.023664,-0.025753,-0.025753,0.008068,0,0,0,0,0.112432202,0.14252719,6.903089526,7.257908514,0,0,0,0,0,0,1.349073756,1.431782106,0,21,1.255272505,1.255272505,1.357736385,1.255272505,1.265620238,1.368977353,1.255272505,1.409995706,18,18,17,18,18,18,18,18,-4.692704,2.809872,-4.83767,3.321107,-4.0966604,4.52040068,-3.65563008,4.24043311,-3.75468122,3.216437672
40399.41667,2.006037955,101.4,221,125.5,0.952792443,8.97,24.6,121.7,15.3,153.2,2.95,107.5,21.269537,21.115133,20.680104,20.218774,20.945264,20.644988,20.178975,20.193305,0.569063,0.655109,0.972893,1.281989,1.627317,1.669908,0.840226,0.908991,0.842832,0.816176,0.709985,0.617188,-0.031131,0.001145,-0.031131,0.022148,-0.031131,-0.031131,0.009787,0,0,0,0,0,4.283622416,4.283622416,4.316097311,0,0,0,0,0,0.787400787,0.787400787,0.921954446,0,19,1.255272505,1.255272505,1.247495907,1.255272505,1.25677786,1.264637485,1.255272505,1.253537675,18,18,17,18,18,17,18,17,-2.258818,1.497483,-2.18349,1.223145,-0.95156677,0.460544948,-1.173552561,0.997801099,0.367759478,-0.737664771
40407.41667,2.12515583,133.4,229,96.7,1.247973266,17.7,15.7,129,15.3,160.4,2.5,106,16.074667,15.845942,15.368437,15.963655,17.532929,17.855619,18.923798,20.0031,0.4517,0.824686,1.777655,1.60243,2.309901,2.650985,0,0,0.018166,0.018947,0.147203,0.301558,-0.000262,0.001913,-0.000262,0.049121,-0.000262,-0.039743,-0.039482,0,0,0,0,0,1.043752844,1.043752844,7.815989765,0,0,0,0,0,0.331662479,0.331662479,1.288409873,0,20,1.278753601,1.278753601,1.410273309,1.278753601,1.279150253,1.287008157,1.278753601,1.327216985,19,19,17,19,19,19,19,19,-4.246775,-0.1794235,-5.7098587,0.059659465,-5.98461292,2.361736238,-5.82901013,3.266028169,-6.660613646,2.231284971
40408.66667,2.738384124,547.5,230,82.5,1.071882007,11.8,14.7,123.9,15.5,179.6,2.4,101.6,16.676014,16.577442,16.65124,17.188452,18.048711,17.685477,17.836258,18.918247,0.599256,0.697842,1.136363,1.47945,1.435428,2.016462,0.534705,0.634763,0.727258,0.768343,0.43952,0.240281,-0.00568,0.005578,-0.00568,0.050009,-0.00568,-0.05071,-0.016734,0.068869442,0.937672118,2.763548444,4.411669752,4.411669752,4.411669752,4.533458944,7.721014376,0,0.2,0.547722558,0.8,0.8,0.8,0.866025404,1.292284798,3,24,1.378700651,1.319048196,1.41508933,1.364081741,1.293040122,1.284391564,1.34949338,1.285812469,23,19,18,22,18,18,21,18,0.55844396,3.563937,-0.56155852,3.4253645,-0.558147723,0.7748488,-2.137202362,2.658896,-2.357149702,4.348593508
40413.73611,2.055760465,113.7,235,103.6,1.198657087,15.8,23.2,135.7,15.4,177.7,2.55,109.1,22.406301,22.410103,22.56665,20.872862,19.285858,18.756742,18.154822,17.741567,0.638782,2.055839,2.323171,2.229848,2.104488,1.813442,0,0,0.051815,0.047992,0.117874,0.106286,-0.004351,0.001279,-0.004351,0.02751,-0.004351,-0.025752,0.02029,0,0,0,0,0,0.543150992,0.543150992,4.459454787,0,0,0,0,0,0,0,0.883176087,0,20,1.278753601,1.282703915,1.420666148,1.278753601,1.29119304,1.310538432,1.278753601,1.367653529,19,19,19,19,19,19,19,19,-0.2621229,5.233351,-0.0429364,5.0599015,-0.05108657,4.9304665,0.00725824,4.83986556,-0.053642952,3.39129297
40694.46528,2.562768543,365.4,151,123.6,1.152288344,14.2,16.3,120.3,16.6,132.8,4.85,96.7,10.949024,11.57321,10.360931,8.364479,8.221659,8.892584,8.853043,7.34752,2.109819,2.510467,2.20081,2.267241,2.273893,2.763114,0.614808,0.307404,0.228465,0.345035,0.413045,0.60212,-0.029936,0.004343,-0.029936,0.059157,-0.029936,-0.049938,-0.007743,1.248635255,1.248635255,1.515476163,1.515476163,1.644898173,6.146598083,6.282665517,6.960264937,0.173205081,0.173205081,0.173205081,0.173205081,0.2,1.044030651,1.048808848,1.15758369,-6,249,1.493690356,1.58718071,1.521274324,1.498884638,1.905720944,1.743844437,1.528631074,1.635811745,31,31,18,31,31,18,31,18,-0.8365491,7.2807904,-1.50490555,7.26104325,0.659984933,5.4781193,0.491056017,2.30135864,1.689645558,0.184559018
40695.3125,3.383743576,2419.6,152,169.5,1.813580989,65.1,12.1,156.6,15.9,161.9,3.15,133.2,8.167741,8.244931,8.516264,9.011389,10.568626,9.087428,9.414022,8.481808,0.239487,0.673022,1.746338,2.210155,2.244352,2.381574,0.94092,0.934579,0.925461,0.93254,0.605188,0.573133,-0.023776,-0.023658,-0.023776,0.036496,-0.023776,-0.101678,0.056758,0,0,0,0.036796739,1.623718264,5.341944028,6.174176949,6.984631773,0,0,0,0,0.2,0.714142843,1.048808848,1.161895004,-1,35,1.380211242,1.407013011,1.541006879,1.380211242,1.445863561,1.763440993,1.388180171,1.658784025,24,24,18,24,24,24,24,18,-8.529506,2.662182,-8.4546805,3.065014,-8.1259945,4.7515377,-7.70785458,6.13391802,-5.139809013,6.912431567
40698.54167,2.033825694,108.1,155,139.9,1.766412847,58.4,20.6,163.2,15.4,208.6,1.3,138.2,18.626833,18.462945,14.312634,11.669887,11.020665,10.354659,9.77202,9.507634,2.975809,3.451253,2.849536,2.257204,2.651355,2.503432,0,0,0,0.044268,0.088435,0.207472,0.015955,0.004948,0.015955,0.081204,0.015955,-0.086073,0.022275,0,0,0,0,0.681204081,0.84040169,0.84040169,1.896012394,0,0,0,0,0,0,0,0.2,0,19,1.278753601,1.278753601,1.473689675,1.278753601,1.278753601,1.278912305,1.278753601,1.290884427,19,19,19,19,19,19,19,19,-5.795701,0.545539,-5.0361415,1.5227905,-3.5123373,2.73429403,-2.6971213,3.28480353,-1.739225978,2.28272325
40700.55278,1.776701184,59.8,157,114.7,0.382017043,2.41,21.8,166.2,15.4,243.3,1.3,138.4,12.603293,13.390352,11.93194,9.785358,10.433681,11.061995,11.048218,10.28801,1.618181,2.563796,2.794388,2.950866,2.917545,2.846089,0.104289,0.052144,0.022768,0.135481,0.081781,0.049046,0.006053,0.003005,0.006053,0.075494,0.006053,-0.061849,0.015039,0,0,0,0,0,0,0.681204081,0.84040169,0,0,0,0,0,0,0,0,-1,19,1.257278488,1.274125764,1.281270156,1.260270195,1.265620238,1.266927124,1.272357396,1.270905174,18,18,18,18,18,18,18,18,-0.6596473,-3.956543,-0.4314684,-3.440382,0.727023905,-2.81278985,0.904134286,-0.910010517,0.737686218,-0.707628667
40701.44444,2.031812271,107.6,158,117.6,1.303196057,20.1,19.8,129.9,15.4,278.6,1.3,139.7,11.570029,11.763563,10.188248,9.890912,11.108841,10.68574,11.220426,10.704764,1.218263,1.272699,1.995143,2.381579,2.910173,2.509984,0.044782,0.090404,0.422545,0.40174,0.218,0.147718,-0.012016,0.000634,-0.012016,0.054821,-0.012016,-0.068575,-0.014673,0,0,0.516929396,2.090602545,2.090602545,2.090602545,2.090602545,2.253196396,0,0,0,1.044030651,1.044030651,1.044030651,1.044030651,1.044030651,-2,22,1.278753601,1.28505697,1.273338925,1.278753601,1.271470504,1.268270745,1.299821943,1.268961294,19,18,18,19,18,18,19,18,0.48622734,-3.898087,1.26560417,-2.534269,1.836457429,-0.378465858,1.4902893,0.548461171,0.904313875,-0.728974698
40702.40972,1.756636108,57.1,159,114.5,0.950364854,8.92,19.6,133.4,15.4,230.7,1.57,139.4,11.863267,11.239852,9.708176,9.947277,10.548366,10.839418,10.644994,10.902104,1.42165,1.462268,1.284927,1.707596,2.084948,2.476984,0.00612,0.005972,0.004486,0.009619,0.032548,0.124341,0.031061,0.007434,0.031061,0.054119,0.031061,-0.056906,-0.043076,0,0,0,0,0,2.090602545,2.090602545,2.232667015,0,0,0,0,0,1.044030651,1.044030651,1.044030651,0,19,1.278753601,1.278753601,1.272936927,1.278753601,1.278753601,1.275087302,1.278753601,1.271739451,19,19,18,19,19,18,19,18,-2.2617878,-0.50367608,-1.3660067,-0.92441354,-0.548052491,0.528219803,-1.340949395,1.597199818,0.224238431,-1.397094695
40703.38264,1.532754379,34.1,160,110,1.190331698,15.5,16.1,166,15.3,231.1,1.33,141.2,7.571637,7.612788,7.163781,6.92454,10.115786,10.332076,10.598207,10.873912,0.37534,0.473299,3.640082,2.738138,2.544999,2.879503,0.836596,0.839037,0.85295,0.892932,0.67468,0.353614,-0.025537,0.004423,-0.025537,0.071241,-0.025537,-0.081974,-0.049478,0,0,0,0.131373513,0.131373513,0.131373513,2.094726235,2.094726235,0,0,0,0.1,0.2,0.2,1.063014581,1.063014581,0,19,1.255272505,1.263405909,1.269723684,1.255272505,1.262829976,1.270864765,1.25560748,1.271039843,18,18,18,18,18,18,18,18,4.716382,-4.088275,4.036709,-3.878535,3.61257222,-3.55077062,4.06431797,-3.85810611,1.155938337,-3.040454189
40706.41389,0.612783857,4.1,163,115.6,0.788875116,6.15,18.1,164.4,15.4,276.4,1.58,140.6,11.188328,9.658393,7.224067,6.583828,8.548134,7.535901,7.429811,8.590717,1.984373,1.589483,2.814713,2.264347,1.966282,2.709294,0,0,0,0,0.149633,0.483093,-0.054837,-0.003625,-0.054837,0.065441,-0.054837,-0.054837,0.030919,0,0,0,0,0,0.578827263,0.975171267,0.983980691,0,0,0,0,0,0.1,0.1,0.223606798,0,18,1.255272505,1.255272505,1.261180233,1.255272505,1.255272505,1.255314391,1.255272505,1.254853423,18,18,17,18,18,18,18,17,-2.486565,2.641103,-1.5219918,3.008318,-1.05098599,3.69137087,-0.576450271,3.84147436,-0.097995661,1.18512222
40707.27431,1.130333768,13.5,164,114.6,0.596597096,3.95,17.7,164.4,15.4,315.2,1.33,140.8,6.813982,7.129597,7.79799,9.409273,11.830597,10.074121,8.901504,8.904564,0.531423,3.056521,4.25592,4.005759,3.681033,3.454906,0,0,0,0,0.00697,0.136906,0.038205,-0.002044,0.038205,0.065272,0.038205,-0.054837,-0.043153,0,0,0,0,0,0,0.975171267,0.983980691,0,0,0,0,0,0,0.1,0.223606798,0,18,1.255272505,1.251908472,1.256042561,1.255272505,1.250047086,1.252667655,1.255272505,1.253565711,18,17,17,18,17,17,18,17,0.13475317,4.2099492,-1.00993006,3.9336874,-0.755764488,3.98819048,0.106119858,2.96102268,-0.191583035,1.12991041
40708.50625,1.257678575,18.1,165,127.5,1.06069784,11.5,22.6,164.7,15.3,291.8,1.33,140.7,12.625482,12.361583,12.917941,10.503847,10.832841,11.492901,10.699092,9.185459,2.176624,2.867837,2.723966,3.608529,3.645579,3.438067,0,0,0.041201,0.10089,0.050445,0.025669,0.035694,0.002327,0.035694,0.049742,0.035694,-0.038834,0.011862,0,0,0,0.565498011,0.565498011,0.565498011,0.565498011,1.127274146,0,0,0,0,0,0,0,0.1,0,18,1.255272505,1.255272505,1.252414741,1.255272505,1.247410609,1.248730848,1.255272505,1.250922367,18,18,17,18,17,17,18,17,2.2159506,3.1256226,2.6882549,3.496266,1.72840138,0.7464355,1.067331715,1.64286492,0.553613048,0.14158648
40709.38611,1.589949601,38.9,166,114.4,1.007747778,10.18,19,164.3,15.3,305.1,2.3,142.3,10.872779,10.213203,10.413391,10.498393,11.577765,11.252397,11.506061,9.917997,0.612767,0.742895,1.38118,2.219298,3.035008,3.370548,0.176411,0.394626,0.618156,0.351991,0.175995,0.11322,-0.009071,0.002913,-0.009071,0.05741,-0.009071,-0.046804,0.010575,0,0.248935735,1.047094552,1.047094552,1.047094552,1.190039915,1.190039915,1.323342737,0,0,0.1,0.1,0.1,0.1,0.1,0.141421356,0,18,1.255272505,1.255272505,1.251756476,1.255272505,1.250640211,1.249028412,1.255272505,1.249368236,18,18,17,18,17,17,18,17,3.7121162,-1.6911,2.8205217,-1.5488076,2.39047392,0.28475295,2.405741802,1.23670918,3.003298347,1.136073155
40714.42361,2.065206128,116.2,171,129.9,1.053078443,11.3,15.9,176.8,15.4,279.9,2.84,90.1,10.351762,10.174646,9.233156,8.480892,8.753551,9.141098,9.362563,9.644853,1.005035,1.111878,1.122381,1.131877,1.204235,1.144541,0.313083,0.59332,0.859635,0.923843,0.961921,0.889144,0.022566,0.007628,0.022566,0.051496,0.022566,-0.028999,0.02893,0,0,0,0,0.703529672,3.596853764,4.200303679,5.119656531,0,0,0,0,0.223606798,1.252996409,1.280624847,1.452583905,-4,57,1.378700651,1.437464285,1.37213176,1.380211242,1.529834786,1.485238214,1.405355848,1.424647253,23,23,18,23,23,19,23,18,1.5681925,-3.2044693,1.1111531,-3.3086233,1.23504723,-3.02725032,1.424027314,-1.887692653,0.886699433,-3.383308514
40715.44861,2.304059466,201.4,172,114,1.041392685,11,15.5,160.4,15.4,290.3,2.33,66,9.228948,9.169469,9.71893,9.155114,9.631182,9.192366,9.30446,9.540289,0.958362,1.077214,1.000578,1.15022,1.114087,1.117993,0.896172,0.895879,0.852665,0.79406,0.748683,0.855302,0.030021,0.007907,0.030021,0.057542,0.030021,-0.035758,0.025955,0.773998708,1.543893779,2.341407483,2.341407483,2.341407483,2.444819625,4.291799856,4.808818982,0,0.223606798,0.387298335,0.387298335,0.387298335,0.435889894,1.311487705,1.337908816,2,25,1.374137094,1.354588588,1.387488698,1.364081741,1.36486355,1.448206955,1.349763044,1.449271216,23,22,18,22,22,22,22,19,7.031134,-5.269856,6.6403605,-5.401423,4.5733431,-4.18552472,3.82978426,-3.08151813,2.743921879,-3.85635341
40716.375,2.018284308,104.3,173,111.8,1.283301229,19.2,13.9,170.4,15.4,200,3.5,120,7.5609,7.705526,8.408789,9.084809,9.720758,9.699362,9.385747,9.494868,0.508999,0.779472,1.083229,1.045984,1.162536,1.153921,0.940116,0.941569,0.967273,0.982742,0.91935,0.821869,0.06102,0.021426,0.06102,0.06102,0.06102,-0.015947,-0.030999,1.571164536,2.102805031,2.279741433,2.746671804,4.032648881,4.598409834,4.651916379,6.227995183,0.3,0.387298335,0.424264069,0.424264069,0.894427191,0.948683298,1.009950494,1.593737745,0,47,1.599337133,1.621738699,1.443762639,1.593378382,1.558683576,1.472700595,1.592454351,1.500887977,39,38,18,38,22,22,38,22,3.144677,-6.115195,3.41674,-6.124702,4.22826023,-5.50942483,4.48593337,-5.41665592,4.612675092,-5.59865875
40717.31806,2.166430114,146.7,174,125.2,0.815577748,6.54,12.5,149.9,16.1,174.6,4.75,68.1,7.358885,7.350262,7.248798,7.226698,7.684642,8.792819,9.089156,9.107398,0.142194,0.150213,0.797637,1.404067,1.346333,1.271102,0.941141,0.941655,0.945988,0.96014,0.970281,0.941695,0.035334,0.014864,0.035334,0.068356,0.035334,-0.027571,-0.006965,1.561384322,1.680210403,1.681562071,1.681562071,3.228737989,5.156115398,5.210406126,6.433111611,0.1,0.282842712,0.331662479,0.360555128,0.64807407,1.090871211,1.095445115,1.670329309,-4,105,1.531478917,1.594530663,1.537626732,1.534131915,1.726574405,1.645930314,1.550398232,1.571450015,34,34,19,34,34,22,34,22,1.457816,-5.325414,1.5048693,-4.6920254,2.07159003,-4.70749047,2.05063574,-4.60732595,3.35003744,-4.568215854
40721.38958,1.572871602,37.4,178,110.4,0.828659897,6.74,18.1,152.1,15.4,229.9,2,96.3,13.236752,13.083578,12.273311,12.017987,12.855833,13.585796,13.11203,11.428265,0.703404,0.851354,1.257013,2.751568,2.540406,3.020969,0.493119,0.257355,0.085785,0.142985,0.201033,0.254093,0.030966,0.002026,0.030966,0.031493,0.030966,-0.048023,-0.033699,0,0,0,0.081061705,0.081061705,0.081061705,0.081061705,2.629597117,0,0,0,0,0,0,0,0.583095189,0,18,1.230448921,1.230448921,1.465981494,1.230448921,1.232219386,1.249368236,1.230448921,1.287293595,17,17,17,17,17,17,17,17,2.024218,3.4834926,1.9389726,3.3373648,1.73365093,3.2648435,1.626808054,3.2143082,1.123034853,3.0340839
40722.38542,1.702430536,50.4,179,159.1,0.952792443,8.97,18,123.2,15.3,270.6,1.92,98.1,14.273637,14.315836,11.732292,10.950292,11.721643,12.288738,12.964412,12.237912,1.871387,1.547057,1.531677,1.511507,2.569371,2.45154,0.265032,0.311709,0.454517,0.62603,0.670897,0.435965,0.015381,0.000031,0.015381,0.032209,0.015381,-0.02419,-0.017674,0,0,0,0.050576674,1.278766202,1.28133251,1.28133251,1.477560489,0,0,0,0.141421356,0.3,0.3,0.3,0.412310563,0,17,1.230448921,1.230448921,1.344173871,1.230448921,1.230448921,1.23142357,1.230448921,1.24329648,17,17,17,17,17,17,17,17,-4.301231,-2.170242,-4.555759,-2.0064216,-4.95136627,-0.60641642,-5.41670136,0.273689766,-4.190283003,1.371029584
40723.40278,0.991226076,9.8,180,150.5,0.829303773,6.75,21.2,166.7,15.2,260.7,1.92,98.1,13.513023,13.278561,10.097878,9.974095,13.133146,12.427395,12.570207,12.838176,2.342722,1.729721,3.599199,2.854508,2.449414,2.691464,0,0,0.367586,0.225127,0.237104,0.454001,0.026595,0.004219,0.026595,0.051339,0.026595,-0.042385,-0.022031,0,0,0,0,0,1.278766202,1.28133251,1.28133251,0,0,0,0,0,0.3,0.3,0.3,0,17,1.230448921,1.230448921,1.264834214,1.230448921,1.22982755,1.230138347,1.230448921,1.230744501,17,17,16,17,16,16,17,16,1.012035,-1.013087,1.041543,-0.79812645,0.45950812,1.4956362,0.655773738,2.14894388,0.275566338,0.060876283
40724.47083,2.105169428,127.4,181,136.1,0.835690571,6.85,20.6,126,15.3,253.5,1.92,97.3,12.442428,12.365509,11.870026,10.972398,12.208749,12.649185,12.37193,12.818056,0.619747,1.147998,1.874837,2.892505,2.583813,2.672984,0.435715,0.433494,0.465285,0.250888,0.127598,0.164503,0.001748,0.005864,0.001748,0.037439,0.001748,-0.018099,0.002887,0,0,0,0,0,0,1.242532897,1.28133251,0,0,0,0,0,0,0.3,0.3,0,17,1.230448921,1.229916371,1.235545981,1.230448921,1.222391279,1.22612533,1.230448921,1.227571315,17,16,16,17,16,16,17,16,3.6623829,1.9931132,3.947274,1.9983571,3.00836398,2.93164587,2.62045422,2.057274292,1.533585065,-0.595652083
40728.37847,0.716003344,5.2,185,108.8,0.733999287,5.42,23,128.5,15.3,308.5,1.67,139.6,15.435654,15.015428,13.594322,13.657602,16.638977,15.350885,14.818844,14.089511,1.096169,0.868875,3.368271,3.336897,2.982168,2.67402,0.021868,0.015721,0.04966,0.02483,0.012415,0.009368,0.021283,0.000303,0.021283,0.036788,0.021283,-0.026489,-0.018344,0,0,0,0,0,0,2.843265376,2.843265376,0,0,0,0,0,0,0.734846923,0.734846923,0,17,1.230448921,1.228136473,1.225829578,1.230448921,1.220307893,1.223879749,1.230448921,1.228047287,17,16,16,17,16,16,17,16,-1.9336597,2.3432865,-1.2251804,2.9515332,-1.11831838,3.28795218,-0.946383044,3.36254608,-0.674952262,1.533008228
40729.39236,2.638688887,435.2,186,105.5,0.591064607,3.9,19,160.4,15.3,330.1,1.83,131.9,15.145181,14.586262,13.836839,14.352866,15.843615,16.241296,15.515128,14.783002,0.741655,1.60053,1.979409,2.791022,2.963651,2.589268,0,0.010866,0.062669,0.157083,0.082182,0.047299,0.004168,-0.001078,0.004168,0.030152,0.004168,-0.034269,-0.005672,0,0,0,1.401093145,1.401093145,1.401093145,1.401093145,3.169735005,0,0,0,0.282842712,0.282842712,0.282842712,0.282842712,0.787400787,0,17,1.230448921,1.227601079,1.225093804,1.230448921,1.218670417,1.219489927,1.230448921,1.222150238,17,16,16,17,16,16,17,16,0.08059364,3.465813,-0.094975585,3.1693502,-0.899045028,3.04948762,-0.937455323,3.70656149,-1.612313635,3.97050495
40730.37569,0.977723605,9.5,187,110.9,0.67669361,4.75,19.8,161.3,15.2,377.2,1.83,136.8,17.505209,15.288125,12.798458,13.271103,16.566232,16.204923,16.349608,15.373276,2.184584,1.750557,4.233531,3.324299,3.345284,3.196478,0,0,0,0.047953,0.107719,0.094951,-0.021083,-0.002459,-0.021083,0.038213,-0.021083,-0.026926,0.006739,0,0,0,0,0,1.401093145,1.401093145,3.169735005,0,0,0,0,0,0.282842712,0.282842712,0.787400787,-1,17,1.21528498,1.222210511,1.223888754,1.220761654,1.216477468,1.217575327,1.22688619,1.218488094,16,16,16,16,16,16,16,16,-1.29559,-0.670102,-0.87414495,1.172978,-0.77065492,2.45431282,-1.645770098,2.169076244,-2.025291891,1.764043402
40731.40625,1.50242712,31.8,188,107,0.367355921,2.33,21.6,158.7,15.3,283.8,1.83,98,13.793959,13.617182,13.162244,13.372834,16.02435,16.295291,16.144732,15.827193,0.349765,0.492298,3.172942,3.750811,3.27573,3.323168,0.407221,0.516712,0.377042,0.195142,0.108291,0.108005,-0.009069,0.00012,-0.009069,0.027334,-0.009069,-0.026146,0.017901,0.536568728,0.816147046,0.903015504,0.903015504,0.903015504,0.903015504,1.666883319,1.666883319,0,0.173205081,0.223606798,0.223606798,0.223606798,0.223606798,0.360555128,0.360555128,0,17,1.230448921,1.219125891,1.218961976,1.230448921,1.211965516,1.214135261,1.228314792,1.215652248,17,16,16,17,16,16,16,16,-0.9476648,3.018398,-1.3576975,3.1698088,-1.4760604,2.80900907,-1.088816212,3.08436811,-0.34023514,1.16158466
40735.40278,2.286680969,193.5,192,105.2,0.717670503,5.22,25,160.5,15.3,290.3,2,75.2,15.594029,15.312052,14.745994,14.804748,17.969041,16.574741,16.205627,16.037577,0.549353,0.550336,3.74159,3.030478,2.941061,2.874619,0.103552,0.146541,0.142603,0.342474,0.267989,0.31748,-0.002068,0.000628,-0.002068,0.028876,-0.002068,-0.026002,0.010287,0,0,0,3.819279906,3.824535135,3.836352825,3.845714498,4.270020258,0,0,0,0.173205081,0.173205081,0.173205081,0.173205081,0.489897949,-1,22,1.230448921,1.257945095,1.223149683,1.230448921,1.234510253,1.22835936,1.240618575,1.226737107,17,16,16,17,16,16,17,16,-3.3681441,2.1988842,-3.526262,1.7090126,-2.5087097,2.77423732,-1.642261911,2.96710803,-1.165455309,1.602990391
40736.35208,1.880241776,75.9,193,139.4,0.946943271,8.85,23.1,160.1,15.2,265.6,1.67,140.1,15.853547,15.080903,13.746496,14.487495,17.870868,17.945128,16.990388,16.39188,1.116891,1.190477,3.917369,3.819389,3.417093,3.147382,0.160102,0.132022,0.145778,0.115309,0.071952,0.167813,-0.011296,-0.001384,-0.011296,0.023789,-0.011296,-0.030146,0.009228,0,0,0,0,0,3.824535135,3.838620325,4.207795385,0,0,0,0,0,0.173205081,0.173205081,0.447213595,0,17,1.230448921,1.229383168,1.225614358,1.230448921,1.224464718,1.22951653,1.230448921,1.227065023,17,16,16,17,16,16,17,16,-3.405917,-2.160157,-3.706438,-1.829644,-3.25548517,0.99363995,-3.93595402,0.379539234,-3.83059951,0.490745529
40737.38194,0.301029996,2,194,120.2,1.181843588,15.2,20.2,160.5,15.2,351.6,2,129.2,14.162427,14.117851,13.638921,14.515382,16.411682,17.156754,17.427516,16.586078,0.609733,1.303762,2.163546,3.241763,3.437898,3.100101,0.726869,0.730007,0.629525,0.563489,0.587692,0.334571,0.003232,0.001421,0.003232,0.024483,0.003232,-0.03155,-0.034782,0,0,0,0,0,0,3.824535135,3.845714498,0,0,0,0,0,0,0.173205081,0.173205081,0,17,1.230448921,1.228314792,1.224842279,1.230448921,1.219489927,1.221984445,1.230448921,1.226199983,17,16,16,17,16,16,17,16,1.7544522,-4.3105133,2.3243677,-3.189483,3.10307705,-3.96283617,2.735842057,-4.02275312,1.377380211,-3.32299227
40738.62153,1.498310554,31.5,195,108.9,0.515873844,3.28,21.5,160.2,15.2,250.8,1.92,132.7,16.372698,15.683913,14.454024,13.272514,13.469362,14.614777,15.492289,16.176303,1.095224,1.47346,1.666362,2.182755,2.922906,3.217257,0.407517,0.358179,0.368018,0.274235,0.157853,0.362463,0.017056,0.001404,0.017056,0.037567,0.017056,-0.020415,-0.002538,0.422789546,0.422789546,1.313407781,1.476767416,1.476767416,1.476767416,1.476767416,4.099745236,0,0,0.141421356,0.223606798,0.223606798,0.223606798,0.223606798,0.282842712,-1,17,1.210853365,1.225632297,1.222553905,1.21528498,1.216294221,1.217163955,1.225093804,1.218548877,16,16,16,16,16,16,16,16,3.142458,0.6225283,2.389244,1.7496542,0.981831191,2.69862462,0.402358529,2.80587848,1.175071177,0.976067304
40742.43403,1.655138435,45.2,199,110.8,0.46834733,2.94,25.6,144.6,15.4,300.6,1.95,136.2,21.540848,21.219321,18.903547,18.021021,19.612882,19.678076,18.505613,16.761913,2.003568,1.748824,2.433243,2.677327,2.781939,3.180821,0.412043,0.412224,0.204917,0.192314,0.212936,0.220979,0.004733,0.0008,0.004733,0.027263,0.004733,-0.025706,0.004238,0,0,0,0,1.671708408,1.671708408,1.938898141,2.553679111,0,0,0,0,0,0,0.1,0.469041576,-1,17,1.228314792,1.230271477,1.222355131,1.229383168,1.221305542,1.220126256,1.230093961,1.223324049,16,16,16,16,16,16,16,16,-0.58890789,-1.825784,1.11988506,-2.3180635,0.181262745,0.466516022,0.293225789,1.731745294,0.182359655,1.451731914
40743.42292,1.526339277,33.6,200,109.1,0.113943352,1.3,26.2,148.9,15.2,429.5,1.83,132.9,21.835228,21.583702,18.906873,18.528884,20.206494,19.909688,19.854215,18.108403,1.983871,1.488347,2.583673,2.527076,2.658175,3.053271,0,0,0.335099,0.285577,0.180221,0.196578,-0.007809,-0.000119,-0.007809,0.021517,-0.007809,-0.02296,0.001853,0,0,0,0,1.345217826,2.145744393,2.145744393,2.515710039,0,0,0,0,0,0,0,0.412310563,0,17,1.230448921,1.21766669,1.222391279,1.229383168,1.213259435,1.217346835,1.227958082,1.217879795,17,16,16,16,16,16,16,16,0.3424756,-1.156497,0.02542712,-1.0961657,-0.17789493,1.2781044,-0.288185525,1.97446921,-0.264382518,0.785647026
40744.41319,3.383743576,2419.6,201,101.7,0.387389826,2.44,24.1,148,15.1,256.9,1.96,127.6,20.714493,20.711114,19.800193,19.116931,19.936053,20.06514,19.907687,19.079133,0.649411,0.877163,1.616312,2.154607,2.257275,2.67256,0.005641,0.284037,0.19834,0.20159,0.159799,0.178594,-0.017931,-0.002263,-0.017931,0.017798,-0.017931,-0.020071,0.010122,0,0,0,0,0.529250413,2.415796349,2.76508282,3.23114407,0,0,0,0,0.346410162,0.346410162,0.346410162,0.374165739,0,17,1.230448921,1.230448921,1.221559123,1.230448921,1.224374774,1.218852664,1.230448921,1.21970214,17,17,16,17,16,16,17,16,4.560647,0.2134354,5.013129,-0.4460438,3.163554025,3.18592445,1.377968875,3.73690222,0.560318451,2.85405541
40745.49306,1.301029996,20,202,98.6,0.587710965,3.87,20.6,117.9,15.2,242.1,1.83,135,18.93375,18.635225,18.015429,18.399508,20.140383,19.994603,20.066149,19.948362,0.500299,0.703049,2.069573,1.827945,2.113365,2.360257,0.001445,0.001448,0.000733,0.104526,0.063333,0.111881,-0.014519,-0.004592,-0.014519,0.02135,-0.014519,-0.046326,0.018815,0,0,0,0,0,2.415796349,2.76508282,3.23114407,0,0,0,0,0,0.346410162,0.346410162,0.346410162,-1,17,1.204119983,1.217849358,1.217904144,1.20973836,1.211780355,1.21803195,1.222571971,1.216691158,16,16,16,16,16,16,16,16,-5.2677015,2.8685413,-5.79819525,2.7246522,-4.94171357,3.07748653,-4.74705995,3.0775168,-2.463390932,4.5271547
40749.33264,1.161368002,14.5,206,98.6,0.488550717,3.08,16.6,157.2,15.3,860,1.92,137.5,15.925385,15.957856,15.777964,15.625944,16.619423,15.107189,16.690203,17.842218,0.232248,0.473611,1.746678,1.998817,3.323667,3.174964,0.337837,0.358331,0.299074,0.156286,0.310915,0.582871,-0.030931,-0.005475,-0.030931,0.032769,-0.030931,-0.030931,0.008836,0,0,0,0,0,3.998177335,3.998177335,4.353950505,0,0,0,0,0,0.768114575,0.768114575,0.768114575,0,18,1.238882089,1.232749122,1.234334461,1.236789099,1.236526765,1.263775749,1.234334461,1.247552763,17,17,15,17,17,16,17,16,-2.680987,4.683671,-3.211664,5.1537355,-2.13504413,4.57059783,-1.432778042,4.21398226,-0.973942955,1.294955391
40750.75764,2.1752218,149.7,207,105.8,1.006893708,10.16,20.3,160.1,15.3,292.5,1.92,139.8,20.596558,20.313098,19.563388,18.255685,17.083141,17.321561,16.597977,17.142296,0.703385,1.934494,2.491869,2.459499,2.621143,3.003185,0,0,0.003646,0.003642,0.088645,0.149771,0.02756,0.000395,0.02756,0.036525,0.02756,-0.042802,-0.025878,0,0,0,0,0,0,0.306763753,4.011517793,0,0,0,0,0,0,0,0.768114575,0,18,1.230448921,1.230626293,1.239351625,1.230448921,1.230537616,1.231113692,1.230448921,1.237342397,17,17,15,17,17,16,17,16,0.8891188,-2.449449,0.7166923,-2.599516,1.0359556,-2.35571598,0.495342673,-1.26856358,-0.887305834,-0.061303238
40751.51042,2.166430114,146.7,208,99.7,0.447158031,2.8,19.6,139.5,15.4,305.3,2.08,135.9,16.794174,16.670698,16.229687,15.583037,16.590769,16.991296,16.974144,16.74247,0.42973,0.763262,1.992487,2.52715,2.275756,2.990627,0.971036,0.863878,0.807043,0.643458,0.32264,0.237384,-0.018872,-0.001615,-0.018872,0.030977,-0.018872,-0.035999,-0.017127,1.487766783,1.516211727,1.562011524,3.875228896,3.875228896,3.875228896,3.875228896,5.56801769,0.264575131,0.264575131,0.282842712,0.6244998,0.6244998,0.6244998,0.6244998,0.989949494,-3,22,1.278753601,1.275407342,1.24540984,1.278753601,1.253509637,1.242132325,1.299821943,1.238882089,19,17,16,19,17,16,19,16,-0.4927578,4.210648,0.2727581,4.017532,0.87236768,4.49723597,0.637277105,3.85305602,0.824100741,1.8541837
40752.45069,1.334453751,21.6,209,101,0.120573931,1.32,22.1,121.9,15.3,370.3,1.92,107.8,21.528828,20.241672,17.534498,16.656612,17.044869,16.900223,17.05177,16.333629,2.087435,1.735398,1.419439,1.781968,2.228854,2.335707,0.269216,0.282482,0.538359,0.615714,0.728585,0.490072,-0.006635,-0.000867,-0.006635,0.029189,-0.006635,-0.018872,0.000896,0,0,0,0,1.725803002,3.961930969,3.961930969,5.19186739,0,0,0,0,0.3,0.640312424,0.640312424,0.721110255,-1,22,1.263241435,1.271389788,1.258044998,1.265211028,1.281049157,1.266110781,1.269123617,1.254545839,18,18,16,18,18,17,18,16,-1.464491,-0.30293751,-1.8415095,0.1989219,-1.54228337,1.63253945,-1.337585245,1.833516474,-0.596308843,2.516383162
40756.45139,1.385606274,24.3,213,93.1,0.305351369,2.02,20.7,125.4,15.3,363.4,1.83,140.2,17.71235,17.487645,16.653173,16.6116,19.095655,18.715472,19.073235,18.649539,0.635799,0.506782,3.046578,2.339949,2.658298,2.702912,0.003218,0.002355,0.080422,0.078509,0.039999,0.095697,-0.006932,-0.002027,-0.006932,0.035474,-0.006932,-0.027885,-0.019454,0,0,0,0,0,2.98893476,3.173340984,3.61226937,0,0,0,0,0,0.6,0.714142843,0.774596669,0,17,1.230448921,1.230448921,1.246112014,1.230448921,1.22982755,1.230980819,1.230448921,1.230685401,17,17,16,17,16,16,17,16,0.77081396,2.6967919,-0.18560682,3.479196,-0.416383817,4.30280813,-1.016935444,4.11513694,-1.522751139,2.75391535
40757.53472,2.29136885,195.6,214,100.3,0.385606274,2.43,20.2,163.8,15.7,269.7,2.92,130.1,17.711704,17.904627,18.434253,18.396161,19.262934,18.971649,18.869697,19.012356,0.830733,0.700869,1.37169,2.241831,2.089923,2.535477,0.823533,0.852095,0.639014,0.676405,0.536345,0.288142,-0.005583,-0.001516,-0.005583,0.02281,-0.005583,-0.027271,-0.021688,2.269613844,2.804773788,2.859956293,5.688059599,5.754487901,5.754487901,5.781926496,6.571470459,0.282842712,0.836660027,0.979795897,1.407124728,1.407124728,1.407124728,1.407124728,1.577973384,21,47,1.593839661,1.385457313,1.253223546,1.510209777,1.314832417,1.274406432,1.409134399,1.260766816,30,17,16,22,17,16,21,16,0.51416966,3.3740108,-0.64955592,3.3867046,-1.31084357,2.655772283,-0.902770223,2.391807825,0.144400696,1.775161277
40758.46181,1.45484486,28.5,215,105.1,0.472756449,2.97,22.3,178.8,15.5,219.9,2.33,128.7,20.599077,20.4908,18.735564,18.671973,19.595133,19.435244,19.251013,19.176148,1.711176,1.592654,1.716436,1.55625,2.138297,2.267356,0,0,0.001598,0.161405,0.316447,0.409239,0.020028,0.000263,0.020028,0.03243,0.020028,-0.031321,-0.025611,0,0,0,0,2.269879292,5.754592514,5.754592514,6.571562143,0,0,0,0,0.64807407,1.407124728,1.407124728,1.577973384,-2,60,1.342422681,1.390149764,1.315620531,1.345700391,1.518148218,1.418209192,1.359888159,1.364016527,22,22,16,22,22,17,22,16,-2.9531456,-1.3130427,-2.5550526,-2.135419,-2.68582847,-0.289362935,-2.9659516,0.169465217,-2.431428177,0.816771786
40759.51042,1.682145076,48.1,216,112.3,0.439332694,2.75,22.5,156.1,15.3,347.2,2.25,102,20.48423,20.248924,19.10217,18.066402,19.199268,19.47802,19.406325,19.113026,1.038143,1.311886,2.286258,2.03968,1.846886,2.091315,0,0,0.003661,0.001831,0.002919,0.142526,-0.002865,-0.00238,-0.002865,0.017695,-0.002865,-0.023256,0.006144,0,0,0,0,0,0.03471311,5.754592514,5.782030699,0,0,0,0,0,0,1.407124728,1.407124728,0,22,1.278753601,1.278912305,1.328308801,1.278753601,1.296863161,1.418698246,1.278753601,1.382863016,19,19,16,19,19,19,19,17,-0.6686571,3.54918,-0.83971945,3.5003404,-0.906204287,3.76665115,-0.932977598,4.19342138,-0.660801616,2.889160736
40762.56111,2.114277297,130.1,219,110.5,0.600972896,3.99,24.6,162.1,15.3,326.6,2,140.4,20.763775,20.827889,20.271869,19.378922,19.440506,20.098709,20.048268,19.843354,0.512995,1.005739,0.806134,2.12708,1.952735,2.010806,0.034388,0.235717,0.404979,0.645634,0.695961,0.41165,0.009088,0.002876,0.009088,0.018832,0.009088,-0.011794,-0.009768,0,0,0,0.295465734,2.756474923,2.805710605,2.805710605,2.805710605,0,0,0,0.173205081,0.479583152,0.479583152,0.479583152,0.479583152,-1,19,1.230448921,1.25224605,1.317294171,1.231512066,1.250724877,1.240705217,1.247154615,1.24495825,17,17,17,17,17,17,17,17,0.4716196,-2.728443,0.59973005,-2.592,0.019889476,-2.8679332,1.139349706,-3.07360961,1.524981476,-2.98825719
40763.51806,1.303196057,20.1,220,104.4,0.382017043,2.41,24.7,169.8,15.4,513.5,2,140.6,20.055582,19.893511,18.861519,17.944822,18.794759,19.12429,19.680828,19.633977,1.063449,1.20009,1.646086,1.34461,2.086672,2.043408,0.101003,0.061152,0.221691,0.39908,0.27167,0.483099,-0.020315,-0.001847,-0.020315,0.020819,-0.020315,-0.020792,0.029402,0,0,0,0,0,2.805710605,2.805710605,2.805710605,0,0,0,0,0,0.479583152,0.479583152,0.479583152,0,19,1.253257214,1.24424275,1.254668899,1.255272505,1.237575153,1.244199782,1.248858401,1.239664367,17,17,17,17,17,17,17,17,-0.2062868,4.730374,-0.33690962,4.2254918,-0.527603577,3.84950382,-0.310262777,4.02573058,0.098580595,1.67010444
40764.53472,1.696356389,49.7,221,102.6,-0.318758763,0.48,22.1,159.4,15.3,286.3,2,140.4,18.72525,18.64924,18.116705,17.857131,18.894768,18.844764,19.047783,19.573078,0.488845,0.486941,1.530116,1.589946,1.413309,1.914721,0.61983,0.685768,0.647501,0.535008,0.437363,0.354516,-0.012506,-0.004597,-0.012506,0.021041,-0.012506,-0.018466,0.010525,0.079063266,0.079063266,0.079063266,0.079063266,2.48150942,2.48150942,3.745650945,3.745650945,0,0,0,0.1,0.632455532,0.632455532,0.793725393,0.793725393,0,24,1.255272505,1.259441231,1.247495907,1.255272505,1.263076898,1.250597872,1.255272505,1.250640211,18,18,17,18,17,17,18,17,-7.6042621,0.93496155,-7.07895105,1.18905428,-6.4920259,2.690911408,-5.35463726,3.563622062,-3.333775889,4.256743552
40765.38333,1.771587481,59.1,222,130.4,0.460897843,2.89,19.1,156.6,15.2,364.4,1.92,140.2,17.638632,17.287676,16.170538,16.87462,18.026899,18.536208,18.652697,19.251861,0.83658,1.086794,1.456541,1.589195,1.641942,2.000896,0,0,0,0.098172,0.333876,0.349067,0.013621,-0.000503,0.013621,0.040214,0.013621,-0.045703,-0.017484,0,0,0,0,0.493499747,2.528869313,2.528869313,3.777193667,0,0,0.1,0.1,0.173205081,0.655743852,0.655743852,0.81240384,1,18,1.253257214,1.247325295,1.245889496,1.251232527,1.248688323,1.255942196,1.248177688,1.249509751,17,17,17,17,17,17,17,17,-5.95263,1.644197,-5.6309648,2.7341498,-4.84390543,3.74366075,-4.36121432,1.32096166,-5.818871883,-0.325331298
40770.51042,1.037426498,10.9,227,106.3,0.264817823,1.84,23.7,158.1,15.3,314.4,2,143.7,22.937927,21.695399,19.734901,18.765301,19.528433,18.493201,18.474601,18.62775,1.693828,1.544948,2.098488,1.95965,1.848319,1.828168,0.060764,0.04787,0.04017,0.037774,0.050339,0.224396,0.006422,-0.001775,0.006422,0.020805,0.006422,-0.03868,0.007037,0,0,0,0,0,0,0.372887382,0.372887382,0,0,0,0,0,0,0,0,0,18,1.24096504,1.242865675,1.239976884,1.248177688,1.237225971,1.240705217,1.247836932,1.240503025,17,17,17,17,17,17,17,17,-2.7185952,-0.86247458,-2.2948948,0.99301686,-2.15856502,3.069571253,-2.30588763,3.428277993,-1.333087705,2.55630008
40771.39444,2.019531685,104.6,228,101.9,0.281033367,1.91,23.4,129,15.2,314.5,1.8,130.6,19.536272,19.167754,18.23584,18.440419,20.237417,19.749464,18.97847,18.917185,0.698359,0.57672,2.267108,2.186083,2.168284,2.022941,0.064063,0.292434,0.259406,0.278839,0.235967,0.146068,-0.023871,0.000449,-0.023871,0.034619,-0.023871,-0.023871,0.025541,0,0,0,0,0,0,0,0.372887382,0,0,0,0,0,0,0,0,1,18,1.255272505,1.251570631,1.240445238,1.255272505,1.24338259,1.240575247,1.253257214,1.241513046,18,17,17,18,17,17,17,17,-0.8797927,4.60489,-0.54534465,4.558636,-0.61594105,4.3410992,-0.487719783,4.08093498,0.10849054,2.854256101
40772.46528,1.982271233,96,229,107,0.450249108,2.82,22.1,162.2,15.1,290.1,2.08,142.3,19.757502,19.578928,18.896013,18.685475,19.500586,19.903973,19.734401,19.01877,0.511071,0.471651,1.329656,1.90725,1.945181,1.967489,0.011363,0.010374,0.040575,0.261502,0.264155,0.249307,-0.022362,-0.003326,-0.022362,0.028753,-0.022362,-0.032427,0.040329,0,0,0,0,2.741128782,2.741128782,2.741128782,2.766375246,0,0,0,0,0.458257569,0.458257569,0.458257569,0.458257569,0,21,1.255272505,1.260435798,1.244070854,1.255272505,1.255272505,1.249368236,1.255272505,1.245529803,18,18,17,18,17,17,18,17,-5.2441986,2.7259074,-5.3041943,2.3142277,-4.47730102,2.64753217,-3.7652024,3.4062311,-2.510890382,4.187312054
40773.52847,1.382017043,24.1,230,103,0.639486489,4.36,22.5,165,15.1,349.6,2.08,144.2,20.996555,20.764074,19.295017,18.754218,19.431302,19.439353,19.708647,19.222469,1.166594,0.993697,1.212158,1.243055,1.680682,1.893531,0.021651,0.010826,0.003609,0.001804,0.002473,0.131758,0.027851,-0.005519,0.027851,0.027851,0.027851,-0.027677,-0.048156,0,0,0,0,0,2.741128782,2.741128782,2.741128782,0,0,0,0,0,0.458257569,0.458257569,0.458257569,-1,18,1.230448921,1.238882089,1.243589184,1.230448921,1.236876509,1.246513968,1.235037203,1.245615472,17,17,17,17,17,17,17,17,-3.0723887,3.6160588,-2.6234244,3.3841329,-2.62643962,4.20058167,-3.27403268,4.73779943,-3.98507037,4.363350879
40778.42014,1.838219222,68.9,235,105.9,-0.031517051,0.93,18.9,127.7,15.2,337.4,2.17,143,19.83597,19.269764,18.692531,18.509204,19.079233,18.18115,18.021454,18.495306,0.575812,0.518357,1.103986,1.975552,2.127762,2.154772,0.14991,0.144375,0.163263,0.084091,0.07991,0.12062,0.010887,-0.001405,0.010887,0.029657,0.010887,-0.033333,0.010295,0,0.614001629,0.614001629,0.614001629,0.614001629,0.639960155,1.027948442,2.424101071,0,0,0,0,0,0,0,0.244948974,0,18,1.255272505,1.247666453,1.239334244,1.255272505,1.239143005,1.235037203,1.25460178,1.235241956,18,17,17,18,17,17,17,17,-1.7029729,4.9056953,-0.92393742,5.2553101,-0.581573292,5.26768182,-0.538483038,5.18981033,-1.171686856,4.792275462
40779.47986,1.206825876,16.1,236,105.5,-0.124938737,0.75,21.4,162.1,15.4,323.5,2,144.4,19.311487,19.175258,19.193776,19.520792,19.328364,19.23983,18.596848,18.353721,0.206081,0.561359,0.840823,0.97738,1.768932,2.013944,0.126088,0.063044,0.021015,0.030794,0.153886,0.108369,-0.014411,-0.002824,-0.014411,0.029556,-0.014411,-0.033574,0.023177,0,0,0,0.216346944,2.320119824,2.399990417,2.406762348,2.542484022,0,0,0,0,0.721110255,0.721110255,0.721110255,0.721110255,-1,18,1.243038049,1.253257214,1.241397734,1.246129126,1.254014044,1.247367954,1.251570631,1.241801192,17,17,17,17,17,17,17,17,-9.019399,1.365517,-8.05030175,1.7406931,-7.09750108,1.45231692,-4.914653581,3.633788432,-3.221333301,3.598930294
