dates,logEC,beachEColiValue,jday,beachAirTemp,beachAlgaeNearshore,beachAlgaeOnBeach,beachPeopleInWater,beachPeopleOnBeach,beachSc,beachTotalNoOfBirds,LOGbeachTurbidityBeach,beachTurbidityBeach,beachWaterTemp,beachWaveHeightManual,beachWindSpeed,tribNorthFishCreekAtHwy2TribSc,tribNorthFishCreekAtHwy2WaterElevation,tribSouthFishCreekAtHwy137TribSc,tribSouthFishCreekAtHwy137WaterElevation,tribWhittleseyCreekAtHwy1304026321TribDischarge,tribWhittleseyCreekAtHwy1304026321TribSc,MeairTemperatureCover1hrX3Y12,MeairTemperatureCover2hrX3Y12,MeairTemperatureCover6hrX3Y12,MeairTemperatureCover12hrX3Y12,MeairTemperatureCover24hrX3Y12,MeairTemperatureCover48hrX3Y12,MeairTemperatureCover72hrX3Y12,MeairTemperatureCover120hrX3Y12,MeairTemperatureCover144hrX3Y12,MeairTemperatureCover336hrX3Y12,MeairTemperatureCover504hrX3Y12,MeairTemperatureCover672hrX3Y12,StDevAirTemperatureCover672hrX3Y12,StDevAirTemperatureCover2hrX3Y12,StDevAirTemperatureCover6hrX3Y12,StDevAirTemperatureCover12hrX3Y12,StDevAirTemperatureCover24hrX3Y12,StDevAirTemperatureCover48hrX3Y12,StDevAirTemperatureCover72hrX3Y12,StDevAirTemperatureCover120hrX3Y12,StDevAirTemperatureCover144hrX3Y12,StDevAirTemperatureCover336hrX3Y12,StDevAirTemperatureCover504hrX3Y12,StDevAirTemperatureCover672hrX3Y12,MeanCloudCoverover1hrX3Y12,MeanCloudCoverover2hrX3Y12,MeanCloudCoverover6hrX3Y12,MeanCloudCoverover12hrX3Y12,MeanCloudCoverover24hrX3Y12,MeanCloudCoverover48hrX3Y12,MeanHeightAboveModelSeaLevelmover1hrX3Y12,MeanHeightAboveModelSeaLevelmover24hrX3Y12,MaxHeightAboveModelSeaLevelmover1hrX3Y12,MaxHeightAboveModelSeaLevelmover24hrX3Y12,MinHeightAboveModelSeaLevelmover1hrX3Y12,MinHeightAboveModelSeaLevelmover24hrX3Y12,DiffHeightAboveModelSeaLevelmover24hrX3Y12,uploadmaslowskiId0Sumover1hrGeographicalMeankgm2,uploadmaslowskiId0Sumover2hrGeographicalMeankgm2,uploadmaslowskiId0Sumover6hrGeographicalMeankgm2,uploadmaslowskiId0Sumover12hrGeographicalMeankgm2,uploadmaslowskiId0Sumover24hrGeographicalMeankgm2,uploadmaslowskiId0Sumover48hrGeographicalMeankgm2,uploadmaslowskiId0Sumover72hrGeographicalMeankgm2,uploadmaslowskiId0Sumover120hrGeographicalMeankgm2,uploadmaslowskiId0Sumover144hrGeographicalMeankgm2,uploadmaslowskiId0Sumover336hrGeographicalMeankgm2,uploadmaslowskiId0Sumover504hrGeographicalMeankgm2,uploadmaslowskiId0Sumover672hrGeographicalMeankgm2,WCrainsum1,WCrainsum2,WCrainsum6,WCrainsum12,WCrainsum24,WCrainsum48,WCrainsum72,WCrainsum120,WCrainsum144,WCrainsum336,WCrainsum504,WCrainsum672,THrainsum1,THrainsum2,THrainsum6,THrainsum12,THrainsum24,THrainsum48,THrainsum72,THrainsum120,THrainsum144,THrainsum336,THrainsum504,THrainsum672,ASXrainsum1,ASXrainsum2,ASXrainsum6,ASXrainsum12,ASXrainsum24,ASXrainsum48,ASXrainsum72,ASXrainsum120,ASXrainsum144,ASXrainsum336,ASXrainsum504,ASXrainsum672,ASXwndperpmean1,ASXwndperpmean2,ASXwndperpmean6,ASXwndperpmean12,ASXwndperpmean24,WCQmean1,WCQmax1,WCQmin1,WCQmean2,WCQmax2,WCQmin2,WCQmean6,WCQmax6,WCQmin6,WCQmean12,WCQmax12,WCQmin12,WCQmean24,WCQmax24,WCQmin24,WCQmean48,WCQmax48,WCQmin48,WCQmean72,WCQmax72,WCQmin72,WCQmean120,WCQmax120,WCQmin120,WCQmean144,WCQmax144,WCQmin144,WCQmean336,WCQmax336,WCQmin336,WCQmean504,WCQmax504,WCQmin504,WCQmean672,WCQmax672,WCQmin672,WCQdifference6,WCQmaxdiff24,WCQmaxdiff48,WCQmaxdiff72,WCQmaxdiff120,WCQmaxdiff144,WCQmaxdiff336,WCQmaxdiff504,WCQmaxdiff672,ASXrainsum1,ASXrainsum2,ASXrainsum6,ASXrainsum12,ASXrainsum24,ASXrainsum48,ASXrainsum72,ASXrainsum120,ASXrainsum144,ASXrainsum336,ASXrainsum504,ASXrainsum672,wndperpmean1,wndperpmean2,wndperpmean6,wndperpmean12,wndperpmean24,wndperp_mean1,wndperp_mean2,wndperp_mean6,wndperp_mean12,wndperp_mean24,wndparl_mean1,wndparl_mean2,wndparl_mean6,wndparl_mean12,wndparl_mean24
6/9/2010 10:45,1.075546961,11.9,160,18,1,1,0,0,97.3,24,0.158362492,1.44,18,0.25,4,145.7,15.6,244.7,2.5,23,98,11.377149,11.576059,11.076495,10.698459,10.41818,11.854513,11.175995,11.062667,11.478938,12.015231,11.913831,11.017967,3.404341,0.198911,0.550012,0.563876,0.557988,2.767367,2.768767,2.463538,2.766392,2.942251,3.020505,3.404341,0.774863,0.679034,0.416842,0.574542,0.73915,0.405229,-0.004283,0.00121,-0.004283,0.048669,-0.004283,-0.038224,0.031236,0,0,0,0.017259,24.784601,25.448811,25.448811,28.101252,47.50202,52.256991,66.024217,100.857604,0.01,0.01,0.01,0.01,1.03,1.1,1.1,1.25,1.97,2.1,3.28,4.64,0,0,0,0.01,0.99,0.99,0.99,1.16,1.87,2,2,2,0,0,0,0,0.92,1.02,1.02,1.205,2.045,2.245,2.495,3.605,-2.707787179,-2.617527606,-4.937506734,-5.070803295,-3.63522486,24,24,24,24.33333333,25,24,25.20833333,27,24,24.44444444,27,23,23.42708333,27,17,20.21354167,27,17,19.2025463,27,17,18.98819444,27,17,18.8125,27,17,18.13640873,27,17,18.17576058,30,17,19.15364583,53,17,-2,10,10,10,10,10,10,13,36,0,0,0,0,0.92,1.02,1.02,1.205,2.045,2.245,2.495,3.605,-2.707787179,-2.617527606,-4.937506734,-5.070803295,-3.63522486,6.68590882,6.792766434,5.433712912,4.418769097,1.606515074,-0.204106728,-0.72632613,-2.824665218,-2.832078709,-3.623502196
6/10/2010 10:20,1.385606274,24.3,161,15.9,1,1,0,0,114.7,30,0.672097858,4.7,17.9,0.5,4.8,134.6,15.3,267.7,2.33,18,99.3,12.932144,12.774819,10.877538,10.247004,11.825014,11.121597,11.84468,11.083799,11.189725,11.9244,11.803204,11.186517,3.340425,0.157325,1.853251,1.507537,2.093873,1.686008,2.56265,2.456797,2.422592,2.873739,2.852935,3.340425,0.198105,0.318066,0.354016,0.220435,0.456197,0.597674,0.063869,0.00072,0.063869,0.063869,0.063869,-0.048607,-0.025143,0,0,0,0,1.24639,26.030991,26.695201,28.877853,29.347641,53.50338,67.270606,80.625207,0,0,0,0,0,1.06,1.1,1.21,1.28,2.1,3.28,3.92,0,0,0,0,0,0.99,0.99,1.1,1.3,2,2,2,0,0,0,0,0.02,0.94,1.04,1.205,1.225,2.265,2.515,2.865,6.901972259,3.45098613,1.80984023,0.22594617,0.615550897,19,19,19,19,19,19,19,19,19,19.29166667,20,19,20.55902778,24,19,21.93229167,27,17,20.28819444,27,17,19.2125,27,17,19.25868056,27,17,18.31175595,27,17,18.29265873,30,17,19.23139881,53,17,0,5,10,10,10,10,10,13,36,0,0,0,0,0.02,0.94,1.04,1.205,1.225,2.265,2.515,2.865,6.901972259,3.45098613,1.80984023,0.22594617,0.615550897,-1.102046873,-0.63520996,0.83758851,2.534246261,3.992725323,2.048945908,1.864195786,-0.816578294,-0.965178829,0.511009264
6/11/2010 10:27,1.877371346,75.4,162,14.3,1,1,0,0,140,10,0.712649702,5.16,15.9,1,6.4,122.3,17.1,158.8,3.67,54,88.3,11.320089,10.724909,10.845321,10.308287,11.125222,11.475118,11.122805,11.295644,11.090702,11.724992,11.936151,11.376262,3.183838,0.595179,0.886709,0.829595,1.222549,1.749827,1.547028,2.417824,2.297655,2.595481,2.718842,3.183838,0.970542,0.985271,0.956144,0.94469,0.770027,0.613112,0.035941,0.005231,0.035941,0.065574,0.035941,-0.057125,-0.0155,7.175096,13.224407,14.900402,14.900402,14.900402,16.146791,40.931392,41.595603,43.778255,68.403782,81.556184,84.264445,0.31,0.72,0.89,0.89,0.89,0.89,1.93,1.99,2.1,2.99,4.17,4.17,0.4,0.46,0.46,0.46,0.46,0.46,1.45,1.45,1.56,2.45,2.46,2.46,0.21,0.6,0.94,0.94,0.94,0.96,1.88,1.98,2.145,3.205,3.455,3.455,5.184959209,5.122648425,3.776233711,2.897663842,4.776262594,24.25,28,21,21.75,28,18,19.25,28,18,18.625,28,18,18.35416667,28,18,19.43923611,28,18,20.74421296,28,17,19.28472222,28,17,19.07060185,28,17,18.35515873,28,17,18.3098545,30,17,18.61966766,30,17,10,10,10,11,11,11,11,13,13,0.21,0.6,0.94,0.94,0.94,0.96,1.88,1.98,2.145,3.205,3.455,3.455,5.184959209,5.122648425,3.776233711,2.897663842,4.776262594,-4.777703178,-4.011911332,-3.669552006,-3.268220181,-3.559169552,1.008450057,-0.745528237,0.202318783,-0.332229737,0.748222839
6/12/2010 14:10,2.991403303,980.4,163,13.3,1,1,0,10,166.7,0,1.346352974,22.2,16.3,0.58,8.5,163.8,16.3,188.5,4.5,37,125.7,10.858103,10.940256,10.469335,10.022975,10.063843,10.493901,10.925264,11.189337,11.088236,11.627456,11.950002,11.49915,3.042099,0.082153,0.509981,0.583021,0.69532,1.003437,1.557881,2.014139,2.274819,2.519994,2.687077,3.042099,0.883943,0.918898,0.963733,0.981866,0.987645,0.93567,-0.050746,0.007614,-0.050746,0.069658,-0.050746,-0.055131,0.020545,0,0,0,0.047442,0.468596,25.199969,26.34539,51.89517,51.89517,78.703349,91.855751,94.564012,0,0,0,0.01,0.15,1.54,1.54,2.64,2.64,3.64,4.82,4.82,0,0,0.01,0.01,0.27,1.63,1.63,2.62,2.62,3.62,3.63,3.63,0,0,0,0,0.05,1.51,1.52,2.55,2.55,3.775,4.025,4.025,7.825454366,9.094043173,6.630698564,6.742527067,7.598582617,33.08333333,34,33,33.54166667,34,33,35.08333333,38,33,38.81944444,50,33,63.30555556,123,33,42.66840278,123,18,35.04050926,123,18,29.28194444,123,17,27.24131944,123,17,21.87896825,123,17,20.64434524,123,17,20.12859623,123,17,-5,90,105,105,106,106,106,106,106,0,0,0,0,0.05,1.51,1.52,2.55,2.55,3.775,4.025,4.025,7.825454366,9.094043173,6.630698564,6.742527067,7.598582617,-2.678623857,-2.221511593,-1.983688709,-2.485655196,-3.942798774,2.60340645,2.182627079,2.201253941,2.315114966,2.944686228
6/21/2010 9:57,0.934498451,8.6,172,20.2,1,2,4,7,121.5,0,0.630427875,4.27,21.7,0,3,132.6,15.7,242.7,2.6,26,104.3,15.924534,15.848657,13.765913,13.032974,15.313614,14.238897,14.796276,14.675918,14.27186,12.534303,12.287385,12.358295,2.758883,0.075877,1.907473,1.568737,3.022394,2.670815,2.52295,2.223985,2.267489,2.570765,2.679773,2.758883,0,0,0.053021,0.10098,0.133265,0.34054,0.003158,-0.000205,0.003158,0.031685,0.003158,-0.047876,-0.019393,0,0,0,0,0,0,0,2.136524,2.672237,56.680342,82.163879,96.632764,0,0,0,0,0,0,0,0.06,0.07,2.79,3.76,4.97,0,0,0,0,0,0,0,0.03,0.03,2.7,3.7,3.71,0,0,0,0,0,0,0,0.05,0.08,2.75,3.89,4.225,7.999805046,3.999902523,1.333300841,0.202777679,1.645573467,19,19,19,18.91666667,19,18,18.875,19,18,18.58333333,19,18,18.43402778,19,18,18.59027778,19,18,18.72569444,19,18,19.05902778,20,18,19.38657407,22,18,24.03025794,123,17,21.94824735,123,17,20.98995536,123,17,0,1,1,1,2,4,106,106,106,0,0,0,0,0,0,0,0.05,0.08,2.75,3.89,4.225,7.999805046,3.999902523,1.333300841,0.202777679,1.645573467,-0.922707822,-0.724958477,-0.125959185,0.310414956,-0.669811878,0.472129364,0.610960904,-1.122946687,-1.988661887,-0.855461545
6/22/2010 9:38,2.314709693,206.4,173,19.2,1,2,0,0,130.4,20,0.85308953,7.13,20.8,0.17,2.3,121.3,15.9,136.5,5.1,29,92.6,15.598572,15.635179,13.207607,12.706126,13.933709,14.623661,14.137168,14.742591,14.552217,12.574442,12.299162,12.4068,2.780301,0.036607,1.723083,1.334341,1.868248,2.605502,2.437139,2.203447,2.18632,2.484795,2.658839,2.780301,0.989014,0.689748,0.716346,0.72509,0.702875,0.41807,-0.032907,0.002227,-0.032907,0.043222,-0.032907,-0.043447,-0.01054,0,0,0.046806,0.046806,30.711911,30.711911,30.711911,32.848435,32.848435,87.392253,112.87579,127.344675,0,0,0,0,1.25,1.25,1.25,1.3,1.31,4.04,5.01,6.22,0,0,0,0,0.9,0.9,0.9,0.93,0.93,3.6,4.6,4.61,0,0,0.01,0.01,1.22,1.22,1.22,1.27,1.27,3.96,5.11,5.445,0,0,1.147500049,0.573750025,2.240617595,29.83333333,30,29,30.25,31,29,32.09722222,36,29,37.58333333,54,29,32.38888889,57,18,25.41145833,57,18,23.18981481,57,18,21.54166667,57,18,21.28298611,57,18,25.12748016,123,17,22.66236772,123,17,21.50359623,123,17,-7,39,39,39,39,39,106,106,106,0,0,0.01,0.01,1.22,1.22,1.22,1.27,1.27,3.96,5.11,5.445,0,0,1.147500049,0.573750025,2.240617595,0.458205281,0.099426797,0.956835996,0.897569723,0.031117617,1.214686437,1.187812452,-0.780781899,-1.541398652,-0.023151583
6/23/2010 9:40,2.031812271,107.6,174,22.6,1,2,0,0,136.8,70,0.851258349,7.1,22.4,0,0,122.4,15.5,140.6,3.35,21,100.9,14.023369,14.182596,13.916374,14.031672,15.060406,14.497057,14.769243,14.676589,14.79556,12.904384,12.431918,12.466636,2.77392,0.159227,0.310798,0.451351,1.442725,1.761609,2.293898,2.25432,2.099267,2.510804,2.682174,2.77392,0.775333,0.836912,0.75477,0.485101,0.361002,0.531939,0.007341,0.001434,0.007341,0.031129,0.007341,-0.033497,-0.009312,0,0,0.273165,2.584335,4.54159,35.253501,35.253501,35.253501,37.390025,66.485032,113.987052,118.742022,0,0,0,0,0,1.25,1.25,1.25,1.3,2.95,4.91,5.04,0,0,0,0.01,0.01,0.91,0.91,0.91,0.94,2.62,4.49,4.62,0,0,0,0,0.115,1.335,1.335,1.335,1.385,3.065,5.11,5.31,-3.240599505,-5.098279471,-4.421808504,-2.184836231,0.609366675,21,21,21,21.125,22,21,21.69444444,22,21,22.26388889,24,21,24.26388889,30,21,28.32638889,57,18,25.02893519,57,18,22.56597222,57,18,21.99537037,57,18,25.21006944,123,18,22.98826058,123,17,21.66344246,123,17,-1,9,39,39,39,39,105,106,106,0,0,0,0,0.115,1.335,1.335,1.335,1.385,3.065,5.11,5.31,-3.240599505,-5.098279471,-4.421808504,-2.184836231,0.609366675,2.482220488,2.590137404,1.45746155,1.53223102,0.258333882,-3.97137686,-3.669146033,-2.630414258,-2.078588264,-0.280654233
6/24/2010 10:13,1.709269961,51.2,175,22.7,2,1,0,1,125.2,0,0.63447727,4.31,21.1,0,3.5,130.3,15.5,156.6,4.4,22,98.6,16.760523,16.605264,14.59245,14.104014,14.570184,14.865207,14.53614,14.443367,14.667809,13.118894,12.588722,12.521647,2.757051,0.155259,1.466869,1.173577,1.258461,1.430186,1.634557,2.122337,2.130957,2.496171,2.667638,2.757051,0,0,0.073487,0.150617,0.390759,0.361457,-0.019081,-0.001534,-0.019081,0.032555,-0.019081,-0.033455,0.005292,0,0,0,0,8.796783,13.338373,44.050284,44.050284,44.050284,74.035425,122.783835,127.538805,0,0,0,0,0.15,0.15,1.4,1.4,1.4,3.09,5.06,5.19,0,0,0,0,0.12,0.13,1.03,1.03,1.03,2.74,4.61,4.74,0,0,0,0.01,0.65,0.775,1.995,1.995,1.995,3.705,5.77,5.97,0,3.45098613,0.036021888,-0.349642798,-0.941714912,23,23,23,23,23,23,23.18055556,24,21,22.09027778,24,21,21.63888889,24,21,22.85243056,29,21,26.11342593,57,18,23.10416667,57,18,22.41956019,57,18,25.28050595,123,18,23.20205026,123,17,21.79600694,123,17,2,3,8,39,39,39,105,106,106,0,0,0,0.01,0.65,0.775,1.995,1.995,1.995,3.705,5.77,5.97,0,3.45098613,0.036021888,-0.349642798,-0.941714912,1.10739532,2.071590737,2.88972299,3.303264085,3.305862006,2.924505074,2.305818597,0.351588981,-0.4523762,-0.498165084
7/5/2010 9:59,0.716003344,5.2,186,23.6,1,1,7,7,98.2,0,0.201397124,1.59,19.8,0,0,137.1,15.3,258.8,2.2,18,106.1,19.99012,19.584275,18.053048,17.971155,18.374299,18.617133,18.20579,16.994905,16.372841,15.520476,14.934738,14.027389,2.881463,0.405845,1.127717,0.878792,0.842315,1.046088,1.308188,2.150815,2.577258,2.353341,2.526118,2.881463,0.514985,0.429498,0.409451,0.373174,0.408907,0.286105,-0.00044,0.000123,-0.00044,0.02144,-0.00044,-0.027866,0.001845,0,0,0,0,0.814945,0.814945,0.814945,0.904067,0.904067,82.840425,86.275151,139.520768,0,0,0,0,0.02,0.02,0.02,0.02,0.02,2.05,2.14,4.84,0,0,0,0,0.05,0.05,0.05,0.05,0.05,1.6,1.64,4.3,0,0,0,0,0.03,0.035,0.035,0.04,0.04,3.085,3.21,5.835,0,2.499939077,1.26806049,-0.162036078,-1.466676297,18.66666667,19,18,18.58333333,19,18,18.59722222,19,18,18.3125,19,18,18.31944444,19,18,18.20833333,19,18,18.27083333,19,18,18.44375,19,18,18.43634259,19,18,21.69667659,57,18,21.05092593,57,18,22.86346726,123,17,1,1,1,1,1,1,39,39,106,0,0,0,0,0.03,0.035,0.035,0.04,0.04,3.085,3.21,5.835,0,2.499939077,1.26806049,-0.162036078,-1.466676297,-0.791900018,-0.06992359,0.742793924,1.275552218,2.19971992,1.201759324,1.443017458,-1.037119507,-1.867236207,-2.154565196
7/6/2010 9:50,1.561101384,36.4,187,23.2,1,1,0,0,103.6,0,-1.15490196,0.07,21.2,0.04,0,134.7,15.3,253.4,2.35,18,103.7,17.100407,16.914389,16.959954,16.906133,18.491434,18.432866,18.575233,17.821834,17.244326,15.846028,15.305203,14.210235,2.951061,0.186018,0.669918,0.508355,1.901056,1.471456,1.392019,1.727595,2.183666,2.42728,2.480454,2.951061,0.714733,0.674996,0.70939,0.700548,0.455669,0.432288,0.009317,0.002781,0.009317,0.032944,0.009317,-0.020129,0.023627,0,0,2.219693,5.896341,15.170677,15.985622,15.985622,15.985622,16.074745,67.299192,100.68334,154.691445,0,0,0.07,0.2,0.4,0.42,0.42,0.42,0.42,1.2,2.52,5.24,0,0,0.12,0.19,0.2,0.25,0.25,0.25,0.25,0.9,1.83,4.5,0,0,0.05,0.2,0.65,0.685,0.685,0.685,0.69,2.515,3.815,6.475,0,-0.956135985,-0.99342368,-0.797489823,2.252112739,19,19,19,19,19,19,19.26388889,20,19,19.05555556,20,18,18.73611111,20,18,18.52777778,20,18,18.38310185,20,18,18.43819444,20,18,18.49305556,20,18,20.71651786,38,18,20.89666005,57,18,22.92509921,123,17,0,2,2,2,2,2,20,39,106,0,0,0.05,0.2,0.65,0.685,0.685,0.685,0.69,2.515,3.815,6.475,0,-0.956135985,-0.99342368,-0.797489823,2.252112739,-1.695723459,-1.170836624,1.233564147,0.811624575,-0.435727628,-2.535775816,0.137647672,0.183849167,-0.733611102,0.760040587
7/7/2010 9:45,1.758154622,57.3,188,23.6,1,1,0,0,108.5,105,0,0,23,0.08,3,167.9,15.3,268.7,2.2,18,139.7,20.815706,19.170139,17.238974,17.300459,19.703818,19.097626,18.856517,18.562525,18.135498,16.1777,15.660072,14.541042,3.082396,1.645567,1.687169,1.265242,3.10565,2.645186,2.239964,2.004122,2.141633,2.709408,2.62777,3.082396,0,0.015918,0.145077,0.115937,0.203635,0.329652,-0.009113,-0.000009,-0.009113,0.025023,-0.009113,-0.02306,0.025563,0,0,0,0,0,15.170677,15.985622,15.985622,15.985622,62.757602,100.147627,129.242634,0,0,0,0,0,0.4,0.42,0.42,0.42,1.2,2.51,4.15,0,0,0,0,0,0.2,0.25,0.25,0.25,0.89,1.83,3.51,0,0,0.01,0.01,0.01,0.66,0.695,0.695,0.695,2.41,3.795,5.475,3.542236349,2.743298026,0.571156221,-0.595531119,-0.094267989,18,18,18,18,18,18,18,18,18,18,18,18,18.10763889,19,18,18.42013889,20,18,18.38773148,20,18,18.33194444,20,18,18.38310185,20,18,20.28149802,38,18,20.75744048,57,18,22.7452877,123,18,0,1,2,2,2,2,20,39,105,0,0,0.01,0.01,0.01,0.66,0.695,0.695,0.695,2.41,3.795,5.475,3.542236349,2.743298026,0.571156221,-0.595531119,-0.094267989,-1.359557591,-1.732071173,1.213990539,1.782486059,1.305050148,0.647421407,0.7761168,-1.491357797,-2.092526142,-0.575087538
7/8/2010 9:42,0.799340549,6.3,189,28.3,1,1,0,1,112.7,50,-0.075720714,0.84,23.3,0,2.2,168.2,15.3,271.8,2.1,18,134.1,18.104738,17.469358,16.33689,16.419231,18.41561,19.059714,18.870287,18.769026,18.538039,16.449969,15.88937,14.778734,3.119326,0.635381,0.898403,0.664178,2.247862,2.786368,2.540144,2.079543,2.047494,2.771816,2.66361,3.119326,0,0.147403,0.334427,0.356401,0.190344,0.196989,0.020382,0.001679,0.020382,0.020382,0.020382,-0.015372,-0.00489,0,0,0,0,0,0,15.170677,15.985622,15.985622,53.960819,100.147627,127.996244,0,0,0,0,0,0,0.4,0.42,0.42,1.05,2.5,4.14,0,0,0,0,0,0,0.2,0.25,0.25,0.77,1.83,3.51,0,0,0,0,0,0.01,0.66,0.695,0.695,1.75,3.795,5.455,-3.036202585,-2.783185703,-1.932108306,-1.398134087,1.455520667,18,18,18,18,18,18,18,18,18,18,18,18,18.00694444,19,18,18.05729167,19,18,18.28240741,20,18,18.25277778,20,18,18.27777778,20,18,20.0250496,38,18,20.6630291,57,18,22.64980159,123,18,0,1,1,2,2,2,20,39,105,0,0,0,0,0,0.01,0.66,0.695,0.695,1.75,3.795,5.455,-3.036202585,-2.783185703,-1.932108306,-1.398134087,1.455520667,2.775257142,2.95422967,2.69044563,2.480654372,0.319280584,0.167493875,-0.535211498,-1.762112073,-1.851668292,-0.195198435
7/12/2010 9:45,1.695481676,49.6,193,23.3,2,2,0,0,110.5,40,-0.283996656,0.52,20.3,0,0,142.8,15.3,282.7,2,18,141.8,18.346909,18.031977,16.09308,16.403601,17.954497,18.877355,19.003317,18.786448,18.939343,17.536932,16.63877,15.919892,3.029966,0.314932,1.390523,1.255503,2.078534,1.954406,2.221095,2.340763,2.508061,2.826618,2.858467,3.029966,0,0.110681,0.054216,0.096773,0.28097,0.213019,0.000868,0.002536,0.000868,0.025147,0.000868,-0.011895,-0.005851,0,0,0,0,3.319967,3.419704,3.419704,3.419704,3.419704,19.523442,101.430806,104.865532,0,0,0,0,0.6,0.6,0.6,0.6,0.6,1.02,3.05,3.14,0,0,0,0,0.33,0.33,0.33,0.33,0.33,0.58,2.13,2.17,0,0,0,0,0.02,0.02,0.02,0.02,0.03,0.72,3.765,3.89,4.347474648,3.652731379,0.596115779,2.070360916,0.781980607,18.33333333,19,18,18.20833333,19,18,18.55555556,19,18,18.75,19,18,19.44444444,29,18,18.58333333,29,17,18.35069444,29,17,18.18333333,29,17,18.17071759,29,17,18.37996032,29,17,20.54844577,57,17,20.35243056,57,17,-1,11,12,12,12,12,12,40,40,0,0,0,0,0.02,0.02,0.02,0.02,0.03,0.72,3.765,3.89,4.347474648,3.652731379,0.596115779,2.070360916,0.781980607,0.798632376,1.516786909,2.774633906,3.106788488,3.217900511,1.628326341,0.249617118,-1.354084916,0.234623649,0.197451948
7/19/2010 9:46,1.834420704,68.3,200,25.3,1,1,5,7,98,57,-0.508638306,0.31,22.5,0,2.5,137.1,15.3,270.5,2.05,18,104.3,19.579042,18.45346,16.886929,16.999311,18.661534,18.6334,18.627443,18.620529,18.75644,18.729393,17.885764,17.124934,2.760461,1.125582,1.303602,1.101877,2.164004,1.997575,2.003848,1.679008,1.65503,2.133895,2.571734,2.760461,0,0.048322,0.07031,0.249084,0.245018,0.237966,-0.010736,0.00261,-0.010736,0.030327,-0.010736,-0.014411,0.02276,0,0,0,0.787799,0.787799,13.930465,13.930465,28.165683,28.165683,46.756064,47.689125,129.596489,0,0,0,0,0,0.05,0.05,0.64,0.64,1.64,1.66,3.69,0,0,0,0,0,0.18,0.18,0.53,0.53,1.06,1.11,2.66,0,0,0,0,0,0.61,0.61,1.09,1.09,1.77,1.81,4.855,0,0,-0.96615432,-1.397154895,0.916591499,18,18,18,18,18,18,18,18,18,18,18,18,18.1875,20,18,18.03472222,20,17,17.91087963,20,17,18.25833333,28,17,18.21296296,28,17,18.21676587,29,17,18.3139881,29,17,19.95684524,57,17,0,2,3,3,11,11,12,12,40,0,0,0,0,0,0.61,0.61,1.09,1.09,1.77,1.81,4.855,0,0,-0.96615432,-1.397154895,0.916591499,0.823259012,0.615382809,1.969800777,1.84335653,0.479575519,-0.878126514,-1.809526073,-2.657135831,-1.746731707,-0.245324336
7/20/2010 10:36,2.267171728,185,201,20.3,1,2,0,0,99.2,120,-0.026872146,0.94,21.3,0,0,126.7,15.3,263.4,2.1,18,102,17.061443,16.916898,16.185533,16.368627,18.400103,18.544556,18.544311,18.623916,18.58699,18.729055,18.052809,17.290927,2.717946,0.144545,0.647947,0.552058,2.493293,2.341988,2.170973,1.990156,1.842988,2.177178,2.511146,2.717946,0.759484,0.593796,0.252148,0.353797,0.307361,0.260983,-0.002202,0.000819,-0.002202,0.015581,-0.002202,-0.012521,0.004944,0.027132,0.109735,0.115418,0.115418,0.165069,0.952868,14.095535,14.477814,28.324501,31.750456,47.8252,99.049647,0,0,0,0,0,0,0.05,0.06,0.61,1.24,1.66,2.44,0,0.01,0.01,0.01,0.01,0.01,0.19,0.2,0.54,0.87,1.12,1.77,0.005,0.005,0.005,0.015,0.015,0.015,0.625,0.665,1.055,1.135,1.825,3.65,1.006354709,0.503177355,-1.046647972,-1.070610582,-0.568788903,18,18,18,18,18,18,18,18,18,18,18,18,17.93055556,18,17,18.02430556,19,17,18,20,17,17.91388889,20,17,18.2037037,28,17,18.15674603,29,17,18.26455026,29,17,19.42435516,38,17,0,1,2,3,3,11,12,12,21,0.005,0.005,0.005,0.015,0.015,0.015,0.625,0.665,1.055,1.135,1.825,3.65,1.006354709,0.503177355,-1.046647972,-1.070610582,-0.568788903,1.761413168,1.724129529,1.839169786,1.712920349,0.945660286,-3.471840839,-3.167295721,-3.548365976,-3.463231296,-1.701858426
7/21/2010 9:30,1.445604203,27.9,202,25.9,1,1,0,0,128.8,35,0.037426498,1.09,21.6,0.25,4.1,122.9,15.3,255.3,2.2,18,99.7,19.633017,18.753512,17.791451,17.526018,18.422237,18.462525,18.528861,18.561475,18.598932,18.638664,18.291003,17.408182,2.693341,0.879504,0.851064,0.663292,1.499673,2.053828,2.093302,2.0256,1.91451,2.03448,2.251607,2.693341,0,0,0,0.101193,0.23964,0.257678,0.012463,-0.00136,0.012463,0.018195,0.012463,-0.017801,-0.014665,0,0,0,0,0.632772,0.77071,1.558508,14.701175,15.083454,32.356096,48.430841,95.113698,0,0,0,0,0,0,0,0.05,0.06,1.24,1.66,2.44,0,0,0,0,0.04,0.04,0.04,0.22,0.23,0.9,1.15,1.79,0,0,0.01,0.01,0.08,0.09,0.09,0.7,0.74,1.2,1.9,3.61,3.354515698,2.344332836,-1.262352555,-2.717212812,-0.94221308,18,18,18,18,18,18,18,18,18,18,18,18,18,18,18,17.96527778,18,17,18.04861111,20,17,17.93263889,20,17,17.92824074,20,17,18.15178571,29,17,18.24768519,29,17,19.21775794,38,17,0,0,1,3,3,3,12,12,21,0,0,0.01,0.01,0.08,0.09,0.09,0.7,0.74,1.2,1.9,3.61,3.354515698,2.344332836,-1.262352555,-2.717212812,-0.94221308,4.604428324,4.707414063,5.038415528,4.419856519,1.769662976,1.238424661,0.716889757,-1.041638202,-2.040815637,-0.946724644
7/22/2010 8:34,1.681241237,48,203,20.7,1,2,0,0,132.5,57,-0.397940009,0.4,21.1,0,0.4,117.9,15.3,264.6,2.05,18,99.2,17.83527,17.772522,17.40412,17.6751,19.838099,19.070571,18.9203,18.788932,18.763524,18.735722,18.540516,17.590383,2.706153,0.062748,0.474953,0.508341,2.598383,2.260193,2.341396,2.216368,2.183772,2.085219,2.136908,2.706153,0,0,0.110697,0.055349,0.040774,0.149126,-0.00695,-0.000324,-0.00695,0.016641,-0.00695,-0.015917,0.019412,0,0,0,0,0,0.715375,0.77071,14.701175,14.701175,32.356096,48.341718,86.316915,0,0,0,0,0,0,0,0.05,0.05,1.24,1.66,2.29,0,0,0,0,0,0.04,0.04,0.22,0.22,0.9,1.15,1.67,0,0,0,0,0,0.08,0.09,0.7,0.7,1.2,1.895,2.95,0,0,0,-0.235514363,0.287229736,18,18,18,18,18,18,18,18,18,18,18,18,17.73958333,18,17,17.86979167,18,17,17.8900463,18,17,17.94791667,20,17,17.90046296,20,17,18.13268849,29,17,18.20056217,29,17,19.0875496,38,17,0,1,1,1,3,3,12,12,21,0,0,0,0,0,0.08,0.09,0.7,0.7,1.2,1.895,2.95,0,0,0,-0.235514363,0.287229736,1.13100623,1.451043753,1.696672722,1.749698827,2.465827692,-2.738193006,-3.027529783,-3.600851925,-3.583065238,-1.451749911
7/26/2010 9:50,1.478566496,30.1,207,23.8,1,1,0,7,108.8,70,-0.327902142,0.47,23.6,0.04,3.8,121.1,15.3,315.5,2,18,104.6,20.433186,19.941426,18.465331,18.388837,20.822905,19.629218,19.598868,19.481915,19.305302,18.887045,18.883149,18.211989,2.569124,0.491759,1.099419,0.794904,3.01594,2.673332,2.488543,2.326396,2.245194,2.073554,2.200904,2.569124,0,0,0.055762,0.041299,0.031621,0.146269,0.02389,-0.000818,0.02389,0.028823,0.02389,-0.019399,-0.013319,0,0,0,0,0,0.607788,2.139484,2.246485,2.879257,31.182878,49.773259,50.70632,0,0,0,0,0,0,0,0,0,0.64,1.64,1.66,0,0,0,0,0,0.02,0.06,0.06,0.09,0.63,1.16,1.21,0,0,0.01,0.01,0.01,0.03,0.12,0.12,0.2,1.3,1.98,2.02,-7.887968297,-5.443947594,-2.249396663,-2.16207615,-1.294603199,18,18,18,18,18,18,18,18,18,18,18,18,17.70138889,18,17,17.85069444,18,17,17.83912037,19,17,17.85138889,19,17,17.87615741,19,17,18.03323413,28,17,18.10582011,29,17,18.20647321,29,17,0,1,1,2,2,2,11,12,12,0,0,0.01,0.01,0.01,0.03,0.12,0.12,0.2,1.3,1.98,2.02,-7.887968297,-5.443947594,-2.249396663,-2.16207615,-1.294603199,1.597927713,1.862537384,2.646469511,2.852070162,1.721030357,-3.272844273,-3.043427074,-3.416056961,-3.494003945,-1.646948228
8/2/2010 9:35,3.150326536,1413.6,214,21.7,1,1,0,0,102.1,107,0.222716471,1.67,22.4,0.25,3.5,98.7,16.4,111.5,8.8,39,96,20.213444,20.329228,19.414979,19.600884,20.675646,20.193059,19.990045,19.955113,19.969445,19.646243,19.291972,19.187818,2.159299,0.115785,0.658389,0.656803,1.270857,1.441704,1.56029,1.843052,1.738852,2.085984,2.048375,2.159299,0.724626,0.469489,0.489281,0.721429,0.527065,0.380308,0.002878,-0.001198,0.002878,0.022755,0.002878,-0.025052,-0.020833,0,0,3.281459,47.632331,47.632331,47.712331,52.656922,52.656922,106.728609,109.745804,137.911487,156.501868,1.17,1.81,1.82,1.82,1.82,1.85,2.05,2.06,3.14,3.14,3.78,4.78,0,0,0.2,1.38,1.38,1.38,2.19,2.19,2.96,3.06,3.59,4.12,0,0,0.02,1.81,1.83,1.84,2.015,2.015,3.365,3.575,4.665,5.345,2.530168821,2.744078466,1.331413145,2.673476345,-1.920506383,58.25,62,54,61.79166667,69,54,56.90277778,70,44,41.94444444,70,18,29.97222222,70,18,23.98958333,70,18,22.26967593,70,17,20.54513889,70,17,20.7181713,70,17,19.0890377,70,17,18.78687169,70,17,18.6531498,70,17,10,52,52,53,53,53,53,53,53,0,0,0.02,1.81,1.83,1.84,2.015,2.015,3.365,3.575,4.665,5.345,2.530168821,2.744078466,1.331413145,2.673476345,-1.920506383,-1.875882043,-1.565075842,-0.0677643,-0.26383956,1.549624129,1.645140516,1.655148807,-1.834063604,-1.518596492,-2.446969394
8/3/2010 9:50,2.152594078,142.1,215,25.3,1,1,0,2,121.1,50,0.51054501,3.24,24.3,0.04,7.9,103,15.4,122.8,5,20,100.2,21.162495,20.842349,19.952094,19.673441,20.866882,20.771264,20.417666,20.195463,20.107075,19.815105,19.450139,19.272655,2.164371,0.320146,0.688578,0.585133,1.447501,1.365398,1.478171,1.789684,1.815316,2.010918,2.010467,2.164371,0.427316,0.266951,0.247125,0.355246,0.458634,0.492849,-0.020096,-0.000443,-0.020096,0.033192,-0.020096,-0.023959,0.007574,0,0,0,0,0.007673,47.640004,47.720004,52.664594,52.664594,109.615539,137.919159,141.338863,0,0,0,0,0,1.82,1.85,2.05,2.06,3.14,3.78,4.38,0,0,0,0,0,1.38,1.38,2.19,2.19,3.05,3.59,3.92,0,0,0,0.01,0.01,1.84,1.85,2.025,2.025,3.575,4.675,4.705,-6.164105942,-6.934619185,-3.65121579,-2.968492592,0.402686403,21,21,21,21,21,21,21.22222222,22,21,22.49305556,26,21,28.34027778,51,21,29.33854167,70,18,25.56134259,70,18,22.61388889,70,17,21.90335648,70,17,19.85863095,70,17,19.29662698,70,17,19.00892857,70,17,-1,30,52,52,53,53,53,53,53,0,0,0,0.01,0.01,1.84,1.85,2.025,2.025,3.575,4.675,4.705,-6.164105942,-6.934619185,-3.65121579,-2.968492592,0.402686403,3.527350925,3.682367167,3.024970018,2.492020509,0.555949698,-3.467204191,-3.424538101,-3.022084586,-2.729049863,-0.519660116
8/4/2010 9:50,2.762978491,579.4,216,25.8,1,1,0,2,135.3,35,1.193124598,15.6,23.4,0.08,6,116.3,15.3,158.8,3.05,18,100.3,20.988943,20.685989,20.203773,20.247544,22.016349,21.441615,21.186292,20.570673,20.498944,20.071828,19.573013,19.355246,2.181212,0.302953,0.40936,0.436898,2.131487,1.910384,1.761188,1.851006,1.971509,2.085494,2.114661,2.181212,0,0.038979,0.012993,0.006496,0.070482,0.264558,-0.025753,-0.003265,-0.025753,0.023664,-0.025753,-0.025753,0.008068,0,0,0,0,0.012641,0.020314,47.652645,52.677236,52.677236,108.995408,137.931801,141.351504,0,0,0,0,0,0,1.82,2.05,2.05,3.14,3.78,4.38,0,0,0,0,0.02,0.02,1.4,2.21,2.21,3.04,3.61,3.94,0,0,0,0,0,0.01,1.84,2.025,2.025,3.495,4.675,4.695,-2.788576379,-2.11636477,-4.112156313,-4.270487818,-3.251007273,18,18,18,18,18,18,18,18,18,18,18,18,18.43402778,21,18,23.38715278,51,18,25.7037037,70,18,22.78958333,70,17,21.91724537,70,17,19.88963294,70,17,19.31795635,70,17,19.02070933,70,17,0,3,33,52,53,53,53,53,53,0,0,0,0,0,0.01,1.84,2.025,2.025,3.495,4.675,4.695,-2.788576379,-2.11636477,-4.112156313,-4.270487818,-3.251007273,5.384664983,5.701725765,5.434889184,4.923184503,4.652151931,-0.960329481,-1.386765913,-2.771033776,-2.665925713,-1.673494868
8/9/2010 10:00,2.006037955,101.4,221,24.9,1,1,0,0,125.5,20,0.952792443,8.97,24.6,0,2.5,121.7,15.3,153.2,2.95,18,107.5,21.269537,21.115133,20.680104,20.218774,20.945264,20.644988,20.178975,20.193305,20.491697,20.325351,19.950704,19.609162,2.070069,0.154403,0.569063,0.655109,0.972893,1.281989,1.627317,1.669908,1.879154,1.796594,2.04998,2.070069,0.840226,0.908991,0.842832,0.816176,0.709985,0.617188,-0.031131,0.001145,-0.031131,0.022148,-0.031131,-0.031131,0.009787,0,0,0,0,0,18.349421,18.349421,18.628696,18.641337,125.377619,128.394814,156.560496,0,0,0,0,0,0.62,0.62,0.85,0.85,3.99,3.99,4.63,0,0,0,0,0,0.36,0.36,0.36,0.38,3.34,3.44,3.97,0,0,0,0,0,0.55,0.55,0.55,0.55,3.925,4.135,5.225,0,-2.957988111,-1.819309063,-0.71521265,1.416026984,18,18,18,18,18,18,18,18,18,18,18,18,18.0625,19,18,18.39236111,24,17,17.92824074,24,17,17.68055556,24,17,17.80266204,24,17,19.82862103,70,17,19.18039021,70,17,18.93092758,70,17,0,1,7,7,7,7,53,53,53,0,0,0,0,0,0.55,0.55,0.55,0.55,3.925,4.135,5.225,0,-2.957988111,-1.819309063,-0.71521265,1.416026984,2.307692584,1.523345067,1.187836754,1.11158435,-0.819071885,-0.138345927,0.54133636,-0.131296093,-0.60464869,0.582054744
8/17/2010 10:00,2.12515583,133.4,229,18.4,1,1,0,0,96.7,34,1.247973266,17.7,15.7,0.08,3.5,129,15.3,160.4,2.5,18,106,16.074667,15.845942,15.368437,15.963655,17.532929,17.855619,18.923798,20.0031,20.175061,20.597734,20.431584,20.21367,2.180221,0.228725,0.4517,0.824686,1.777655,1.60243,2.309901,2.650985,2.506234,2.275377,2.122536,2.180221,0,0,0.018166,0.018947,0.147203,0.301558,-0.000262,0.001913,-0.000262,0.049121,-0.000262,-0.039743,-0.039482,0,0,0,0,0,1.08942,1.08942,61.089696,61.089696,85.003577,191.739858,194.591984,0,0,0,0,0,0.11,0.11,1.66,1.66,2.75,5.89,5.89,0,0,0,0,0,0.01,0.01,1.48,1.48,1.97,4.93,5.02,0,0,0,0,0,0.01,0.01,1.515,1.525,2.36,5.735,5.93,-6.164105942,-4.819896488,-4.535442182,-4.272457396,-2.649367253,19,19,19,19,19,19,19,19,19,19,19,19,19.01736111,20,19,19.36458333,21,19,21.24305556,34,19,25.72013889,145,17,24.29166667,145,17,20.51661706,145,17,20.96511243,145,17,20.18836806,145,17,0,1,2,15,128,128,128,128,128,0,0,0,0,0,0.01,0.01,1.515,1.525,2.36,5.735,5.93,-6.164105942,-4.819896488,-4.535442182,-4.272457396,-2.649367253,6.811536214,6.405909594,7.013887654,6.822102946,7.163301534,2.267889687,1.155025291,-0.522395723,-1.235971925,0.251575412
8/18/2010 16:00,2.738384124,547.5,230,15.7,1,1,0,0,82.5,0,1.071882007,11.8,14.7,0.42,0,123.9,15.5,179.6,2.4,22,101.6,16.676014,16.577442,16.65124,17.188452,18.048711,17.685477,17.836258,18.918247,19.401396,20.236082,20.302605,20.16099,2.181906,0.098572,0.599256,0.697842,1.136363,1.47945,1.435428,2.016462,2.288085,2.258944,2.18851,2.181906,0.534705,0.634763,0.727258,0.768343,0.43952,0.240281,-0.00568,0.005578,-0.00568,0.050009,-0.00568,-0.05071,-0.016734,0.004743,0.879229,7.6372,19.46283,19.46283,19.46283,20.55225,59.614063,80.552526,104.453766,157.131001,213.449174,0,0.04,0.3,0.64,0.64,0.64,0.75,1.67,2.3,3.16,5.44,6.53,0.04,0.14,0.36,0.57,0.57,0.57,0.58,1.59,2.05,2.52,4.73,5.56,0,0,0.25,0.67,0.67,0.67,0.68,1.415,2.185,3.03,5.055,6.525,4.569229845,3.549699333,2.016553699,-3.944741563,-5.841507592,23.91666667,24,23,23.125,24,22,22.36111111,24,21,20.84722222,24,19,19.63541667,24,18,19.24826389,24,18,19.31134259,24,18,26.00694444,145,18,24.7662037,145,17,20.62127976,145,17,20.86491402,145,17,20.25372024,145,17,3,6,6,6,127,128,128,128,128,0,0,0.25,0.67,0.67,0.67,0.68,1.415,2.185,3.03,5.055,6.525,4.569229845,3.549699333,2.016553699,-3.944741563,-5.841507592,2.739128938,-1.081531973,1.392144113,3.149532872,3.959796016,-2.475443684,-0.877002031,0.244043093,-1.83924963,-3.211194737
8/23/2010 17:40,2.055760465,113.7,235,31.6,1,1,12,27,103.6,0,1.198657087,15.8,23.2,0.08,3,135.7,15.4,177.7,2.55,19,109.1,22.406301,22.410103,22.56665,20.872862,19.285858,18.756742,18.154822,17.741567,17.772985,19.299011,19.76077,19.840323,2.290681,0.003803,0.638782,2.055839,2.323171,2.229848,2.104488,1.813442,1.710145,2.490912,2.448868,2.290681,0,0,0.051815,0.047992,0.117874,0.106286,-0.004351,0.001279,-0.004351,0.02751,-0.004351,-0.025752,0.02029,0,0,0,0,0,0.295013,0.295013,19.886737,39.349568,105.711807,124.353145,231.089426,0,0,0,0,0,0,0,0.78,1.42,3.32,4.17,7.31,0,0,0,0,0,0,0,0.69,1.26,2.85,3.23,6.19,0,0,0,0.01,0.01,0.02,0.02,0.655,1.325,3.135,3.695,7.06,-7.887968297,-8.380966315,-10.54991011,-7.206126703,-3.028808209,19,19,19,19,19,19,19,19,19,19.17361111,20,19,19.55208333,20,19,20.44270833,23,19,23.31597222,41,19,26.34305556,74,19,25.27835648,74,18,23.74156746,145,17,21.94923942,145,17,21.78335813,145,17,0,1,4,22,55,56,128,128,128,0,0,0,0.01,0.01,0.02,0.02,0.655,1.325,3.135,3.695,7.06,-7.887968297,-8.380966315,-10.54991011,-7.206126703,-3.028808209,2.103438639,1.836944164,1.798600045,1.711884808,1.254418431,-4.799188666,-4.714878427,-4.59098548,-4.527008145,-3.151218717
5/31/2011 11:10,2.562768543,365.4,151,23.8,1,1,0,0,123.6,29,1.152288344,14.2,16.3,0,19,120.3,16.6,132.8,4.85,33,96.7,10.949024,11.57321,10.360931,8.364479,8.221659,8.892584,8.853043,7.34752,7.134207,7.162514,6.796477,6.576533,2.317044,0.624186,2.109819,2.510467,2.20081,2.267241,2.273893,2.763114,2.659807,2.400223,2.33405,2.317044,0.614808,0.307404,0.228465,0.345035,0.413045,0.60212,-0.029936,0.004343,-0.029936,0.059157,-0.029936,-0.049938,-0.007743,1.55909,1.55909,2.296668,2.296668,2.70569,37.780668,39.471886,48.445288,48.445288,68.40276,83.117823,93.77398,0.03,0.03,0.03,0.03,0.04,1.09,1.1,1.34,1.34,2.23,2.23,2.23,0.03,0.03,0.03,0.03,0.04,1.09,1.1,1.34,1.34,2.23,2.23,2.23,0.005,0.045,0.045,0.045,0.06,0.995,1.015,1.25,1.25,2.1,2.83,3.08,-9.999756307,-11.1232516,-10.08714141,-5.795874722,-1.093153959,31.16666667,32,31,31.54166667,32,31,33.77777778,37,31,38.65277778,50,31,80.48611111,249,31,55.44270833,249,18,43.23263889,249,18,33.21041667,249,18,30.82118056,249,18,24.67832341,249,17,22.85565476,249,17,22.12140377,249,17,-6,218,231,231,231,231,232,232,232,0.005,0.045,0.045,0.045,0.06,0.995,1.015,1.25,1.25,2.1,2.83,3.08,-9.999756307,-11.1232516,-10.08714141,-5.795874722,-1.093153959,3.367486677,3.985271321,1.328347425,0.358176614,-1.513985892,-6.509205557,-6.25340721,-5.355451703,-2.325746415,-0.772535296
6/1/2011 7:30,3.383743576,2419.6,152,14.9,1,1,0,0,169.5,8,1.813580989,65.1,12.1,0.5,16,156.6,15.9,161.9,3.15,23,133.2,8.167741,8.244931,8.516264,9.011389,10.568626,9.087428,9.414022,8.481808,7.66858,7.474966,6.942511,6.762414,2.35622,0.077191,0.239487,0.673022,1.746338,2.210155,2.244352,2.381574,2.870509,2.457071,2.451247,2.35622,0.94092,0.934579,0.925461,0.93254,0.605188,0.573133,-0.023776,-0.023658,-0.023776,0.036496,-0.023776,-0.101678,0.056758,0,0,0,0.001354,2.636461,28.536366,38.120461,48.785081,48.785081,68.348247,83.195237,94.113774,0,0,0,0,0.04,0.51,1.1,1.35,1.35,2.24,2.24,2.24,0,0,0,0,0.04,0.51,1.1,1.35,1.35,2.24,2.24,2.24,0,0,0,0,0.055,0.445,1.005,1.26,1.26,2.11,2.82,3.09,-5.577152757,-2.844426461,-7.086047659,-10.43660969,-13.06175882,24,24,24,24,24,24,24.44444444,25,24,25.52777778,28,24,27.91666667,35,24,58.00173611,249,24,45.58101852,249,18,34.75416667,249,18,31.96875,249,18,25.2296627,249,17,23.18287037,249,17,22.33643353,249,17,-1,11,225,231,231,231,232,232,232,0,0,0,0,0.055,0.445,1.005,1.26,1.26,2.11,2.82,3.09,-5.577152757,-2.844426461,-7.086047659,-10.43660969,-13.06175882,8.918960913,8.992060449,9.283692173,9.383697276,7.259478198,0.540211379,0.137062349,-1.556262071,-2.997030949,-4.636736397
6/4/2011 13:00,2.033825694,108.1,155,30.9,2,2,0,4,139.9,0,1.766412847,58.4,20.6,0,3.8,163.2,15.4,208.6,1.3,19,138.2,18.626833,18.462945,14.312634,11.669887,11.020665,10.354659,9.77202,9.507634,9.47259,7.987341,7.38314,7.197505,2.544693,0.163888,2.975809,3.451253,2.849536,2.257204,2.651355,2.503432,2.408807,2.7554,2.722209,2.544693,0,0,0,0.044268,0.088435,0.207472,0.015955,0.004948,0.015955,0.081204,0.015955,-0.086073,0.022275,0,0,0,0,0.464039,0.706275,0.706275,3.594863,38.826736,67.841938,69.594642,87.161214,0,0,0,0,0,0,0,0.04,1.1,2.23,2.24,2.24,0,0,0,0,0,0,0,0.04,1.1,2.23,2.24,2.24,0,0,0,0.01,0.015,0.02,0.02,0.09,1.025,2.115,2.13,2.92,-0.097737644,-0.68068583,-2.165703847,-3.428364105,-2.705983388,19,19,19,19,19,19,19,19,19,19,19,19,19,19,19,19.00694444,20,19,19.53819444,22,19,29.76388889,234,19,32.71469907,249,18,25.84895833,249,17,23.27000661,249,17,22.22544643,249,17,0,0,1,3,215,231,232,232,232,0,0,0,0.01,0.015,0.02,0.02,0.09,1.025,2.115,2.13,2.92,-0.097737644,-0.68068583,-2.165703847,-3.428364105,-2.705983388,4.885640978,5.0685092,3.888823422,3.482551545,2.126302776,-0.81845935,0.058085538,-2.179062163,-2.326532473,-1.86928749
6/6/2011 13:16,1.776701184,59.8,157,19.6,2,2,0,6,114.7,25,0.382017043,2.41,21.8,0.33,3.4,166.2,15.4,243.3,1.3,18,138.4,12.603293,13.390352,11.93194,9.785358,10.433681,11.061995,11.048218,10.28801,10.205256,8.429246,7.975772,7.541385,2.775549,0.787059,1.618181,2.563796,2.794388,2.950866,2.917545,2.846089,2.690397,3.130597,2.893467,2.775549,0.104289,0.052144,0.022768,0.135481,0.081781,0.049046,0.006053,0.003005,0.006053,0.075494,0.006053,-0.061849,0.015039,0,0,0,0,0,0,0.464039,0.706275,0.707628,49.645712,69.547282,84.278772,0,0,0,0,0,0,0,0,0,1.4,2.24,2.24,0,0,0,0,0,0,0,0,0,1.4,2.24,2.24,0,0,0,0,0,0,0.015,0.02,0.02,1.32,2.13,2.885,7.868571767,8.37126805,6.648431661,3.810305756,3.532184082,18.08333333,19,18,18.20833333,19,18,18.72222222,19,18,18.79861111,19,18,18.43402778,19,18,18.48958333,19,18,18.65972222,19,18,19.11041667,22,18,20.20833333,30,18,25.22668651,249,18,23.1385582,249,17,22.1889881,249,17,-1,1,1,1,4,12,231,232,232,0,0,0,0,0,0,0.015,0.02,0.02,1.32,2.13,2.885,7.868571767,8.37126805,6.648431661,3.810305756,3.532184082,-0.78834079,-0.81835576,-1.678482029,-1.168359105,-0.94089191,3.932923544,3.369374485,2.371297116,0.529636914,0.399551992
6/7/2011 10:40,2.031812271,107.6,158,17.3,1,1,0,0,117.6,1,1.303196057,20.1,19.8,1,14.9,129.9,15.4,278.6,1.3,19,139.7,11.570029,11.763563,10.188248,9.890912,11.108841,10.68574,11.220426,10.704764,10.350661,8.567085,8.204177,7.67059,2.843056,0.193534,1.218263,1.272699,1.995143,2.381579,2.910173,2.509984,2.714289,3.124257,2.880108,2.843056,0.044782,0.090404,0.422545,0.40174,0.218,0.147718,-0.012016,0.000634,-0.012016,0.054821,-0.012016,-0.068575,-0.014673,0,0,0.267216,4.370619,4.370619,4.370619,4.370619,5.076894,5.076894,53.861975,73.819448,88.534511,0,0,0,1.09,1.09,1.09,1.09,1.09,1.09,2.44,3.33,3.33,0,0,0,1.09,1.09,1.09,1.09,1.09,1.09,2.44,3.33,3.33,0,0,0,0.3,0.3,0.3,0.3,0.32,0.32,1.58,2.43,3.16,15.65090873,10.78344248,4.503262474,3.454156832,4.233262658,19,19,19,19,19,19,19.94444444,22,19,19.27777778,22,18,18.68402778,22,18,18.546875,22,18,18.57638889,22,18,18.76458333,22,18,19.1099537,23,18,24.75818452,249,18,23.16898148,249,17,22.18005952,249,17,-2,4,4,4,4,5,231,232,232,0,0,0,0.3,0.3,0.3,0.3,0.32,0.32,1.58,2.43,3.16,15.65090873,10.78344248,4.503262474,3.454156832,4.233262658,-1.838775658,-2.083055977,-1.851163608,-1.198398543,-1.104239926,3.471369078,1.919674951,-0.298339129,-1.041927602,0.360336158
6/8/2011 9:50,1.756636108,57.1,159,19.1,1,1,0,0,114.5,6,0.950364854,8.92,19.6,0,1.4,133.4,15.4,230.7,1.57,19,139.4,11.863267,11.239852,9.708176,9.947277,10.548366,10.839418,10.644994,10.902104,10.658855,8.937065,8.442988,7.799604,2.887138,0.623415,1.42165,1.462268,1.284927,1.707596,2.084948,2.476984,2.355741,3.012744,2.837194,2.887138,0.00612,0.005972,0.004486,0.009619,0.032548,0.124341,0.031061,0.007434,0.031061,0.054119,0.031061,-0.056906,-0.043076,0,0,0,0,0,4.370619,4.370619,4.984802,5.076894,53.861975,73.425141,88.272131,0,0,0,0,0,1.09,1.09,1.09,1.09,2.44,3.33,3.33,0,0,0,0,0,1.09,1.09,1.09,1.09,2.44,3.33,3.33,0,0,0,0,0,0.3,0.3,0.315,0.32,1.58,2.43,3.14,-0.069812603,-0.90633642,-0.30211214,-1.645825188,3.641392032,19,19,19,19,19,19,19,19,19,19,19,19,19,19,19,18.84027778,22,18,18.69560185,22,18,18.74722222,22,18,18.80960648,22,18,24.64583333,249,18,23.21494709,249,17,22.18005952,249,17,0,0,4,4,4,4,231,232,232,0,0,0,0,0,0.3,0.3,0.315,0.32,1.58,2.43,3.14,-0.069812603,-0.90633642,-0.30211214,-1.645825188,3.641392032,1.935518448,0.948712434,0.699908285,1.820730953,-0.705741751,1.274025938,1.349244068,-0.299176818,-1.016922925,1.226411389
6/9/2011 9:11,1.532754379,34.1,160,10.8,1,1,0,1,110,30,1.190331698,15.5,16.1,0.83,5.6,166,15.3,231.1,1.33,18,141.2,7.571637,7.612788,7.163781,6.92454,10.115786,10.332076,10.598207,10.873912,10.771051,9.212974,8.633208,7.88476,2.980504,0.041151,0.37534,0.473299,3.640082,2.738138,2.544999,2.879503,2.721602,3.058008,2.898966,2.980504,0.836596,0.839037,0.85295,0.892932,0.67468,0.353614,-0.025537,0.004423,-0.025537,0.071241,-0.025537,-0.081974,-0.049478,0,0,0,0.017259,0.017259,0.017259,4.387878,4.387878,5.002061,53.879234,73.198913,84.767281,0,0,0,0.01,0.04,0.04,1.13,1.13,1.13,2.48,3.37,3.37,0,0,0,0.01,0.04,0.04,1.13,1.13,1.13,2.48,3.37,3.37,0,0,0,0,0.02,0.02,0.32,0.32,0.335,1.6,2.45,2.95,8.425558714,7.755015706,6.063672885,5.952288356,6.641316717,18,18,18,18,18,18,18.01388889,19,18,18.34027778,19,18,18.31597222,19,18,18.65798611,19,18,18.66550926,22,18,18.60902778,22,18,18.67534722,22,18,24.59747024,249,18,23.26785714,249,17,22.15339782,249,17,0,1,1,4,4,4,231,232,232,0,0,0,0,0.02,0.02,0.32,0.32,0.335,1.6,2.45,2.95,8.425558714,7.755015706,6.063672885,5.952288356,6.641316717,-5.860770106,-5.150914327,-4.638028621,-5.169469181,-2.160286136,2.147003703,2.192290354,2.036501902,2.16338894,2.431813713
6/12/2011 9:56,0.612783857,4.1,163,23.4,1,1,0,0,115.6,23,0.788875116,6.15,18.1,0.08,0,164.4,15.4,276.4,1.58,18,140.6,11.188328,9.658393,7.224067,6.583828,8.548134,7.535901,7.429811,8.590717,9.014009,9.498845,8.545727,8.02646,2.934014,1.529935,1.984373,1.589483,2.814713,2.264347,1.966282,2.709294,2.77152,2.728089,2.957518,2.934014,0,0,0,0,0.149633,0.483093,-0.054837,-0.003625,-0.054837,0.065441,-0.054837,-0.054837,0.030919,0,0,0,0,0,0.335041,0.950959,0.968218,5.338837,44.165574,70.499684,74.886119,0,0,0,0,0,0.01,0.01,0.05,1.14,2.24,3.3,3.38,0,0,0,0,0,0.01,0.01,0.05,1.14,2.24,3.3,3.38,0,0,0,0,0,0.03,0.03,0.05,0.35,1.375,2.395,2.48,7.536459622,3.768229811,-0.664063661,-0.494061806,1.747044582,18,18,18,18,18,18,18,18,18,18,18,18,18,18,18,18.00173611,19,18,17.98263889,19,17,18.24652778,19,17,18.31886574,22,17,24.51289683,249,17,23.4047619,249,17,21.96006944,249,17,0,0,1,2,2,5,232,232,232,0,0,0,0,0,0.03,0.03,0.05,0.35,1.375,2.395,2.48,7.536459622,3.768229811,-0.664063661,-0.494061806,1.747044582,3.262378719,2.491071567,2.293320112,1.903014692,0.512453992,-1.585973799,-2.271783552,-3.077575943,-3.38640706,-1.073083566
6/13/2011 6:35,1.130333768,13.5,164,13.2,1,1,0,0,114.6,0,0.596597096,3.95,17.7,0,1.2,164.4,15.4,315.2,1.33,18,140.8,6.813982,7.129597,7.79799,9.409273,11.830597,10.074121,8.901504,8.904564,9.163797,9.633852,8.708444,8.279153,3.024594,0.315614,0.531423,3.056521,4.25592,4.005759,3.681033,3.454906,3.252442,2.956308,3.160855,3.024594,0,0,0,0,0.00697,0.136906,0.038205,-0.002044,0.038205,0.065272,0.038205,-0.054837,-0.043153,0,0,0,0,0,0,0.950959,0.968218,0.968218,38.470325,55.513367,74.886119,0,0,0,0,0,0,0.01,0.05,0.05,1.98,2.62,3.38,0,0,0,0,0,0,0.01,0.05,0.05,1.98,2.62,3.38,0,0,0,0,0,0,0.03,0.05,0.05,1.255,1.69,2.48,0,-2.458928677,-2.23799745,-1.567553277,0.90039524,18,18,18,18,18,18,18,18,18,17.86111111,18,17,17.78472222,18,17,17.89236111,18,17,17.92939815,19,17,18.03194444,19,17,18.2037037,21,17,24.34126984,249,17,23.08399471,249,17,21.91951885,249,17,0,1,1,2,2,4,232,232,232,0,0,0,0,0,0,0.03,0.05,0.05,1.255,1.69,2.48,0,-2.458928677,-2.23799745,-1.567553277,0.90039524,1.36901156,2.340988384,2.122741852,0.952276052,0.580335711,-3.983420442,-3.318678789,-3.459885366,-2.805723815,-0.988236746
6/14/2011 12:09,1.257678575,18.1,165,23.4,1,1,0,0,127.5,1,1.06069784,11.5,22.6,1,9.6,164.7,15.3,291.8,1.33,18,140.7,12.625482,12.361583,12.917941,10.503847,10.832841,11.492901,10.699092,9.185459,9.20763,9.880109,8.881153,8.528858,3.03888,0.263899,2.176624,2.867837,2.723966,3.608529,3.645579,3.438067,3.425169,2.999849,3.20746,3.03888,0,0,0.041201,0.10089,0.050445,0.025669,0.035694,0.002327,0.035694,0.049742,0.035694,-0.038834,0.011862,0,0,0,0.319788,0.319788,0.319788,0.319788,1.270747,1.288006,6.413059,55.149981,75.107454,0,0,0,0,0,0,0,0.01,0.05,1.14,2.49,3.38,0,0,0,0,0,0,0,0.01,0.05,1.14,2.49,3.38,0,0,0,0.005,0.005,0.005,0.005,0.035,0.055,0.375,1.635,2.485,-4.569229845,-4.949998999,-2.545634162,-0.939781202,2.081249162,18,18,18,18,18,18,18,18,18,18,18,18,17.67708333,18,17,17.73090278,18,17,17.82060185,18,17,17.88194444,19,17,17.93460648,19,17,19.08407738,31,17,22.52529762,249,17,21.90054563,249,17,0,1,1,1,2,2,14,232,232,0,0,0,0.005,0.005,0.005,0.005,0.035,0.055,0.375,1.635,2.485,-4.569229845,-4.949998999,-2.545634162,-0.939781202,2.081249162,-0.961597205,-1.271501324,-1.350689671,-0.414376379,-0.467253404,-3.708811727,-4.223017295,-1.311554349,-1.914809199,-0.32895063
6/15/2011 9:16,1.589949601,38.9,166,17.2,2,3,0,0,114.4,0,1.007747778,10.18,19,0.67,8.9,164.3,15.3,305.1,2.3,19,142.3,10.872779,10.213203,10.413391,10.498393,11.577765,11.252397,11.506061,9.917997,9.467936,9.960054,9.144872,8.722363,3.008117,0.659575,0.612767,0.742895,1.38118,2.219298,3.035008,3.370548,3.269973,3.000039,3.136974,3.008117,0.176411,0.394626,0.618156,0.351991,0.175995,0.11322,-0.009071,0.002913,-0.009071,0.05741,-0.009071,-0.046804,0.010575,0,0.061969,1.096407,1.096407,1.096407,1.416195,1.416195,1.751236,2.367154,7.461307,56.246388,75.809554,0,0,0.01,0.01,0.01,0.01,0.01,0.02,0.02,1.15,2.5,3.39,0,0,0.01,0.01,0.01,0.01,0.01,0.02,0.02,1.15,2.5,3.39,0,0,0.02,0.02,0.02,0.025,0.025,0.055,0.055,0.395,1.655,2.505,3.852566214,5.008336078,2.706312512,1.834717763,0.260367167,18,18,18,18,18,18,18,18,18,18,18,18,17.80902778,18,17,17.74305556,18,17,17.75694444,18,17,17.85486111,19,17,17.86979167,19,17,18.52951389,23,17,22.40906085,249,17,21.8937252,249,17,0,1,1,1,2,2,6,232,232,0,0,0.02,0.02,0.02,0.025,0.025,0.055,0.055,0.395,1.655,2.505,3.852566214,5.008336078,2.706312512,1.834717763,0.260367167,-4.070702903,-3.186688454,-2.133558625,-1.809785033,-2.404132857,0.262685386,0.446278148,-1.115069013,-2.0104036,-2.128522715
6/20/2011 10:10,2.065206128,116.2,171,12.9,2,2,0,0,129.9,10,1.053078443,11.3,15.9,1,8.1,176.8,15.4,279.9,2.84,25,90.1,10.351762,10.174646,9.233156,8.480892,8.753551,9.141098,9.362563,9.644853,9.935605,9.769191,9.806566,9.075356,2.930349,0.177117,1.005035,1.111878,1.122381,1.131877,1.204235,1.144541,1.318876,2.572281,2.615892,2.930349,0.313083,0.59332,0.859635,0.923843,0.961921,0.889144,0.022566,0.007628,0.022566,0.051496,0.022566,-0.028999,0.02893,0,0,0,0,0.494954,12.937357,17.642551,26.210883,27.30729,32.965915,40.721515,82.67488,0,0,0,0,0.05,1.57,1.64,2.11,2.12,3.26,3.44,4.66,0,0,0,0,0.05,1.57,1.64,2.11,2.12,3.26,3.44,4.66,0,0,0,0,0.04,0.68,0.83,1.25,1.275,1.63,1.725,2.95,9.999756307,9.239136691,7.785554403,6.126411896,6.316793221,23.91666667,24,23,24,25,23,25.43055556,28,23,27.38194444,31,23,33.87152778,57,23,30.56597222,69,19,26.58564815,69,18,23.55763889,69,18,22.59953704,69,17,20.06894841,69,17,23.38012566,249,17,22.70324901,249,17,-4,34,50,51,51,52,52,232,232,0,0,0,0,0.04,0.68,0.83,1.25,1.275,1.63,1.725,2.95,9.999756307,9.239136691,7.785554403,6.126411896,6.316793221,-2.603916008,-2.213649624,-2.229551512,-2.001550124,-2.030345672,2.438744086,2.698407783,2.391377532,1.258981578,2.847930488
6/21/2011 10:46,2.304059466,201.4,172,14.6,1,2,0,0,114,75,1.041392685,11,15.5,1.5,12.3,160.4,15.4,290.3,2.33,30,66,9.228948,9.169469,9.71893,9.155114,9.631182,9.192366,9.30446,9.540289,9.642575,9.663644,9.87983,9.115364,2.883405,0.05948,0.958362,1.077214,1.000578,1.15022,1.114087,1.117993,1.121843,2.503167,2.555664,2.883405,0.896172,0.895879,0.852665,0.79406,0.748683,0.855302,0.030021,0.007907,0.030021,0.057542,0.030021,-0.035758,0.025955,0.599074,2.383608,5.482189,5.482189,5.482189,5.977143,18.419546,23.12474,31.693072,34.077485,41.053263,87.93946,0,0.05,0.15,0.15,0.15,0.19,1.72,1.79,2.26,2.32,3.42,4.76,0,0.05,0.15,0.15,0.15,0.19,1.72,1.79,2.26,2.32,3.42,4.76,0.03,0.05,0.28,0.28,0.28,0.32,0.96,1.12,1.53,1.61,1.945,3.19,9.420574528,9.247126571,8.696679989,7.004339077,8.034285457,23.66666667,24,23,23.125,24,22,22.375,24,22,22.625,24,22,23.16666667,25,22,28.06770833,53,22,28.13657407,69,19,24.40555556,69,18,23.515625,69,18,20.39732143,69,17,20.32390873,69,17,22.57700893,249,17,2,3,31,50,51,51,52,52,232,0.03,0.05,0.28,0.28,0.28,0.32,0.96,1.12,1.53,1.61,1.945,3.19,9.420574528,9.247126571,8.696679989,7.004339077,8.034285457,-8.444247363,-8.125662418,-5.761587499,-4.674449249,-3.934506672,2.4295916,2.691350191,2.288710005,1.520699221,2.630632365
6/22/2011 9:00,2.018284308,104.3,173,10.7,1,2,0,0,111.8,1,1.283301229,19.2,13.9,1.5,12.4,170.4,15.4,200,3.5,55,120,7.5609,7.705526,8.408789,9.084809,9.720758,9.699362,9.385747,9.494868,9.581913,9.611496,9.860871,9.274281,2.782772,0.144626,0.508999,0.779472,1.083229,1.045984,1.162536,1.153921,1.119312,2.486681,2.537189,2.782772,0.940116,0.941569,0.967273,0.982742,0.91935,0.821869,0.06102,0.021426,0.06102,0.06102,0.06102,-0.015947,-0.030999,2.468558,4.421789,5.197221,7.544206,16.262257,21.145373,21.640326,38.787924,38.787924,49.740669,54.817563,103.602644,0.09,0.15,0.18,0.18,0.8,0.9,1.02,2.54,2.54,3.07,4.16,5.51,0.09,0.15,0.18,0.18,0.8,0.9,1.02,2.54,2.54,3.07,4.16,5.51,0.15,0.25,0.41,0.415,0.63,0.88,0.96,1.71,1.72,2.21,2.53,3.79,13.18880434,13.65983307,8.444319389,8.413002005,10.26980083,39.75,41,39,39.20833333,41,38,39.125,41,38,41.85416667,46,38,36.19791667,47,22,29.69618056,47,22,31.6875,65,22,27.78194444,69,18,26.31712963,69,18,21.60267857,69,17,20.7797619,69,17,23.12537202,249,17,0,25,25,43,51,51,52,52,232,0.15,0.25,0.41,0.415,0.63,0.88,0.96,1.71,1.72,2.21,2.53,3.79,13.18880434,13.65983307,8.444319389,8.413002005,10.26980083,-5.626688627,-5.728707549,-6.21092359,-6.14340988,-6.412495045,4.424496956,3.398764207,3.550269234,3.396775813,3.527158773
6/23/2011 7:38,2.166430114,146.7,174,10.6,2,2,0,0,125.2,0,0.815577748,6.54,12.5,0.67,13.9,149.9,16.1,174.6,4.75,37,68.1,7.358885,7.350262,7.248798,7.226698,7.684642,8.792819,9.089156,9.107398,9.224423,9.437291,9.817216,9.314597,2.740841,0.008622,0.142194,0.150213,0.797637,1.404067,1.346333,1.271102,1.2836,2.345488,2.488988,2.740841,0.941141,0.941655,0.945988,0.96014,0.970281,0.941695,0.035334,0.014864,0.035334,0.068356,0.035334,-0.027571,-0.006965,2.437921,2.823107,2.827651,2.827651,10.424749,26.585526,27.148332,41.384925,44.790884,55.72637,60.820523,109.605604,0.01,0.08,0.11,0.13,0.42,1.19,1.2,2.79,2.84,3.33,4.46,5.81,0.01,0.08,0.11,0.13,0.42,1.19,1.2,2.79,2.84,3.33,4.46,5.81,0,0.05,0.06,0.06,0.35,0.87,0.98,1.68,1.81,2.29,2.63,3.89,9.564444225,10.43393915,9.564444225,9.111765354,10.18343206,34,34,34,34.20833333,35,34,35.51388889,38,34,39.3125,51,34,53.28125,105,34,44.25173611,105,22,37.27777778,105,22,34.48472222,105,19,31.84143519,105,18,24.01388889,105,17,22.26306217,105,17,24.30679563,249,17,-4,71,83,83,86,87,88,88,232,0,0.05,0.06,0.06,0.35,0.87,0.98,1.68,1.81,2.29,2.63,3.89,9.564444225,10.43393915,9.564444225,9.111765354,10.18343206,-3.253895777,-3.072961547,-3.608238496,-3.553080639,-4.753906334,4.460653492,3.851836364,3.665046867,3.578851469,3.080863633
6/27/2011 9:21,1.572871602,37.4,178,23.1,1,2,0,0,110.4,41,0.828659897,6.74,18.1,0,3.6,152.1,15.4,229.9,2,17,96.3,13.236752,13.083578,12.273311,12.017987,12.855833,13.585796,13.11203,11.428265,11.14368,10.520262,10.161005,10.084463,2.690681,0.153175,0.703404,0.851354,1.257013,2.751568,2.540406,3.020969,2.864563,2.308276,2.683378,2.690681,0.493119,0.257355,0.085785,0.142985,0.201033,0.254093,0.030966,0.002026,0.030966,0.031493,0.030966,-0.048023,-0.033699,0,0,0,0.006571,0.006571,0.006571,0.006571,6.914781,23.177038,55.687232,61.026069,81.287204,0,0,0,0,0,0,0,0.34,1.15,3.4,4.54,4.89,0,0,0,0,0,0,0,0.34,1.15,3.4,4.54,4.89,0,0,0,0,0,0,0,0.255,0.885,2.415,2.765,3.12,2.440004331,-1.367538842,-2.296155536,-3.298287475,-4.1110258,17,17,17,17,17,17,17,17,17,17,17,17,17.06944444,18,17,17.75694444,20,17,19.37731481,27,17,29.24027778,105,17,30.45543981,105,17,25.6421131,105,17,23.17675265,105,17,24.93092758,249,17,0,1,3,10,88,88,88,88,232,0,0,0,0,0,0,0,0.255,0.885,2.415,2.765,3.12,2.440004331,-1.367538842,-2.296155536,-3.298287475,-4.1110258,-0.655278309,-0.627479861,-0.461292536,-0.379358583,0.027582593,-3.975272257,-3.808396938,-3.667691393,-3.582508864,-3.235137146
6/28/2011 9:15,1.702430536,50.4,179,23.9,1,2,0,1,159.1,60,0.952792443,8.97,18,0.17,0,123.2,15.3,270.6,1.92,17,98.1,14.273637,14.315836,11.732292,10.950292,11.721643,12.288738,12.964412,12.237912,11.477161,10.57702,10.189156,10.220851,2.663685,0.042198,1.871387,1.547057,1.531677,1.511507,2.569371,2.45154,2.829872,2.243109,2.681726,2.663685,0.265032,0.311709,0.454517,0.62603,0.670897,0.435965,0.015381,0.000031,0.015381,0.032209,0.015381,-0.02419,-0.017674,0,0,0,0.002558,1.635243,1.641813,1.641813,2.183185,8.550024,57.002687,58.290692,65.26647,0,0,0,0.02,0.09,0.09,0.09,0.17,0.45,3.49,3.54,4.67,0,0,0,0.02,0.09,0.09,0.09,0.17,0.45,3.49,3.54,4.67,0,0,0,0.01,0.175,0.175,0.175,0.33,0.43,2.585,2.64,3.015,6.999829415,7.49981723,4.268694784,2.502557203,0.262931142,17,17,17,17,17,17,17,17,17,17,17,17,17,17,17,17.03819444,18,17,17.51041667,20,17,22.08888889,43,17,27.22916667,105,17,25.59424603,105,17,23.09738757,105,17,22.39707341,105,17,0,0,1,3,26,88,88,88,88,0,0,0,0.01,0.175,0.175,0.175,0.33,0.43,2.585,2.64,3.015,6.999829415,7.49981723,4.268694784,2.502557203,0.262931142,3.250233291,3.54634631,4.413321736,5.160860679,4.404046313,3.556194887,3.493436071,2.325158265,1.667656198,0.206325048
6/29/2011 9:40,0.991226076,9.8,180,25.2,3,2,1,5,150.5,1,0.829303773,6.75,21.2,0,3.5,166.7,15.2,260.7,1.92,16,98.1,13.513023,13.278561,10.097878,9.974095,13.133146,12.427395,12.570207,12.838176,12.387117,10.688118,10.312241,10.324086,2.781067,0.234463,2.342722,1.729721,3.599199,2.854508,2.449414,2.691464,2.697911,2.490662,2.849794,2.781067,0,0,0.367586,0.225127,0.237104,0.454001,0.026595,0.004219,0.026595,0.051339,0.026595,-0.042385,-0.022031,0,0,0,0,0,1.635243,1.641813,1.641813,2.183185,55.906279,58.290692,63.367586,0,0,0,0,0,0.09,0.09,0.09,0.16,3.48,3.54,4.63,0,0,0,0,0,0.09,0.09,0.09,0.16,3.48,3.54,4.63,0,0,0,0,0,0.175,0.175,0.175,0.33,2.565,2.64,2.96,0,0,0,0,2.663127159,17,17,17,17,17,17,17,17,17,17,17,17,16.97569444,17,16,16.98784722,17,16,17.01157407,18,16,18.40069444,27,16,21.18518519,43,16,25.53348214,105,16,22.99933862,105,16,22.02901786,105,16,0,1,1,2,11,27,89,89,89,0,0,0,0,0,0.175,0.175,0.175,0.33,2.565,2.64,2.96,0,0,0,0,2.663127159,-1.305830288,-1.257081256,0.101550838,0.150070808,-0.235988949,0.587679035,0.376249899,-1.561333899,-2.241757788,-0.154764374
6/30/2011 11:18,2.105169428,127.4,181,30.4,1,2,3,7,136.1,3,0.835690571,6.85,20.6,0.08,4.3,126,15.3,253.5,1.92,16,97.3,12.442428,12.365509,11.870026,10.972398,12.208749,12.649185,12.37193,12.818056,12.744638,10.857797,10.438713,10.469009,2.753349,0.076918,0.619747,1.147998,1.874837,2.892505,2.583813,2.672984,2.589523,2.565377,2.801475,2.753349,0.435715,0.433494,0.465285,0.250888,0.127598,0.164503,0.001748,0.005864,0.001748,0.037439,0.001748,-0.018099,0.002887,0,0,0,0,0,0,1.543888,1.641813,1.641813,47.337948,58.273433,63.367586,0,0,0,0,0,0,0.09,0.09,0.09,3.01,3.5,4.63,0,0,0,0,0,0,0.09,0.09,0.09,3.01,3.5,4.63,0,0,0,0,0,0,0.17,0.175,0.175,2.15,2.62,2.96,-8.435537905,-8.099080464,-4.691308939,-2.595648377,1.693544882,17,17,17,17,17,17,17,17,17,16.97916667,17,16,16.6875,17,16,16.83159722,17,16,16.88773148,17,16,17.20069444,19,16,18.00694444,26,16,25.35714286,105,16,22.91931217,105,16,21.86892361,105,16,0,1,1,1,3,10,89,89,89,0,0,0,0,0,0,0.17,0.175,0.175,2.15,2.62,2.96,-8.435537905,-8.099080464,-4.691308939,-2.595648377,1.693544882,-2.715921156,-2.980382456,-1.771247886,-1.719115372,-1.645154887,-3.163751042,-3.26982018,-3.808868919,-2.853734392,0.012244211
7/4/2011 9:05,0.716003344,5.2,185,30,2,2,0,0,108.8,0,0.733999287,5.42,23,0,0,128.5,15.3,308.5,1.67,16,139.6,15.435654,15.015428,13.594322,13.657602,16.638977,15.350885,14.818844,14.089511,13.930117,12.274456,11.551715,11.024409,3.104289,0.420226,1.096169,0.868875,3.368271,3.336897,2.982168,2.67402,2.871363,3.084861,2.888998,3.104289,0.021868,0.015721,0.04966,0.02483,0.012415,0.009368,0.021283,0.000303,0.021283,0.036788,0.021283,-0.026489,-0.018344,0,0,0,0,0,0,8.084158,8.084158,8.084158,37.779554,65.406632,70.745469,0,0,0,0,0,0,0.54,0.54,0.54,1.91,4.03,5.17,0,0,0,0,0,0,0.54,0.54,0.54,1.91,4.03,5.17,0,0,0,0,0,0,0.44,0.44,0.44,1.75,3.03,3.38,-5.060337641,-5.122648425,-4.775940445,-3.73520725,-1.634264362,17,17,17,17,17,17,17,17,17,16.90972222,17,16,16.60763889,17,16,16.74479167,17,16,16.90625,21,16,16.82013889,21,16,16.84606481,21,16,23.14806548,105,16,22.71808862,105,16,21.60057044,105,16,0,1,1,5,5,5,89,89,89,0,0,0,0,0,0,0.44,0.44,0.44,1.75,3.03,3.38,-5.060337641,-5.122648425,-4.775940445,-3.73520725,-1.634264362,2.639752087,2.193439395,2.213007224,2.078768435,1.175345529,-1.503908311,-2.3240976,-2.676539027,-2.807329299,-1.19341616
7/5/2011 9:25,2.638688887,435.2,186,27.2,2,2,0,3,105.5,0,0.591064607,3.9,19,0,0,160.4,15.3,330.1,1.83,16,131.9,15.145181,14.586262,13.836839,14.352866,15.843615,16.241296,15.515128,14.783002,14.381861,12.71486,11.785838,11.192736,3.23017,0.558919,0.741655,1.60053,1.979409,2.791022,2.963651,2.589268,2.653113,3.155665,2.994745,3.23017,0,0.010866,0.062669,0.157083,0.082182,0.047299,0.004168,-0.001078,0.004168,0.030152,0.004168,-0.034269,-0.005672,0,0,0,1.963062,1.963062,1.963062,1.963062,10.04722,10.04722,34.859501,67.049907,68.337913,0,0,0,0.08,0.08,0.08,0.08,0.62,0.62,1.86,4.11,4.16,0,0,0,0.08,0.08,0.08,0.08,0.62,0.62,1.86,4.11,4.16,0,0,0,0.01,0.01,0.01,0.01,0.45,0.45,1.51,3.035,3.09,-6.59440217,-4.703124069,-1.434929964,-1.692315133,-4.301720416,17,17,17,17,17,17,17,17,17,16.88888889,17,16,16.54513889,17,16,16.57638889,17,16,16.67824074,17,16,16.79166667,21,16,16.77430556,21,16,22.66815476,105,16,22.66352513,105,16,21.52331349,105,16,0,1,1,1,5,5,89,89,89,0,0,0,0.01,0.01,0.01,0.01,0.45,0.45,1.51,3.035,3.09,-6.59440217,-4.703124069,-1.434929964,-1.692315133,-4.301720416,1.155393392,1.214243997,1.923344767,2.192583443,2.917186367,-3.268550144,-2.929063415,-2.531482175,-3.132092264,-3.139186265
7/6/2011 9:01,0.977723605,9.5,187,21.7,1,2,0,0,110.9,0,0.67669361,4.75,19.8,0,0,161.3,15.2,377.2,1.83,16,136.8,17.505209,15.288125,12.798458,13.271103,16.566232,16.204923,16.349608,15.373276,15.080207,13.203822,12.023384,11.407659,3.461985,2.217084,2.184584,1.750557,4.233531,3.324299,3.345284,3.196478,3.002617,3.366704,3.280371,3.461985,0,0,0,0.047953,0.107719,0.094951,-0.021083,-0.002459,-0.021083,0.038213,-0.021083,-0.026926,0.006739,0,0,0,0,0,1.963062,1.963062,10.04722,10.04722,18.597244,65.9535,68.337913,0,0,0,0,0,0.08,0.08,0.62,0.62,1.08,4.1,4.16,0,0,0,0,0,0.08,0.08,0.62,0.62,1.08,4.1,4.16,0,0,0,0,0,0.01,0.01,0.45,0.45,0.88,3.015,3.09,0,0,-0.543493588,0.132573178,0.491643988,16.41666667,17,16,16.625,17,16,16.86111111,17,16,16.68055556,17,16,16.46180556,17,16,16.50347222,17,16,16.53819444,17,16,16.74513889,21,16,16.73668981,21,16,21.25917659,105,16,22.60003307,105,16,21.43365575,105,16,-1,1,1,1,5,5,89,89,89,0,0,0,0,0,0.01,0.01,0.45,0.45,0.88,3.015,3.09,0,0,-0.543493588,0.132573178,0.491643988,0.973189827,1.233704453,1.591971134,2.308762013,2.519718854,1.086499993,-0.786116362,-2.020690047,-1.44328421,-0.929877963
7/7/2011 9:45,1.50242712,31.8,188,25.7,2,2,0,1,107,0,0.367355921,2.33,21.6,0.08,0,158.7,15.3,283.8,1.83,16,98,13.793959,13.617182,13.162244,13.372834,16.02435,16.295291,16.144732,15.827193,15.481788,13.800318,12.303302,11.618679,3.539597,0.176777,0.349765,0.492298,3.172942,3.750811,3.27573,3.323168,3.201775,3.16798,3.421956,3.539597,0.407221,0.516712,0.377042,0.195142,0.108291,0.108005,-0.009069,0.00012,-0.009069,0.027334,-0.009069,-0.026146,0.017901,0.287906,0.666096,0.815437,0.815437,0.815437,0.815437,2.7785,2.7785,10.862657,13.045843,58.200605,69.136091,0,0.03,0.05,0.05,0.05,0.05,0.13,0.13,0.67,0.83,3.68,4.17,0,0.03,0.05,0.05,0.05,0.05,0.13,0.13,0.67,0.83,3.68,4.17,0,0,0,0,0,0,0.01,0.01,0.45,0.78,2.6,3.07,-2.608484789,-1.314714285,-1.696588289,-1.968777385,0.093690954,17,17,17,17,17,17,16.91666667,17,16,16.5625,17,16,16.29166667,17,16,16.37326389,17,16,16.43055556,17,16,16.55625,17,16,16.66840278,21,16,18.60292659,43,16,22.46841931,105,16,21.35987103,105,16,0,1,1,1,1,5,27,89,89,0,0,0,0,0,0,0.01,0.01,0.45,0.78,2.6,3.07,-2.608484789,-1.314714285,-1.696588289,-1.968777385,0.093690954,1.957755729,2.394831797,2.377358176,2.113134082,0.730547391,-2.485154035,-2.481091037,-2.101775193,-2.49670067,-0.965059365
7/11/2011 9:40,2.286680969,193.5,192,27.1,1,2,0,4,105.2,0,0.717670503,5.22,25,0,0.6,160.5,15.3,290.3,2,17,75.2,15.594029,15.312052,14.745994,14.804748,17.969041,16.574741,16.205627,16.037577,16.125686,14.850005,13.544768,12.685134,3.518529,0.281977,0.549353,0.550336,3.74159,3.030478,2.941061,2.874619,3.148356,3.171531,3.548731,3.518529,0.103552,0.146541,0.142603,0.342474,0.267989,0.31748,-0.002068,0.000628,-0.002068,0.028876,-0.002068,-0.026002,0.010287,0,0,0,14.586899,14.627069,14.717603,14.78952,18.233073,18.233073,29.915536,57.97569,85.602768,0,0,0,0.03,0.03,0.03,0.03,0.24,0.24,0.95,2.23,4.35,0,0,0,0.03,0.03,0.03,0.03,0.24,0.24,0.95,2.23,4.35,0,0,0,1.115,1.115,1.115,1.13,1.24,1.24,1.865,3,4.28,-3.240599505,-3.644434809,-2.933513856,-1.215162654,0.135845254,17,17,17,17,17,17,17.40277778,18,17,18.11111111,22,16,17.15972222,22,16,16.91840278,22,16,16.85532407,22,16,16.71666667,22,16,16.67303241,22,16,16.76140873,22,16,20.9755291,105,16,21.20138889,105,16,-1,6,6,6,6,6,6,89,89,0,0,0,1.115,1.115,1.115,1.13,1.24,1.24,1.865,3,4.28,-3.240599505,-3.644434809,-2.933513856,-1.215162654,0.135845254,3.929466638,3.90332238,3.330357158,2.588869391,1.65873059,-0.859522024,-0.34542865,-1.702568006,-2.190549701,-1.084655069
7/12/2011 8:27,1.880241776,75.9,193,24.3,2,1,0,0,139.4,0,0.946943271,8.85,23.1,0.5,0,160.1,15.2,265.6,1.67,16,140.1,15.853547,15.080903,13.746496,14.487495,17.870868,17.945128,16.990388,16.39188,16.356398,15.285306,13.922041,12.933596,3.666492,0.772645,1.116891,1.190477,3.917369,3.819389,3.417093,3.147382,3.148957,3.278689,3.652876,3.666492,0.160102,0.132022,0.145778,0.115309,0.071952,0.167813,-0.011296,-0.001384,-0.011296,0.023789,-0.011296,-0.030146,0.009228,0,0,0,,0,14.627069,14.735006,17.705542,18.233073,28.280294,54.87711,85.28298,0,0,0,0,0,0.03,0.03,0.2,0.24,0.86,2.16,4.35,0,0,0,0,0,0.03,0.03,0.2,0.24,0.86,2.16,4.35,0,0,0,0,0,1.115,1.125,1.24,1.24,1.69,2.77,4.275,3.187119949,3.075385574,0.732544075,1.10544377,1.150064553,17,17,17,17,17,17,17,17,17,16.95833333,17,16,16.76736111,17,16,16.96354167,22,16,16.86805556,22,16,16.81180556,22,16,16.72106481,22,16,16.74479167,22,16,20.68369709,105,16,21.17063492,105,16,0,1,6,6,6,6,6,89,89,0,0,0,0,0,1.115,1.125,1.24,1.24,1.69,2.77,4.275,3.187119949,3.075385574,0.732544075,1.10544377,1.150064553,2.416851486,2.815153276,3.396159516,3.814207858,3.755209925,3.228834974,3.026579818,0.227165232,1.042881629,0.901511033
7/13/2011 9:10,0.301029996,2,194,18,2,1,0,0,120.2,35,1.181843588,15.2,20.2,0.58,6.2,160.5,15.2,351.6,2,16,129.2,14.162427,14.117851,13.638921,14.515382,16.411682,17.156754,17.427516,16.586078,16.412841,15.525628,14.254996,13.106873,3.725941,0.044576,0.609733,1.303762,2.163546,3.241763,3.437898,3.100101,2.99799,3.140243,3.580495,3.725941,0.726869,0.730007,0.629525,0.563489,0.587692,0.334571,0.003232,0.001421,0.003232,0.024483,0.003232,-0.03155,-0.034782,0,0,0,0,0,0,14.627069,14.78952,17.417636,28.280294,36.830317,84.186573,0,0,0,0,0,0,0.03,0.03,0.19,0.86,1.31,4.34,0,0,0,0,0,0,0.03,0.03,0.19,0.86,1.31,4.34,0,0,0,0,0,0,1.115,1.13,1.24,1.69,2.12,4.255,9.835714708,8.395837072,5.960694425,5.37532389,5.023414366,17,17,17,17,17,17,17,17,17,16.91666667,17,16,16.57638889,17,16,16.671875,17,16,16.83449074,22,16,16.78194444,22,16,16.77256944,22,16,16.71626984,22,16,19.7364418,105,16,21.12562004,105,16,0,1,1,6,6,6,6,89,89,0,0,0,0,0,0,1.115,1.13,1.24,1.69,2.12,4.255,9.835714708,8.395837072,5.960694425,5.37532389,5.023414366,-3.170800323,-3.305486271,-4.30805802,-3.986038635,-2.46762585,3.40656021,2.156211426,2.602637403,2.789056568,2.617301302
7/14/2011 14:55,1.498310554,31.5,195,19.7,2,2,0,0,108.9,0,0.515873844,3.28,21.5,0,0,160.2,15.2,250.8,1.92,16,132.7,16.372698,15.683913,14.454024,13.272514,13.469362,14.614777,15.492289,16.176303,15.940914,15.626847,14.591488,13.257353,3.686803,0.688784,1.095224,1.47346,1.666362,2.182755,2.922906,3.217257,3.106298,3.047979,3.237077,3.686803,0.407517,0.358179,0.368018,0.274235,0.157853,0.362463,0.017056,0.001404,0.017056,0.037567,0.017056,-0.020415,-0.002538,0.178751,0.178751,1.72504,2.180842,2.180842,2.180842,2.180842,16.807911,16.970362,30.461135,32.525969,77.799083,0,0,0.02,0.05,0.05,0.05,0.05,0.08,0.08,0.91,1.03,3.92,0,0,0.02,0.05,0.05,0.05,0.05,0.08,0.08,0.91,1.03,3.92,0.01,0.02,0.025,0.08,0.08,0.08,0.08,1.195,1.21,1.77,2.015,3.92,3.852566214,1.926283107,-1.130160537,-0.319187401,1.2002017,16.25,17,16,16.41666667,17,16,16.79166667,17,16,16.8125,17,16,16.45486111,17,16,16.48784722,17,16,16.54050926,17,16,16.69375,22,16,16.69907407,22,16,16.69122024,22,16,17.73131614,41,16,21.01140873,105,16,-1,1,1,1,6,6,6,25,89,0.01,0.02,0.025,0.08,0.08,0.08,0.08,1.195,1.21,1.77,2.015,3.92,3.852566214,1.926283107,-1.130160537,-0.319187401,1.2002017,-2.716586547,-1.612211053,0.040459785,0.620252184,-0.751878255,-1.697864091,-2.48405676,-2.871397997,-2.76588724,-1.329728503
7/18/2011 10:25,1.655138435,45.2,199,26.1,2,2,9,4,110.8,4,0.46834733,2.94,25.6,0.5,5,144.6,15.4,300.6,1.95,16,136.2,21.540848,21.219321,18.903547,18.021021,19.612882,19.678076,18.505613,16.761913,16.685694,16.475869,15.525983,14.383358,3.750387,0.321528,2.003568,1.748824,2.433243,2.677327,2.781939,3.180821,3.043474,3.135326,3.321789,3.750387,0.412043,0.412224,0.204917,0.192314,0.212936,0.220979,0.004733,0.0008,0.004733,0.027263,0.004733,-0.025706,0.004238,0,0,0,0,2.794609,2.794609,3.759326,6.521277,6.521277,26.717413,36.345458,64.496967,0,0,0,0,0,0,0.01,0.22,0.22,0.54,1.17,2.45,0,0,0,0,0,0,0.01,0.22,0.22,0.54,1.17,2.45,0,0,0,0,0,0,0.01,0.11,0.11,1.36,1.975,3.11,3.807691538,1.903845769,0.518579786,-0.112203891,-1.104439025,16.91666667,17,16,16.95833333,17,16,16.98611111,17,16,16.99305556,17,16,16.64583333,17,16,16.60069444,17,16,16.72337963,17,16,16.68611111,17,16,16.66666667,17,16,16.66790675,22,16,16.73462302,22,16,19.89459325,105,16,-1,1,1,1,1,1,6,6,89,0,0,0,0,0,0,0.01,0.11,0.11,1.36,1.975,3.11,3.807691538,1.903845769,0.518579786,-0.112203891,-1.104439025,-0.097822395,-1.8700579,-0.003785992,0.340839778,0.345045338,1.915915051,1.769306042,-0.500478992,-1.723006566,-1.421873927
7/19/2011 10:09,1.526339277,33.6,200,27.6,1,1,0,5,109.1,0,0.113943352,1.3,26.2,0,0,148.9,15.2,429.5,1.83,16,132.9,21.835228,21.583702,18.906873,18.528884,20.206494,19.909688,19.854215,18.108403,17.33601,16.786464,15.928302,14.761048,3.81181,0.251526,1.983871,1.488347,2.583673,2.527076,2.658175,3.053271,3.345422,3.301095,3.381812,3.81181,0,0,0.335099,0.285577,0.180221,0.196578,-0.007809,-0.000119,-0.007809,0.021517,-0.007809,-0.02296,0.001853,0,0,0,0,1.809611,4.604219,4.604219,6.328797,8.330887,26.563961,36.611181,60.824389,0,0,0,0,0,0,0,0.17,0.22,0.46,1.08,2.3,0,0,0,0,0,0,0,0.17,0.22,0.46,1.08,2.3,0,0,0.01,0.01,0.24,0.24,0.24,0.295,0.35,1.59,2.04,3.07,0,0,-0.499987815,-0.604652194,0.442471288,17,17,17,16.95833333,17,16,16.90277778,17,16,16.50694444,17,16,16.34027778,17,16,16.49479167,17,16,16.5150463,17,16,16.6875,17,16,16.62847222,17,16,16.65352183,22,16,16.70337302,22,16,19.65401786,105,16,0,1,1,1,1,1,6,6,89,0,0,0.01,0.01,0.24,0.24,0.24,0.295,0.35,1.59,2.04,3.07,0,0,-0.499987815,-0.604652194,0.442471288,-0.730835302,-0.413026094,0.620164499,0.970550957,0.526140277,0.95950794,1.015694652,-1.131633187,-1.743447787,-0.640558933
7/20/2011 9:55,3.383743576,2419.6,201,32.8,2,2,2,3,101.7,170,0.387389826,2.44,24.1,0.25,2.3,148,15.1,256.9,1.96,16,127.6,20.714493,20.711114,19.800193,19.116931,19.936053,20.06514,19.907687,19.079133,18.358534,17.010419,16.238251,15.10712,3.805489,0.003379,0.649411,0.877163,1.616312,2.154607,2.257275,2.67256,2.952895,3.222377,3.342802,3.805489,0.005641,0.284037,0.19834,0.20159,0.159799,0.178594,-0.017931,-0.002263,-0.017931,0.017798,-0.017931,-0.020071,0.010122,0,0,0,0,0.280106,5.836072,7.645683,10.440292,11.4679,32.400033,42.447254,47.821968,0,0,0,0,0.12,0.12,0.12,0.14,0.29,0.58,1.2,1.58,0,0,0,0,0.12,0.12,0.12,0.14,0.29,0.58,1.2,1.58,0,0,0,0,0.11,0.35,0.35,0.36,0.405,1.7,2.15,2.55,-4.569229845,-4.013411456,-3.962181444,-3.54556412,-4.665588827,17,17,17,17,17,17,17,17,17,17,17,17,16.76388889,17,16,16.55208333,17,16,16.58449074,17,16,16.65555556,17,16,16.70023148,17,16,16.67584325,22,16,16.69328704,22,16,18.93526786,105,16,0,1,1,1,1,1,6,6,89,0,0,0,0,0.11,0.35,0.35,0.36,0.405,1.7,2.15,2.55,-4.569229845,-4.013411456,-3.962181444,-3.54556412,-4.665588827,-4.187617137,-4.844794744,-1.826027104,0.03883955,0.489695256,-1.819042255,-1.363223592,-4.101683912,-3.982678412,-2.867017069
7/21/2011 11:50,1.301029996,20,202,28.7,1,2,7,12,98.6,8,0.587710965,3.87,20.6,0.08,5.4,117.9,15.2,242.1,1.83,16,135,18.93375,18.635225,18.015429,18.399508,20.140383,19.994603,20.066149,19.948362,19.328868,17.343697,16.64188,15.590271,3.642426,0.298525,0.500299,0.703049,2.069573,1.827945,2.113365,2.360257,2.58417,3.246166,3.327599,3.642426,0.001445,0.001448,0.000733,0.104526,0.063333,0.111881,-0.014519,-0.004592,-0.014519,0.02135,-0.014519,-0.046326,0.018815,0,0,0,0,0,5.836072,7.645683,10.440292,11.405009,31.530221,42.447254,44.542393,0,0,0,0,0,0.12,0.12,0.12,0.13,0.53,1.2,1.34,0,0,0,0,0,0.12,0.12,0.12,0.13,0.53,1.2,1.34,0,0,0,0,0,0.11,0.35,0.35,0.36,1.7,2.15,2.45,-5.060337641,-3.252245402,-3.017838248,-3.060297818,-6.488901791,16,16,16,16.20833333,17,16,16.69444444,17,16,16.51388889,17,16,16.28472222,17,16,16.52083333,17,16,16.46990741,17,16,16.51597222,17,16,16.59143519,17,16,16.67410714,22,16,16.67344577,22,16,17.57589286,43,16,-1,1,1,1,1,1,6,6,27,0,0,0,0,0,0.11,0.35,0.35,0.36,1.7,2.15,2.45,-5.060337641,-3.252245402,-3.017838248,-3.060297818,-6.488901791,5.943021568,6.387844649,5.712477038,5.530520908,3.91046485,-0.810988576,-0.488095078,-1.122076326,-1.191227625,-3.357333266
7/25/2011 7:59,1.161368002,14.5,206,23.1,2,2,0,1,98.6,2,0.488550717,3.08,16.6,0,4.3,157.2,15.3,860,1.92,17,137.5,15.925385,15.957856,15.777964,15.625944,16.619423,15.107189,16.690203,17.842218,18.181641,17.622796,17.10915,16.229768,3.497091,0.03247,0.232248,0.473611,1.746678,1.998817,3.323667,3.174964,3.070306,3.240808,3.248687,3.497091,0.337837,0.358331,0.299074,0.156286,0.310915,0.582871,-0.030931,-0.005475,-0.030931,0.032769,-0.030931,-0.030931,0.008836,0,0,0,0,0,15.985422,15.985422,18.956885,21.928348,30.259235,50.455371,60.174772,0,0,0,0,0,0.59,0.59,0.59,0.71,0.93,1.25,1.88,0,0,0,0,0,0.59,0.59,0.59,0.71,0.93,1.25,1.88,0,0,0,0,0,0.61,0.61,0.61,0.72,1.07,2.32,2.935,-7.705132428,-5.796925917,-4.927867717,-4.053734095,-1.789140533,17.33333333,18,17,17.25,18,17,17.15277778,18,17,17.09027778,18,17,17.23958333,18,17,18.35590278,33,16,17.68287037,33,16,17.15277778,33,15,17.08738426,33,15,16.83134921,33,15,16.77248677,33,15,16.79637897,33,15,0,1,17,17,18,18,18,18,18,0,0,0,0,0,0.61,0.61,0.61,0.72,1.07,2.32,2.935,-7.705132428,-5.796925917,-4.927867717,-4.053734095,-1.789140533,4.169459809,4.832473642,3.618945486,2.835812312,1.370314591,-3.426379047,-3.677359852,-3.514542925,-3.430549273,-0.864703568
7/26/2011 18:11,2.1752218,149.7,207,20.8,2,3,0,2,105.8,50,1.006893708,10.16,20.3,0.33,5.6,160.1,15.3,292.5,1.92,17,139.8,20.596558,20.313098,19.563388,18.255685,17.083141,17.321561,16.597977,17.142296,17.505904,17.613934,17.17736,16.478084,3.433086,0.28346,0.703385,1.934494,2.491869,2.459499,2.621143,3.003185,2.895523,3.168545,3.231321,3.433086,0,0,0.003646,0.003642,0.088645,0.149771,0.02756,0.000395,0.02756,0.036525,0.02756,-0.042802,-0.025878,0,0,0,0,0,0,0.094104,16.092275,23.175755,30.259235,48.492309,58.539529,0,0,0,0,0,0,0,0.59,0.59,0.93,1.17,1.79,0,0,0,0,0,0,0,0.59,0.59,0.93,1.17,1.79,0,0,0,0,0,0,0,0.61,0.61,1.07,2.31,2.76,3.036202585,5.462085441,7.358104074,4.383240533,2.565857861,17,17,17,17,17,17,17,17,17,17.00694444,18,17,17.00347222,18,17,17.02604167,18,16,17.27199074,18,16,17.35208333,33,15,17.17071759,33,15,16.86681548,33,15,16.80671296,33,15,16.79724702,33,15,0,1,2,2,18,18,18,18,18,0,0,0,0,0,0,0,0.61,0.61,1.07,2.31,2.76,3.036202585,5.462085441,7.358104074,4.383240533,2.565857861,-1.700988052,-1.593088938,-1.804969182,-0.913534885,0.807707047,1.974074938,2.175591566,1.83430869,1.009986171,0.372396341
7/27/2011 12:15,2.166430114,146.7,208,20.3,2,2,0,3,99.7,55,0.447158031,2.8,19.6,0,0,139.5,15.4,305.3,2.08,19,135.9,16.794174,16.670698,16.229687,15.583037,16.590769,16.991296,16.974144,16.74247,17.076117,17.638609,17.186735,16.583413,3.310825,0.123476,0.42973,0.763262,1.992487,2.52715,2.275756,2.990627,2.889084,3.136892,3.161493,3.310825,0.971036,0.863878,0.807043,0.643458,0.32264,0.237384,-0.018872,-0.001615,-0.018872,0.030977,-0.018872,-0.035999,-0.017127,2.21345,2.298898,2.43988,15.017399,15.017399,15.017399,15.017399,31.002821,31.109675,45.276635,63.509708,73.556928,0.07,0.07,0.08,0.39,0.39,0.39,0.39,0.98,0.98,1.32,1.56,2.18,0.07,0.07,0.08,0.39,0.39,0.39,0.39,0.98,0.98,1.32,1.56,2.18,0.03,0.06,0.06,0.465,0.465,0.465,0.465,1.075,1.075,1.535,2.775,3.225,0,-2.499939077,-4.483099891,-2.94033279,0.370232281,19,19,19,19,19,19,19.94444444,22,19,18.85416667,22,17,17.92708333,22,17,17.46354167,22,16,17.33333333,22,16,17.59583333,33,16,17.4068287,33,15,16.94940476,33,15,16.86888228,33,15,16.83048115,33,15,-3,5,6,6,17,18,18,18,18,0.03,0.06,0.06,0.465,0.465,0.465,0.465,1.075,1.075,1.535,2.775,3.225,0,-2.499939077,-4.483099891,-2.94033279,0.370232281,1.955872871,1.171672237,0.781488577,0.772504251,-0.11195693,-3.761240145,-3.852549959,-4.513916069,-3.828237505,-2.025982683
7/28/2011 10:49,1.334453751,21.6,209,30.2,3,3,0,5,101,20,0.120573931,1.32,22.1,0,0,121.9,15.3,370.3,1.92,18,107.8,21.528828,20.241672,17.534498,16.656612,17.044869,16.900223,17.05177,16.333629,16.839628,17.883144,17.253859,16.746815,3.199449,1.287157,2.087435,1.735398,1.419439,1.781968,2.228854,2.335707,2.823541,2.925923,3.089171,3.199449,0.269216,0.282482,0.538359,0.615714,0.728585,0.490072,-0.006635,-0.000867,-0.006635,0.029189,-0.006635,-0.018872,0.000896,0,0,0,0,2.978396,15.696897,15.696897,26.955487,31.682319,43.954042,63.319394,74.236426,0,0,0,0,0.09,0.41,0.41,0.52,1,1.29,1.53,2.2,0,0,0,0,0.09,0.41,0.41,0.52,1,1.29,1.53,2.2,0,0,0,0,0.06,0.465,0.465,0.545,1.075,1.48,2.775,3.225,0,0,-0.961356875,-1.282622982,-2.457708921,18.33333333,19,18,18.41666667,19,18,18.58333333,19,18,18.68055556,19,18,19.10069444,22,18,18.45486111,22,17,17.96990741,22,16,18.11527778,33,16,17.82696759,33,16,17.13417659,33,15,16.99255952,33,15,16.9124504,33,15,-1,4,5,6,17,17,18,18,18,0,0,0,0,0.06,0.465,0.465,0.545,1.075,1.48,2.775,3.225,0,0,-0.961356875,-1.282622982,-2.457708921,1.261468526,1.792129043,2.021492925,1.901503846,1.451030175,0.803244699,0.467975578,-0.978464838,-1.239032741,-2.140626334
8/1/2011 10:50,1.385606274,24.3,213,21.8,1,2,0,1,93.1,35,0.305351369,2.02,20.7,0.25,0.1,125.4,15.3,363.4,1.83,17,140.2,17.71235,17.487645,16.653173,16.6116,19.095655,18.715472,19.073235,18.649539,18.333879,18.302237,17.822324,17.389053,3.164105,0.224705,0.635799,0.506782,3.046578,2.339949,2.658298,2.702912,2.702223,2.919768,3.094471,3.164105,0.003218,0.002355,0.080422,0.078509,0.039999,0.095697,-0.006932,-0.002027,-0.006932,0.035474,-0.006932,-0.027885,-0.019454,0,0,0,0,0,8.933731,10.070093,13.04849,25.766991,49.504949,56.026226,76.222362,0,0,0,0,0,0.36,0.51,0.6,0.92,1.63,1.85,2.17,0,0,0,0,0,0.36,0.51,0.6,0.92,1.63,1.85,2.17,0,0,0,0.01,0.01,0.455,0.465,0.525,0.93,1.89,2,3.25,-4.710287264,-2.355143632,-0.785047877,-1.701027163,-1.499936264,17,17,17,17,17,17,17,17,17,17,17,17,16.97569444,17,16,17.02083333,18,16,17.00925926,18,16,17.62430556,22,16,17.65509259,22,16,17.27207341,33,15,17.07490079,33,15,16.96986607,33,15,0,1,2,2,6,6,18,18,18,0,0,0,0.01,0.01,0.455,0.465,0.525,0.93,1.89,2,3.25,-4.710287264,-2.355143632,-0.785047877,-1.701027163,-1.499936264,0.237072928,1.408996778,1.917203378,2.411971092,2.401441402,-2.794751758,-3.186531532,-3.874514611,-3.485814741,-2.033691209
8/2/2011 12:50,2.29136885,195.6,214,25.2,1,1,1,8,100.3,35,0.385606274,2.43,20.2,0,0,163.8,15.7,269.7,2.92,32,130.1,17.711704,17.904627,18.434253,18.396161,19.262934,18.971649,18.869697,19.012356,18.769387,18.208142,17.886993,17.515474,3.156242,0.192923,0.830733,0.700869,1.37169,2.241831,2.089923,2.535477,2.530321,2.807071,3.006034,3.156242,0.823533,0.852095,0.639014,0.676405,0.536345,0.288142,-0.005583,-0.001516,-0.005583,0.02281,-0.005583,-0.027271,-0.021688,5.151147,7.866756,8.17935,32.354022,33.114131,33.114131,33.430674,43.184224,43.863722,80.809469,89.140356,107.37343,0.08,0.7,0.96,1.98,1.98,1.98,1.98,2.49,2.49,3.61,3.83,4.07,0.08,0.7,0.96,1.98,1.98,1.98,1.98,2.49,2.49,3.61,3.83,4.07,0.005,0.345,0.38,1.4,1.45,1.46,1.46,1.915,1.915,3.1,3.45,4.69,-5.915976222,-2.957988111,-3.312012174,-2.53638981,-2.092146172,39.25,47,30,32.375,47,22,25.65277778,47,21,24.29166667,47,17,20.64583333,47,17,18.81076389,47,16,18.22916667,47,16,17.91527778,47,16,18.10011574,47,16,17.58234127,47,15,17.26124339,47,15,17.11768353,47,15,21,30,31,31,31,31,32,32,32,0.005,0.345,0.38,1.4,1.45,1.46,1.46,1.915,1.915,3.1,3.45,4.69,-5.915976222,-2.957988111,-3.312012174,-2.53638981,-2.092146172,0.717475723,1.809863924,2.168493449,1.693280365,0.495382143,-3.336697122,-2.935316647,-2.017194359,-1.915343323,-1.710743125
8/3/2011 11:05,1.45484486,28.5,215,27.8,2,2,2,9,105.1,14,0.472756449,2.97,22.3,0.17,2.1,178.8,15.5,219.9,2.33,22,128.7,20.599077,20.4908,18.735564,18.671973,19.595133,19.435244,19.251013,19.176148,19.147294,18.20508,18.049665,17.614508,3.08897,0.108277,1.711176,1.592654,1.716436,1.55625,2.138297,2.267356,2.44829,2.815685,2.986824,3.08897,0,0,0.001598,0.161405,0.316447,0.409239,0.020028,0.000263,0.020028,0.03243,0.020028,-0.031321,-0.025611,0,0,0,0,5.152352,33.115335,33.115335,43.185429,43.185429,66.163495,89.141561,107.374635,0,0,0,0,0.42,1.98,1.98,2.49,2.49,3.49,3.83,4.07,0,0,0,0,0.42,1.98,1.98,2.49,2.49,3.49,3.83,4.07,0,0,0.01,0.01,0.015,1.46,1.47,1.925,1.925,3,3.46,4.7,0,1.944359703,1.308852241,0.981239499,0.208800206,22,22,22,22.16666667,23,22,22.90277778,24,22,24.55555556,29,22,32.97222222,60,22,26.19444444,60,17,23.12152778,60,16,20.68333333,60,16,20.23263889,60,16,18.64905754,60,15,17.98296958,60,15,17.66393849,60,15,-2,38,43,44,44,44,45,45,45,0,0,0.01,0.01,0.015,1.46,1.47,1.925,1.925,3,3.46,4.7,0,1.944359703,1.308852241,0.981239499,0.208800206,2.294405706,1.630226651,2.408026818,2.83282605,2.563002885,2.276148631,2.903561415,1.224260382,0.894809699,0.09987803
8/4/2011 12:15,1.682145076,48.1,216,30.7,2,2,9,11,112.3,9,0.439332694,2.75,22.5,0,1.7,156.1,15.3,347.2,2.25,19,102,20.48423,20.248924,19.10217,18.066402,19.199268,19.47802,19.406325,19.113026,19.196017,18.144933,18.337911,17.749002,3.056355,0.235306,1.038143,1.311886,2.286258,2.03968,1.846886,2.091315,2.279333,2.797508,2.831013,3.056355,0,0,0.003661,0.001831,0.002919,0.142526,-0.002865,-0.00238,-0.002865,0.017695,-0.002865,-0.023256,0.006144,0,0,0,0,0,0.001205,33.115335,33.431879,43.185429,74.974601,87.139471,106.478485,0,0,0,0,0,0,1.98,1.98,2.49,3.49,3.78,4.02,0,0,0,0,0,0,1.98,1.98,2.49,3.49,3.78,4.02,0,0,0,0,0,0.01,1.46,1.47,1.925,3,3.405,4.7,-4.536839307,-2.268419654,-2.98323303,-2.089153682,-1.147955446,19,19,19,19,19,19,19,19,19,19.00694444,20,19,19.80902778,22,19,26.22395833,60,19,24.14699074,60,17,21.29652778,60,16,20.578125,60,16,18.9203869,60,15,18.15906085,60,15,17.79662698,60,15,0,3,41,43,44,44,45,45,45,0,0,0,0,0,0.01,1.46,1.47,1.925,3,3.405,4.7,-4.536839307,-2.268419654,-2.98323303,-2.089153682,-1.147955446,1.88541646,2.027986639,2.184707102,2.361284023,1.643695112,-3.080420307,-2.974018078,-3.199362834,-3.588811352,-2.466206509
8/7/2011 13:28,2.114277297,130.1,219,24.9,4,1,5,17,110.5,2,0.600972896,3.99,24.6,0.5,7.7,162.1,15.3,326.6,2,18,140.4,20.763775,20.827889,20.271869,19.378922,19.440506,20.098709,20.048268,19.843354,19.749285,18.773989,18.755149,18.231875,3.015717,0.064114,0.512995,1.005739,0.806134,2.12708,1.952735,2.010806,1.9296,2.527602,2.723328,3.015717,0.034388,0.235717,0.404979,0.645634,0.695961,0.41165,0.009088,0.002876,0.009088,0.018832,0.009088,-0.011794,-0.009768,0,0,0,0.0873,7.598154,7.872012,7.872012,7.872012,40.987347,66.754338,93.286905,111.640643,0,0,0,0.03,0.23,0.23,0.23,0.23,2.21,3.13,3.84,4.09,0,0,0,0.03,0.23,0.23,0.23,0.23,2.21,3.13,3.84,4.09,0,0,0,0.005,0.185,0.195,0.195,0.205,1.655,2.585,3.545,4.77,8.873964334,7.387696579,5.530919036,3.892911003,4.040868793,17,17,17,17.04166667,18,17,17.66666667,18,17,17.875,19,17,17.8125,19,17,17.40625,19,17,17.5775463,19,17,20.76319444,60,17,20.87962963,60,17,18.94791667,60,16,18.27480159,60,15,17.89521329,60,15,-1,2,2,2,43,43,44,45,45,0,0,0,0.005,0.185,0.195,0.195,0.205,1.655,2.585,3.545,4.77,8.873964334,7.387696579,5.530919036,3.892911003,4.040868793,-1.409771096,-1.481080314,-1.037016276,-2.156553463,-2.486742999,2.38314296,2.210099888,2.673954718,2.46869776,2.251967919
8/8/2011 12:26,1.303196057,20.1,220,30.4,3,3,8,14,104.4,0,0.382017043,2.41,24.7,0,4.3,169.8,15.4,513.5,2,18,140.6,20.055582,19.893511,18.861519,17.944822,18.794759,19.12429,19.680828,19.633977,19.654443,18.894684,18.724047,18.255688,2.943536,0.162071,1.063449,1.20009,1.646086,1.34461,2.086672,2.043408,1.992836,2.475882,2.695965,2.943536,0.101003,0.061152,0.221691,0.39908,0.27167,0.483099,-0.020315,-0.001847,-0.020315,0.020819,-0.020315,-0.020792,0.029402,0,0,0,0,0,7.872012,7.872012,7.872012,7.873217,66.754338,90.492296,97.013573,0,0,0,0,0,0.23,0.23,0.23,0.23,3.13,3.84,4.06,0,0,0,0,0,0.23,0.23,0.23,0.23,3.13,3.84,4.06,0,0,0,0,0,0.195,0.195,0.195,0.205,2.585,3.315,3.655,-8.478517075,-7.690244667,-3.819825718,-1.909912859,0.8698444,17.91666667,18,17,18,19,17,17.73611111,19,17,17.54861111,19,17,17.28125,19,17,17.546875,19,17,17.36458333,19,17,17.975,22,17,20.38599537,60,17,18.96354167,60,16,18.30588624,60,15,17.89756944,60,15,0,2,2,2,5,43,44,45,45,0,0,0,0,0,0.195,0.195,0.195,0.205,2.585,3.315,3.655,-8.478517075,-7.690244667,-3.819825718,-1.909912859,0.8698444,1.872632039,1.815453894,1.86020314,1.719606624,0.500909981,-4.348820998,-3.830459124,-3.411259394,-3.65317993,-1.596263147
8/9/2011 12:50,1.696356389,49.7,221,25.8,2,1,0,0,102.6,75,-0.318758763,0.48,22.1,0.25,7,159.4,15.3,286.3,2,18,140.4,18.72525,18.64924,18.116705,17.857131,18.894768,18.844764,19.047783,19.573078,19.510776,19.002037,18.654067,18.301724,2.871495,0.07601,0.488845,0.486941,1.530116,1.589946,1.413309,1.914721,1.986379,2.34915,2.630689,2.871495,0.61983,0.685768,0.647501,0.535008,0.437363,0.354516,-0.012506,-0.004597,-0.012506,0.021041,-0.012506,-0.018466,0.010525,0.006251,0.006251,0.006251,0.006251,6.157889,6.157889,14.029901,14.029901,14.029901,72.912227,94.840575,103.171462,0,0,0,0.01,0.4,0.4,0.63,0.63,0.63,3.53,4.24,4.46,0,0,0,0.01,0.4,0.4,0.63,0.63,0.63,3.53,4.24,4.46,0.005,0.01,0.01,0.01,0.215,0.215,0.41,0.41,0.41,2.8,3.52,3.87,-2.707787179,-0.019743616,-1.630162959,-2.993895462,-4.479836544,18,18,18,18,18,18,18,18,18,18.17361111,19,18,18.32638889,24,17,17.80729167,24,17,17.80902778,24,17,17.68055556,24,17,18.02314815,24,17,19.05877976,60,16,18.39996693,60,15,17.9547371,60,15,0,7,7,7,7,7,44,45,45,0.005,0.01,0.01,0.01,0.215,0.215,0.41,0.41,0.41,2.8,3.52,3.87,-2.707787179,-0.019743616,-1.630162959,-2.993895462,-4.479836544,7.440670801,7.039826647,7.024474021,6.271119496,4.62809839,1.826300342,1.40222634,-0.21016909,-1.429896261,-2.795465953
8/10/2011 9:12,1.771587481,59.1,222,22,1,1,0,0,130.4,100,0.460897843,2.89,19.1,0,1.4,156.6,15.2,364.4,1.92,17,140.2,17.638632,17.287676,16.170538,16.87462,18.026899,18.536208,18.652697,19.251861,19.3456,19.086739,18.584828,18.354495,2.833701,0.350956,0.83658,1.086794,1.456541,1.589195,1.641942,2.000896,1.934434,2.25448,2.628628,2.833701,0,0,0,0.098172,0.333876,0.349067,0.013621,-0.000503,0.013621,0.040214,0.013621,-0.045703,-0.017484,0,0,0,0,0.243542,6.39518,6.39518,14.267192,14.267192,60.431017,81.919885,103.408753,0,0,0.01,0.01,0.03,0.43,0.43,0.66,0.66,3.24,4.15,4.49,0,0,0.01,0.01,0.03,0.43,0.43,0.66,0.66,3.24,4.15,4.49,0,0,0,0,0.04,0.245,0.245,0.44,0.44,2.425,3.44,3.9,-3.542236349,-3.165406364,-3.247948432,-2.343398448,0.006499506,17.91666667,18,17,17.83333333,18,17,17.70833333,18,17,17.67361111,18,17,17.72916667,18,17,18.02777778,24,17,17.76273148,24,17,17.61527778,24,17,17.71354167,24,17,19.05183532,60,16,18.43667328,60,15,17.98933532,60,15,1,1,7,7,7,7,44,45,45,0,0,0,0,0.04,0.245,0.245,0.44,0.44,2.425,3.44,3.9,-3.542236349,-3.165406364,-3.247948432,-2.343398448,0.006499506,6.148537061,6.234886022,5.857607258,4.546058282,5.324103682,0.57678292,-0.556358522,-1.779565646,0.313828637,2.37045004
8/15/2011 12:15,1.037426498,10.9,227,30.5,1,1,6,7,106.3,3,0.264817823,1.84,23.7,0,0.8,158.1,15.3,314.4,2,17,143.7,22.937927,21.695399,19.734901,18.765301,19.528433,18.493201,18.474601,18.62775,18.541456,19.095221,18.793765,18.691018,2.496182,1.242528,1.693828,1.544948,2.098488,1.95965,1.848319,1.828168,1.793192,1.911039,2.267672,2.496182,0.060764,0.04787,0.04017,0.037774,0.050339,0.224396,0.006422,-0.001775,0.006422,0.020805,0.006422,-0.03868,0.007037,0,0,0,0,0,0,0.139045,0.139045,0.376336,47.521572,73.288562,97.026521,0,0,0,0,0,0,0,0,0.03,2.64,3.56,4.27,0,0,0,0,0,0,0,0,0.03,2.64,3.56,4.27,0,0,0,0,0,0,0,0,0.03,1.9,2.83,3.56,-6.955959436,-6.070459322,-4.674720915,-4.558956798,-4.133258719,17.41666667,18,17,17.70833333,18,17,17.69444444,18,17,17.49305556,18,17,17.26736111,18,17,17.40625,18,17,17.39814815,18,17,17.37708333,18,17,17.41840278,18,17,18.95560516,60,17,18.49090608,60,16,18.11545139,60,15,0,1,1,1,1,1,43,44,45,0,0,0,0,0,0,0,0,0.03,1.9,2.83,3.56,-6.955959436,-6.070459322,-4.674720915,-4.558956798,-4.133258719,2.235141858,2.497953726,3.107908025,3.373008263,2.153964545,1.771655492,-0.113364541,-2.102992642,-2.386005543,-1.916306208
8/16/2011 9:28,2.019531685,104.6,228,26.9,1,1,0,1,101.9,150,0.281033367,1.91,23.4,0,3.1,129,15.2,314.5,1.8,18,130.6,19.536272,19.167754,18.23584,18.440419,20.237417,19.749464,18.97847,18.917185,18.857714,19.143256,18.913536,18.691562,2.485398,0.368518,0.698359,0.57672,2.267108,2.186083,2.168284,2.022941,1.970288,1.983631,2.221219,2.485398,0.064063,0.292434,0.259406,0.278839,0.235967,0.146068,-0.023871,0.000449,-0.023871,0.034619,-0.023871,-0.023871,0.025541,0,0,0,0,0,0,0,0.139045,0.139045,22.376828,73.288562,95.21691,0,0,0,0,0,0,0,0,0,1.6,3.56,4.27,0,0,0,0,0,0,0,0,0,1.6,3.56,4.27,0,0,0,0,0,0,0,0,0,0.825,2.83,3.55,-7.536459622,-5.072472205,-1.690824068,-1.368831207,-3.320857388,18,18,18,18,18,18,17.91666667,18,17,17.84722222,18,17,17.51388889,18,17,17.40104167,18,17,17.43865741,18,17,17.39583333,18,17,17.38773148,18,17,18.83382937,60,17,18.51107804,60,16,18.15228175,60,15,1,1,1,1,1,1,43,44,45,0,0,0,0,0,0,0,0,0,0.825,2.83,3.55,-7.536459622,-5.072472205,-1.690824068,-1.368831207,-3.320857388,2.457681397,2.128605332,2.117351709,1.905101311,0.912146421,-3.992348875,-4.067873666,-3.839445675,-3.641770133,-2.706757668
8/17/2011 11:10,1.982271233,96,229,25.2,1,2,3,8,107,50,0.450249108,2.82,22.1,0.25,4.3,162.2,15.1,290.1,2.08,18,142.3,19.757502,19.578928,18.896013,18.685475,19.500586,19.903973,19.734401,19.01877,19.036001,19.147515,19.058973,18.676298,2.473021,0.178574,0.511071,0.471651,1.329656,1.90725,1.945181,1.967489,1.949792,1.964558,2.142902,2.473021,0.011363,0.010374,0.040575,0.261502,0.264155,0.249307,-0.022362,-0.003326,-0.022362,0.028753,-0.022362,-0.032427,0.040329,0,0,0,0,7.513787,7.513787,7.513787,7.652832,7.652832,21.920023,67.9984,96.0557675,0,0,0,0,0.21,0.21,0.21,0.21,0.21,0.87,3.45,4.36,0,0,0,0,0.21,0.21,0.21,0.21,0.21,0.87,3.45,4.36,0,0,0,0,0.18,0.18,0.18,0.18,0.18,0.62,2.575,3.62,1.667687467,-0.909016503,-2.287666415,-2.930526162,-5.743586351,18,18,18,18,18,18,18,18,18,18.21527778,20,18,18,21,17,17.75694444,21,17,17.60069444,21,17,17.54166667,21,17,17.49884259,21,17,17.74751984,24,17,18.52215608,60,16,18.19890873,60,15,0,4,4,4,4,4,7,44,45,0,0,0,0,0.18,0.18,0.18,0.18,0.18,0.62,2.575,3.62,1.667687467,-0.909016503,-2.287666415,-2.930526162,-5.743586351,5.870400196,5.780295548,5.125653092,4.729384577,3.83418861,-0.685996793,-0.27984286,-0.885060329,-1.847182804,-3.022772194
8/18/2011 12:41,1.382017043,24.1,230,30.7,2,2,9,17,103,25,0.639486489,4.36,22.5,0.08,4.6,165,15.1,349.6,2.08,17,144.2,20.996555,20.764074,19.295017,18.754218,19.431302,19.439353,19.708647,19.222469,19.091624,19.160004,19.155137,18.652469,2.441656,0.232481,1.166594,0.993697,1.212158,1.243055,1.680682,1.893531,1.871151,1.892653,2.080802,2.441656,0.021651,0.010826,0.003609,0.001804,0.002473,0.131758,0.027851,-0.005519,0.027851,0.027851,0.027851,-0.027677,-0.048156,0,0,0,0,0,7.513787,7.513787,7.513787,7.652832,21.920023,65.105452,96.894625,0,0,0,0,0,0.21,0.21,0.21,0.21,0.87,3.36,4.36,0,0,0,0,0,0.21,0.21,0.21,0.21,0.87,3.36,4.36,0,0,0,0,0,0.18,0.18,0.18,0.18,0.62,2.545,3.62,-6.481199011,-6.707909098,-6.192545891,-5.806281506,-5.573019603,17,17,17,17,17,17,17.18055556,18,17,17.33333333,18,17,17.25347222,18,17,17.640625,21,17,17.60416667,21,17,17.52222222,21,17,17.49884259,21,17,17.55059524,24,17,18.43452381,60,16,18.23772321,60,15,-1,1,4,4,4,4,7,44,45,0,0,0,0,0,0.18,0.18,0.18,0.18,0.62,2.545,3.62,-6.481199011,-6.707909098,-6.192545891,-5.806281506,-5.573019603,4.156235487,3.654173455,3.946923201,4.74307763,5.274803564,-2.289358007,-2.231977997,-2.994133897,-3.266379161,-2.663843441
8/23/2011 10:05,1.838219222,68.9,235,21.9,1,1,0,0,105.9,70,-0.031517051,0.93,18.9,0,2.9,127.7,15.2,337.4,2.17,18,143,19.83597,19.269764,18.692531,18.509204,19.079233,18.18115,18.021454,18.495306,18.640527,18.762498,19.020683,18.882265,2.168294,0.566206,0.575812,0.518357,1.103986,1.975552,2.127762,2.154772,2.049014,1.963623,1.995291,2.168294,0.14991,0.144375,0.163263,0.084091,0.07991,0.12062,0.010887,-0.001405,0.010887,0.029657,0.010887,-0.033333,0.010295,0,0.376998,0.376998,0.376998,0.376998,0.409549,1.056678,5.876266,5.876266,13.77264,35.66425,86.678615,0,0,0,0,0,0,0,0.06,0.06,0.3,1.87,3.83,0,0,0,0,0,0,0,0.06,0.06,0.3,1.87,3.83,0,0,0.03,0.03,0.03,0.03,0.055,0.185,0.185,0.405,1.16,3.195,-11.30343408,-9.564444225,-5.920062329,-5.037771133,-6.516812172,18,18,18,18,18,18,17.97222222,18,17,17.6875,18,17,17.34375,18,17,17.18055556,18,17,17.18865741,18,17,17.35138889,21,17,17.35358796,21,17,17.44072421,21,17,18.36772487,60,17,18.24565972,60,16,0,1,1,1,4,4,4,43,44,0,0,0.03,0.03,0.03,0.03,0.055,0.185,0.185,0.405,1.16,3.195,-11.30343408,-9.564444225,-5.920062329,-5.037771133,-6.516812172,3.334029442,2.729917598,2.41426015,2.346325678,2.79709525,-3.981232245,-4.584702172,-4.717843484,-4.660348795,-4.063868387
8/24/2011 11:31,1.206825876,16.1,236,26.7,2,2,5,1,105.5,200,-0.124938737,0.75,21.4,0.33,4.2,162.1,15.4,323.5,2,17,144.4,19.311487,19.175258,19.193776,19.520792,19.328364,19.23983,18.596848,18.353721,18.62883,18.85729,19.011289,18.978939,2.098253,0.13623,0.206081,0.561359,0.840823,0.97738,1.768932,2.013944,2.01675,1.931281,1.965369,2.098253,0.126088,0.063044,0.021015,0.030794,0.153886,0.108369,-0.014411,-0.002824,-0.014411,0.029556,-0.014411,-0.033574,0.023177,0,0,0,0.046806,5.382956,5.759954,5.792505,6.464225,11.259222,18.912054,33.179245,79.257621,0,0,0,0,0.52,0.52,0.52,0.52,0.58,0.79,1.45,4.03,0,0,0,0,0.52,0.52,0.52,0.52,0.58,0.79,1.45,4.03,0,0,0,0.01,0.075,0.105,0.105,0.13,0.26,0.44,0.88,2.835,-0.111700165,-1.68052239,-1.68850159,-4.390476973,-4.598332728,17.5,18,17,17.625,18,17,17.84722222,18,17,17.91666667,18,17,17.94791667,18,17,17.67534722,18,17,17.45023148,18,17,17.43402778,19,17,17.46064815,21,17,17.46155754,21,17,17.64103836,24,17,18.25049603,60,16,-1,1,1,1,2,4,4,7,44,0,0,0,0.01,0.075,0.105,0.105,0.13,0.26,0.44,0.88,2.835,-0.111700165,-1.68052239,-1.68850159,-4.390476973,-4.598332728,8.91647092,8.14376128,7.150654062,5.884727888,4.289390271,1.92633076,1.231473478,1.162708808,-1.65173107,-2.220454527
