logEC,beachEColiValue,jday,beachAirTemp,beachAlgaeNearshore,beachAlgaeOnBeach,beachPeopleInWater,beachPeopleOnBeach,beachSc,beachTotalNoOfBirds,beachTurbidityBeachLog,beachTurbidityBeach,beachWaterTemp,beachWaveHeightManual,beachWindDirDegrees,beachWindSpeed,tribThompsonCreek040263165TribSc,MeanAirTemperatureCover1hrX3Y12,StDevAirTemperatureCover2hrX3Y12,MeanAirTemperatureCover2hrX3Y12,MeanAirTemperatureCover6hrX3Y12,StDevAirTemperatureCover6hrX3Y12,StDevAirTemperatureCover12hrX3Y12,MeanAirTemperatureCover12hrX3Y12,MeanAirTemperatureCover24hrX3Y12,StDevAirTemperatureCover24hrX3Y12,MeanAirTemperatureCover48hrX3Y12,StDevAirTemperatureCover48hrX3Y12,MeanAirTemperatureCover72hrX3Y12,StDevAirTemperatureCover72hrX3Y12,MeanAirTemperatureCover120hrX3Y12,StDevAirTemperatureCover120hrX3Y12,MeanAirTemperatureCover144hrX3Y12,StDevAirTemperatureCover144hrX3Y12,MeanAirTemperatureCover336hrX3Y12,StDevAirTemperatureCover336hrX3Y12,MeanAirTemperatureCover504hrX3Y12,StDevAirTemperatureCover504hrX3Y12,MeanAirTemperatureCover672hrX3Y12,StDevAirTemperatureCover672hrX3Y12,MeanCloudCoverover1hrX3Y12,MeanCloudCoverover2hrX3Y12,MeanCloudCoverover6hrX3Y12,MeanCloudCoverover12hrX3Y12,MeanCloudCoverover24hrX3Y12,MeanCloudCoverover48hrX3Y12,MeanHeightAboveModelSeaLevelmover1hrX3Y12,MeanHeightAboveModelSeaLevelmover24hrX3Y12,MaxHeightAboveModelSeaLevelmover1hrX3Y12,MaxHeightAboveModelSeaLevelmover24hrX3Y12,MinHeightAboveModelSeaLevelmover1hrX3Y12,MinHeightAboveModelSeaLevelmover24hrX3Y12,DiffHeightAboveModelSeaLevelmover24hrX3Y12,uploadThompsonId0Sumover1hrGeographicalMeankgm2,uploadThompsonId0Sumover2hrGeographicalMeankgm2,uploadThompsonId0Sumover6hrGeographicalMeankgm2,uploadThompsonId0Sumover12hrGeographicalMeankgm2,uploadThompsonId0Sumover24hrGeographicalMeankgm2,uploadThompsonId0Sumover48hrGeographicalMeankgm2,uploadThompsonId0Sumover72hrGeographicalMeankgm2,uploadThompsonId0Sumover120hrGeographicalMeankgm2,uploadThompsonId0Sumover144hrGeographicalMeankgm2,uploadThompsonId0Sumover336hrGeographicalMeankgm2,uploadThompsonId0Sumover504hrGeographicalMeankgm2,uploadThompsonId0Sumover672hrGeographicalMeankgm2,uploadmaslowskiId0Sumover1hrGeographicalMeankgm2,uploadmaslowskiId0Sumover2hrGeographicalMeankgm2,uploadmaslowskiId0Sumover6hrGeographicalMeankgm2,uploadmaslowskiId0Sumover12hrGeographicalMeankgm2,uploadmaslowskiId0Sumover24hrGeographicalMeankgm2,uploadmaslowskiId0Sumover48hrGeographicalMeankgm2,uploadmaslowskiId0Sumover72hrGeographicalMeankgm2,uploadmaslowskiId0Sumover120hrGeographicalMeankgm2,uploadmaslowskiId0Sumover144hrGeographicalMeankgm2,uploadmaslowskiId0Sumover336hrGeographicalMeankgm2,uploadmaslowskiId0Sumover504hrGeographicalMeankgm2,uploadmaslowskiId0Sumover672hrGeographicalMeankgm2,WCrainsum1,WCrainsum2,WCrainsum6,WCrainsum12,WCrainsum24,WCrainsum48,WCrainsum72,WCrainsum120,WCrainsum144,WCrainsum336,WCrainsum504,WCrainsum672,THrainsum1,THrainsum2,THrainsum6,THrainsum12,THrainsum24,THrainsum48,THrainsum72,THrainsum120,THrainsum144,THrainsum336,THrainsum504,THrainsum672,ASXrainsum1,ASXrainsum2,ASXrainsum6,ASXrainsum12,ASXrainsum24,ASXrainsum48,ASXrainsum72,ASXrainsum120,ASXrainsum144,ASXrainsum336,ASXrainsum504,ASXrainsum672,ASXwndperpmean1,ASXwndperpmean2,ASXwndperpmean6,ASXwndperpmean12,ASXwndperpmean24,ASXwndparlmean1,ASXwndparlmean2,ASXwndparlmean6,ASXwndparlmean12,ASXwndparlmean24,WCQmean1,WCQmax1,WCQmin1,WCQmean2,WCQmax2,WCQmin2,WCQmean6,WCQmax6,WCQmin6,WCQmean12,WCQmax12,WCQmin12,WCQmean24,WCQmax24,WCQmin24,WCQmean48,WCQmax48,WCQmin48,WCQmean72,WCQmax72,WCQmin72,WCQmean120,WCQmax120,WCQmin120,WCQmean144,WCQmax144,WCQmin144,WCQmean336,WCQmax336,WCQmin336,WCQmean504,WCQmax504,WCQmin504,WCQmean672,WCQmax672,WCQmin672,WCQdifference6,WCQmaxdiff24,WCQmaxdiff48,WCQmaxdiff72,WCQmaxdiff120,WCQmaxdiff144,WCQmaxdiff336,WCQmaxdiff504,WCQmaxdiff672,wndperp_mean1,wndperp_mean2,wndperp_mean6,wndperp_mean12,wndperp_mean24,wndparl_mean1,wndparl_mean2,wndparl_mean6,wndparl_mean12,wndparl_mean24
1.544068044,35,160,17.1,1,1,0,0,86.2,0,0.561101384,3.64,14.3,0.08,350,6.5,92.7,11.77497,0.146844,11.628126,10.883747,0.610222,0.530106,10.615589,10.441225,0.606436,11.906489,2.781307,11.165521,2.769413,11.077786,2.470978,11.502609,2.779969,12.028887,2.949896,11.919756,3.022374,11.012518,3.406692,0.583204,0.343035,0.380011,0.593304,0.711322,0.389086,0.00633,0.00266,0.00633,0.048669,0.00633,-0.038224,0.024188,0,0,0,0.125,29.479554,29.479554,29.479554,35.441529,50.851447,54.157307,70.221227,105.963478,0,0,0,0.175964,25.448811,25.448811,25.495617,29.545551,47.50202,52.256991,66.024217,100.857604,0,0,0,0.01,1.09,1.09,1.09,1.31,1.96,2.09,3.27,4.63,0,0,0,0.03,0.99,0.99,1,1.46,1.87,2,2,2,0,0,0,0,1.01,1.02,1.02,1.245,2.045,2.245,2.495,3.605,-2.815090896,-2.815090896,1.824493794,2.416851104,2.755588324,-13.71405349,-13.71405349,-10.16794285,-8.692880199,-3.217265844,24.66666667,25,24,24.83333333,25,24,25.59722222,27,24,24.47222222,27,23,23.10763889,27,17,20.05381944,27,17,19.11111111,27,17,19.00625,27,17,18.76331019,27,17,18.11681548,27,17,18.16286376,30,17,19.14384921,53,17,-2,10,10,10,10,10,10,13,36,-5.929506631,-5.386745657,-3.402501118,-2.587503466,0.22898166,3.742275918,4.735060038,4.786301311,4.45882111,4.034208125
0.301029996,2,161,16.4,1,1,0,0,86.7,0,-0.065501549,0.86,16.2,0.17,90,2,120.8,12.617494,0.03837,12.579124,10.186447,1.727058,1.295964,10.078162,11.760222,2.082641,11.100724,1.669586,11.857734,2.570538,11.077473,2.453004,11.191526,2.423983,11.935872,2.88541,11.807358,2.856098,11.175312,3.347173,0.438027,0.445305,0.320999,0.231434,0.480229,0.595776,-0.007487,-0.00212,-0.007487,0.043514,-0.007487,-0.048607,0.003204,0,0,0,0,0,29.479554,29.479554,32.342589,35.441529,54.157307,70.221227,85.191641,0,0,0,0,1.24639,26.695201,26.695201,28.877853,30.791941,53.50338,67.270606,82.181933,0,0,0,0,0.01,1.1,1.1,1.21,1.32,2.1,3.28,3.99,0,0,0,0,0,0.99,0.99,1.1,1.46,2,2,2,0,0,0,0,0.02,1.03,1.04,1.205,1.265,2.265,2.515,2.955,0,-2.938725749,-0.821750731,-0.611189729,-2.999169182,0,0.603233763,-0.273360085,-2.832683156,-6.848883695,19,19,19,19,19,19,19,19,19,19.34722222,20,19,20.70138889,25,19,21.90451389,27,17,20.26967593,27,17,19.20694444,27,17,19.28877315,27,17,18.30977183,27,17,18.29133598,30,17,19.23635913,53,17,0,6,10,10,10,10,10,13,36,-0.473018648,-0.533254125,-0.990666436,-2.393590716,-4.159120328,-1.620228557,-1.151531487,1.88954887,2.131403411,1.230502259
2.588495801,387.7,162,14.1,1,1,0,0,89.7,33,0.698970004,5,15.5,0.25,90,5,56.6,10.12973,0.101418,10.231148,10.56095,0.959462,0.778693,10.184393,11.192391,1.274588,11.476307,1.74974,11.131279,1.549754,11.289835,2.418596,11.096626,2.299338,11.731469,2.597177,11.935584,2.719,11.367348,3.192357,1,0.985393,0.951054,0.946237,0.737842,0.609035,0.033937,0.006394,0.033937,0.065574,0.033937,-0.057125,0.029932,5.626831,6.19967,6.19967,6.19967,6.19967,6.19967,35.679224,35.679224,38.542259,60.356977,75.820729,78.080256,6.049311,7.725306,7.725306,7.725306,7.725306,8.971696,34.420507,34.467313,36.60316,61.228686,74.381088,77.089349,0.35,0.64,0.65,0.65,0.65,0.66,1.75,1.75,1.86,2.75,3.93,3.93,0.15,0.15,0.15,0.15,0.15,0.15,1.14,1.15,1.25,2.14,2.15,2.15,0.39,0.7,0.73,0.73,0.73,0.75,1.76,1.77,1.935,2.995,3.245,3.245,-1.460830286,0.373958515,-1.519718475,-1.672129359,-3.277677818,9.89272333,7.735691122,5.328292301,3.539831569,4.828518459,20.16666667,22,19,19.20833333,22,18,18.40277778,22,18,18.20138889,22,18,18.17013889,22,18,19.41666667,24,18,20.66435185,27,17,19.24236111,27,17,19.03530093,27,17,18.34002976,27,17,18.29976852,30,17,18.62313988,30,17,4,4,6,10,10,10,10,13,13,3.946081204,3.890582004,3.311873095,3.077262135,2.861474261,1.101484337,-0.220020735,-1.177115242,-0.697948503,-2.009853762
0.716003344,5.2,172,19.1,1,1,0,1,106.9,0,0,1,17.8,0,0,0,194.2,15.924534,0.075877,15.848657,13.765913,1.907473,1.568737,13.032974,15.313614,3.022394,14.238897,2.670815,14.796276,2.52295,14.675918,2.223985,14.27186,2.267489,12.534303,2.570765,12.287385,2.679773,12.358295,2.758883,0,0,0.053021,0.10098,0.133265,0.34054,0.003158,-0.000205,0.003158,0.031685,0.003158,-0.047876,-0.019393,0,0,0,0,0,0,0,1.417224,1.907127,62.248243,86.465237,102.255631,0,0,0,0,0,0,0,2.136524,2.672237,56.680342,82.163879,96.632764,0,0,0,0,0,0,0,0.06,0.07,2.79,3.76,4.97,0,0,0,0,0,0,0,0.03,0.03,2.7,3.7,3.71,0,0,0,0,0,0,0,0.05,0.08,2.75,3.89,4.225,0,0,0,0.368218679,-0.707655088,0,0,0,-0.326919841,0.983804647,18.91666667,19,18,18.91666667,19,18,18.79166667,19,18,18.51388889,19,18,18.43402778,19,18,18.59027778,19,18,18.72569444,19,18,19.06666667,21,18,19.40335648,22,18,24.02529762,123,17,21.94659392,123,17,20.98871528,123,17,1,1,1,1,3,4,106,106,106,0.678657022,0.443299812,0.537450555,0.45715412,0.941500294,-0.783403157,-0.838047312,0.993992896,1.960138683,0.542254187
2.588047497,387.3,173,17.9,1,1,0,0,94.1,0,0.390935107,2.46,18.1,0.08,135,3.5,114.6,15.598572,0.036607,15.635179,13.207607,1.723083,1.334341,12.706126,13.933709,1.868248,14.623661,2.605502,14.137168,2.437139,14.742591,2.203447,14.552217,2.18632,12.574442,2.484795,12.299162,2.658839,12.4068,2.780301,0.989014,0.689748,0.716346,0.72509,0.702875,0.41807,-0.032907,0.002227,-0.032907,0.043222,-0.032907,-0.043447,-0.01054,0,0,0,0,21.068836,21.068836,21.068836,22.48606,22.48606,83.31708,107.534073,123.324467,0,0,0.046806,0.046806,30.711911,30.711911,30.711911,32.848435,32.848435,87.392253,112.87579,127.344675,0,0,0,0,1.25,1.25,1.25,1.3,1.31,4.04,5.01,6.22,0,0,0,0,0.9,0.9,0.9,0.93,0.93,3.6,4.6,4.61,0,0,0.01,0.01,1.22,1.22,1.22,1.27,1.27,3.96,5.11,5.445,0,0,-1.142837791,-0.571418896,-2.061835023,0,0,0.234590908,0.117295454,0.878034335,30.25,31,30,30.625,31,30,32.72222222,37,30,38.84722222,57,30,32.12847222,57,18,25.28125,57,18,23.10300926,57,18,21.49444444,57,18,21.24421296,57,18,25.10540675,123,17,22.64765212,123,17,21.49342758,123,17,-7,39,39,39,39,39,106,106,106,-0.879870087,-0.537149298,-0.594676839,-0.254794057,-0.020179016,-0.954590934,-1.064074594,1.082365443,1.76539548,0.033122639
2.033825694,108.1,174,21.9,1,1,0,0,99.3,40,0,0,19.7,0.04,0,0,145.6,14.023369,0.159227,14.182596,13.916374,0.310798,0.451351,14.031672,15.060406,1.442725,14.497057,1.761609,14.769243,2.293898,14.676589,2.25432,14.79556,2.099267,12.904384,2.510804,12.431918,2.682174,12.466636,2.77392,0.775333,0.836912,0.75477,0.485101,0.361002,0.531939,0.007341,0.001434,0.007341,0.031129,0.007341,-0.033497,-0.009312,0,0,0.759857,1.021289,1.021289,22.090126,22.090126,22.090126,23.50735,54.858815,105.710262,109.016122,0,0,0.273165,2.584335,4.54159,35.253501,35.253501,35.253501,37.390025,66.485032,113.987052,118.742022,0,0,0,0,0,1.25,1.25,1.25,1.3,2.95,4.91,5.04,0,0,0,0.01,0.01,0.91,0.91,0.91,0.94,2.62,4.49,4.62,0,0,0,0,0.115,1.335,1.335,1.335,1.385,3.065,5.11,5.31,1.578245185,3.273713713,3.366197149,1.646528229,-1.02509745,-4.744380058,-5.506963858,-3.472242291,-1.7570482,-0.910520893,21.16666667,22,21,21.375,22,21,21.79166667,22,21,22.40972222,24,21,24.47569444,30,21,28.30208333,57,18,25.01273148,57,18,22.55625,57,18,21.99131944,57,18,25.21602183,123,18,22.98396164,123,17,21.6609623,123,17,-1,9,39,39,39,39,105,106,106,-0.813770803,-1.027047286,-0.365964293,-0.642006995,-0.134388078,4.612052666,4.372255511,2.984852337,2.501217321,0.356991649
0.924279286,8.4,175,25.2,1,1,0,0,89.8,0,-0.356547324,0.44,15.3,0.04,0,0,139.1,16.450005,1.158418,15.291587,14.17464,1.101292,0.861045,13.885207,14.603849,1.325619,14.832128,1.404091,14.532655,1.630071,14.415152,2.113833,14.664465,2.128046,13.1075,2.488247,12.584804,2.662954,12.521686,2.757111,0,0,0.073487,0.184824,0.403551,0.382277,-0.033455,-0.00246,-0.033455,0.032555,-0.033455,-0.041306,-0.007851,0,0,0,0,4.798731,5.820021,26.888857,26.888857,26.888857,59.657546,110.508993,113.814853,0,0,0,0.07421,8.796783,13.338373,44.050284,44.050284,44.050284,74.035425,122.783835,127.538805,0,0,0,0,0.15,0.15,1.4,1.4,1.4,3.09,5.06,5.19,0,0,0,0,0.12,0.13,1.03,1.03,1.03,2.74,4.61,4.74,0,0,0,0.01,0.66,0.775,1.995,1.995,1.995,3.705,5.77,5.97,-5.962088539,-5.332124641,-1.610536804,-1.053889784,-0.950704072,3.667901342,-0.02949267,-2.571497631,-4.007079534,-5.138348494,23,23,23,23.25,24,23,22.95833333,24,21,22.03472222,24,21,21.58333333,24,21,22.9375,30,21,26.07638889,57,18,23.08194444,57,18,22.40104167,57,18,25.27256944,123,18,23.19494048,123,17,21.79104663,123,17,2,3,9,39,39,39,105,106,106,-3.446742723,-2.942083113,-3.241828175,-2.873413407,-2.86711741,-0.427056154,0.658856026,1.021033151,2.118314923,1.836816377
1.025305865,10.6,179,17.1,1,1,1,4,107.2,0,0,0,19.2,0.33,170,2.8,153.6,15.822611,0.50295,15.319661,14.277088,0.811131,0.891127,14.62656,16.057321,2.087182,15.186849,1.933006,14.761236,1.929067,14.957624,1.954121,14.960059,1.872847,14.334246,2.252146,13.302958,2.610834,12.920815,2.738166,0.342428,0.546531,0.74165,0.654182,0.447504,0.484788,0.002129,0.001929,0.002129,0.029355,0.002129,-0.030984,0.014481,0,0,0.000499,0.000499,0.000499,0.000499,3.690675,27.920401,30.02943,53.139442,113.34651,137.563503,0,0,0.1246,0.1246,0.1246,0.181625,6.427794,42.964081,51.224447,85.371083,138.6167,164.100237,0,0,0.04,0.04,0.04,0.04,0.21,0.75,0.78,2.12,4.82,5.79,0,0,0.03,0.03,0.03,0.03,0.2,0.64,0.65,1.59,4.25,5.25,0,0,0.035,0.045,0.045,0.05,0.25,1.19,1.825,3.17,5.795,6.935,-2.555180802,-1.277590401,-4.154868565,-3.241577882,-2.565591119,1.571957718,0.785978859,4.644658206,2.532897179,-2.801603539,19,19,19,19,19,19,19.13888889,20,19,19.5625,20,19,19.95833333,21,19,21.70138889,27,19,24.12037037,38,19,23.46319444,38,19,23.45601852,38,19,22.30084325,57,18,24.32490079,123,17,22.68613591,123,17,-1,2,8,19,19,19,39,106,106,-1.28447805,-0.878093638,0.773710832,0.498192468,-1.551736703,-0.630406887,-2.243593014,-4.166111105,-2.872419504,-0.124981437
0.929418926,8.5,186,24,1,1,0,0,75.8,0,-0.091514981,0.81,12,0,0,0,203.7,19.99012,0.405845,19.584275,18.053048,1.127717,0.878792,17.971155,18.374299,0.842315,18.617133,1.046088,18.20579,1.308188,16.994905,2.150815,16.372841,2.577258,15.520476,2.353341,14.934738,2.526118,14.027389,2.881463,0.514985,0.429498,0.409451,0.373174,0.408907,0.286105,-0.00044,0.000123,-0.00044,0.02144,-0.00044,-0.027866,0.001845,0,0,0,0,1.4691,1.4691,1.4691,1.611872,1.611872,52.710138,54.751314,114.958382,0,0,0,0,0.814945,0.814945,0.814945,0.904067,0.904067,82.840425,86.275151,139.520768,0,0,0,0,0.02,0.02,0.02,0.02,0.02,2.05,2.14,4.84,0,0,0,0,0.05,0.05,0.05,0.05,0.05,1.6,1.64,4.3,0,0,0,0,0.035,0.035,0.035,0.04,0.04,3.085,3.21,5.835,-4.648882429,-3.256162885,-1.108655661,-0.180083239,0.815261628,1.840622763,2.095851568,-0.13439124,-0.878271647,-3.454552106,18.58333333,19,18,18.58333333,19,18,18.52777778,19,18,18.27777778,19,18,18.30902778,19,18,18.20833333,19,18,18.27430556,19,18,18.44583333,19,18,18.4380787,19,18,21.69742063,57,18,21.0557209,57,18,22.86185516,123,17,1,1,1,1,1,1,39,39,106,0.284049945,-0.475731831,-0.300194728,-0.483192427,-1.232430466,-1.41090281,-1.364136326,1.239855964,2.209101535,2.821707649
2.512550993,325.5,187,22.4,1,1,0,0,111.2,0,-0.886056648,0.13,15,0,0,0,199.4,17.100407,0.186018,16.914389,16.959954,0.669918,0.508355,16.906133,18.491434,1.901056,18.432866,1.471456,18.575233,1.392019,17.821834,1.727595,17.244326,2.183666,15.846028,2.42728,15.305203,2.480454,14.210235,2.951061,0.714733,0.674996,0.70939,0.700548,0.455669,0.432288,0.009317,0.002781,0.009317,0.032944,0.009317,-0.020129,0.023627,0,0,2.850097,6.299413,7.692907,9.162008,9.162008,9.162008,9.304779,39.33421,62.310173,122.651289,0,0,2.219693,5.896341,15.170677,15.985622,15.985622,15.985622,16.074745,67.299192,100.68334,154.691445,0,0,0.09,0.21,0.4,0.42,0.42,0.42,0.42,1.2,2.52,5.24,0,0,0.13,0.19,0.2,0.25,0.25,0.25,0.25,0.9,1.83,4.5,0,0,0.05,0.2,0.65,0.685,0.685,0.685,0.69,2.515,3.815,6.475,0,1.319472859,0.634601658,0.618767299,-2.123364618,0,0.713436314,-1.081217673,-0.597370087,0.756429151,19,19,19,19,19,19,19.26388889,20,19,19.01388889,20,18,18.72916667,20,18,18.515625,20,18,18.38194444,20,18,18.43819444,20,18,18.49305556,20,18,20.73759921,38,18,20.90062831,57,18,22.92311508,123,17,0,2,2,2,2,2,20,39,106,2.522165754,1.034017088,-1.212611871,-0.477709646,0.119283407,1.715901207,-0.566227818,0.291639284,0.984232286,-0.867923803
0.986771734,9.7,188,24.4,1,1,0,0,107.4,0,0,0,19.2,0,0,0,248.2,20.815706,1.645567,19.170139,17.238974,1.687169,1.265242,17.300459,19.703818,3.10565,19.097626,2.645186,18.856517,2.239964,18.562525,2.004122,18.135498,2.141633,16.1777,2.709408,15.660072,2.62777,14.541042,3.082396,0,0.015918,0.145077,0.115937,0.203635,0.329652,-0.009113,-0.000009,-0.009113,0.025023,-0.009113,-0.02306,0.025563,0,0,0,0,0,7.692907,9.162008,9.162008,9.162008,38.31292,61.82027,93.171735,0,0,0,0,0,15.170677,15.985622,15.985622,15.985622,62.757602,100.147627,129.242634,0,0,0,0,0,0.4,0.42,0.42,0.42,1.2,2.51,4.15,0,0,0,0,0,0.2,0.25,0.25,0.25,0.89,1.83,3.51,0,0,0.01,0.01,0.01,0.66,0.695,0.695,0.695,2.41,3.795,5.475,-1.0225812,-0.984764155,-0.355752165,0.380515259,-0.387561737,6.924906331,4.885767183,0.64416527,-0.647942452,-1.21089426,18,18,18,18,18,18,18,18,18,18,18,18,18.12847222,19,18,18.42881944,20,18,18.38773148,20,18,18.33611111,20,18,18.38657407,20,18,20.2859623,38,18,20.75958995,57,18,22.75012401,123,18,0,1,2,2,2,2,20,39,105,1.018031519,1.315209956,-0.566919963,-0.868818205,-0.994589843,-1.109577914,-1.368448248,1.837531731,2.607887484,1.022092271
0.612783857,4.1,189,28,1,1,0,0,104.1,0,0.352182518,2.25,20.3,0,0,0,247.8,18.104738,0.635381,17.469358,16.33689,0.898403,0.664178,16.419231,18.41561,2.247862,19.059714,2.786368,18.870287,2.540144,18.769026,2.079543,18.538039,2.047494,16.449969,2.771816,15.88937,2.66361,14.778734,3.119326,0,0.147403,0.334427,0.356401,0.190344,0.196989,0.020382,0.001679,0.020382,0.020382,0.020382,-0.015372,-0.00489,0,0,0,0,0,0,7.692907,9.162008,9.162008,33.514189,61.82027,93.171735,0,0,0,0,0,0,15.170677,15.985622,15.985622,53.960819,100.147627,127.996244,0,0,0,0,0,0,0.4,0.42,0.42,1.05,2.5,4.14,0,0,0,0,0,0,0.2,0.25,0.25,0.77,1.83,3.51,0,0,0,0,0,0.01,0.66,0.695,0.695,1.75,3.795,5.455,0.876498171,0.803456657,0.557765613,0.489315498,-1.443165647,-5.935633998,-5.440997831,-3.77718134,-2.521174678,0.313504304,18,18,18,18,18,18,18,18,18,18,18,18,18.00694444,19,18,18.06770833,19,18,18.28819444,20,18,18.25625,20,18,18.28125,20,18,20.03249008,38,18,20.66501323,57,18,22.65054563,123,18,0,1,1,2,2,2,20,39,105,-2.635917924,-2.538620297,-1.834438949,-1.606375531,-0.222909182,0.884332007,1.602913372,2.641660536,2.646106428,0.300589449
1.537819095,34.5,193,21,1,1,3,4,102.7,0,0.28780173,1.94,16.9,0,90,2.5,237.9,18.346909,0.314932,18.031977,16.09308,1.390523,1.255503,16.403601,17.954497,2.078534,18.877355,1.954406,19.003317,2.221095,18.786448,2.340763,18.939343,2.508061,17.536932,2.826618,16.63877,2.858467,15.919892,3.029966,0,0.110681,0.054216,0.096773,0.28097,0.213019,0.000868,0.002536,0.000868,0.025147,0.000868,-0.011895,-0.005851,0,0,0,0,5.696764,5.731651,5.731651,5.731651,5.731651,15.03643,66.134696,68.175872,0,0,0,0,3.319967,3.419704,3.419704,3.419704,3.419704,19.523442,101.430806,104.865532,0,0,0,0,0.6,0.6,0.6,0.6,0.6,1.02,3.05,3.14,0,0,0,0,0.33,0.33,0.33,0.33,0.33,0.58,2.13,2.17,0,0,0,0,0.02,0.02,0.02,0.02,0.03,0.72,3.765,3.89,-3.105738901,-2.830459852,-0.737152506,-2.876243639,-1.995225681,3.918467287,2.745212502,-0.23320498,-1.592192336,-2.850885302,18.33333333,19,18,18.29166667,19,18,18.63888889,19,18,18.79166667,19,18,19.44097222,29,18,18.58159722,29,17,18.34953704,29,17,18.18263889,29,17,18.17418981,29,17,18.38144841,29,17,20.54943783,57,17,20.35590278,57,17,0,11,12,12,12,12,12,40,40,-1.350460828,-1.499848551,-2.065346622,-2.968455692,-3.057552201,-1.210584939,0.336757415,2.294881827,0.946284193,1.02237249
1.702430536,50.4,200,21.5,1,1,0,0,104.7,0,0.84260924,6.96,21.8,0.08,180,3.3,199.7,19.579042,1.125582,18.45346,16.886929,1.303602,1.101877,16.999311,18.661534,2.164004,18.6334,1.997575,18.627443,2.003848,18.620529,1.679008,18.75644,1.65503,18.729393,2.133895,17.885764,2.571734,17.124934,2.760461,0,0.048322,0.07031,0.249084,0.245018,0.237966,-0.010736,0.00261,-0.010736,0.030327,-0.010736,-0.014411,0.02276,0,0,0,0.035116,0.035116,7.745877,7.745877,21.07935,21.07935,34.503908,36.11578,87.214047,0,0,0,0.787799,0.787799,13.930465,13.930465,28.165683,28.165683,46.756064,47.689125,129.596489,0,0,0,0,0,0.05,0.05,0.64,0.64,1.64,1.66,3.69,0,0,0,0,0.02,0.18,0.18,0.53,0.53,1.06,1.11,2.66,0,0,0,0,0,0.61,0.61,1.09,1.09,1.77,1.81,4.855,0,0,0.554178026,0.507853614,-1.114493334,0,0,-1.207478483,-2.472677308,-0.31165689,18,18,18,18,18,18,18,18,18,18,18,18,18.23611111,20,18,18.03472222,20,17,17.91087963,20,17,18.25833333,28,17,18.21296296,28,17,18.21800595,29,17,18.3151455,29,17,19.95771329,57,17,0,2,3,3,11,11,12,12,40,-0.434360483,0.107287393,-0.830986875,-1.054793199,-0.352754564,1.12258298,1.908289817,3.201553801,2.310074947,0.407112915
2.055760465,113.7,201,19.9,1,1,0,0,94.8,1,0.44870632,2.81,20.7,0.08,0,0,194.8,17.061443,0.144545,16.916898,16.185533,0.647947,0.552058,16.368627,18.400103,2.493293,18.544556,2.341988,18.544311,2.170973,18.623916,1.990156,18.58699,1.842988,18.729055,2.177178,18.052809,2.511146,17.290927,2.717946,0.759484,0.593796,0.252148,0.353797,0.307361,0.260983,-0.002202,0.000819,-0.002202,0.015581,-0.002202,-0.012521,0.004944,0.240883,0.502315,0.502315,0.502315,0.502315,0.537431,8.248192,8.381778,21.581665,27.313316,36.618095,66.647525,0.027132,0.109735,0.115418,0.115418,0.165069,0.952868,14.095535,14.477814,28.324501,31.750456,47.8252,99.049647,0,0,0,0,0,0,0.05,0.06,0.64,1.24,1.66,2.44,0.01,0.01,0.01,0.01,0.01,0.01,0.19,0.2,0.54,0.87,1.12,1.77,0.005,0.005,0.005,0.015,0.015,0.015,0.625,0.665,1.055,1.135,1.825,3.65,-1.991778638,-0.995889319,0.382005181,0.507726954,-0.033683999,-2.243394271,-1.121697136,-1.848496389,-1.601291484,-1.601734122,18,18,18,18,18,18,18,18,18,18,18,18,17.93055556,18,17,18.04861111,20,17,18,20,17,17.91388889,20,17,18.2037037,28,17,18.15848214,29,17,18.26554233,29,17,19.43377976,38,17,0,1,3,3,3,11,12,12,21,-0.332579381,-0.412095202,-0.376007241,-0.290842813,-0.239273561,3.878871758,3.582535745,3.978952772,3.852723399,1.932186234
1.669316881,46.7,202,24.8,1,1,0,0,90.9,0,-0.187086643,0.65,20.4,0,320,2.5,193.1,19.633017,0.879504,18.753512,17.791451,0.851064,0.663292,17.526018,18.422237,1.499673,18.462525,2.053828,18.528861,2.093302,18.561475,2.0256,18.598932,1.91451,18.638664,2.03448,18.291003,2.251607,17.408182,2.693341,0,0,0,0.101193,0.23964,0.257678,0.012463,-0.00136,0.012463,0.018195,0.012463,-0.017801,-0.014665,0,0,0,0,0.744214,1.005646,1.040763,8.751523,8.88511,27.816647,37.121426,66.129567,0,0,0,0,0.632772,0.77071,1.558508,14.701175,15.083454,32.356096,48.430841,95.113698,0,0,0,0,0,0,0,0.05,0.06,1.24,1.66,2.44,0,0,0,0,0.04,0.04,0.08,0.22,0.23,0.9,1.15,1.79,0,0,0.01,0.01,0.08,0.09,0.09,0.7,0.74,1.2,1.9,3.61,-6.639262127,-5.415574687,-1.509921513,0.302043294,-0.104729005,-7.477980905,-7.145898189,-7.106995582,-6.50592699,-2.774420262,18,18,18,18,18,18,18,18,18,18,18,18,18,18,18,17.96527778,18,17,18.0625,20,17,17.93263889,20,17,17.92824074,20,17,18.15178571,29,17,18.24867725,29,17,19.21999008,38,17,0,0,1,3,3,3,12,12,21,-4.533306247,-4.073211435,-4.134654402,-2.940419411,-1.109426036,1.620877617,2.60416802,3.577618374,3.765783851,1.653615135
1.631443769,42.8,203,18.8,1,1,0,0,92.2,0,0.017033339,1.04,20.3,0,0,0,194.6,17.987188,0.075959,17.911229,17.615616,0.398872,0.430076,17.620202,19.769522,2.624478,19.09588,2.241037,18.898191,2.342587,18.792274,2.214854,18.762817,2.184007,18.735372,2.085335,18.548753,2.126736,17.59267,2.705838,0.3884,0.1942,0.109871,0.087715,0.056958,0.148299,0.007509,-0.000531,0.007509,0.016641,0.007509,-0.015917,-0.016432,0,0,0,0,0,0.744214,1.005646,8.751523,8.751523,27.816647,36.978655,61.330836,0.107001,0.107001,0.107001,0.107001,0.107001,0.739773,0.877711,14.808176,14.808176,32.463097,48.448719,86.423916,0,0,0,0,0,0,0,0.05,0.05,1.24,1.66,2.29,0,0,0,0,0,0.04,0.04,0.22,0.22,0.9,1.15,1.67,0,0,0,0,0,0.08,0.09,0.7,0.7,1.2,1.895,2.95,0.139608194,0.069804097,0.023268032,0.011634016,-1.315645384,4.998050575,2.499025288,0.833008429,0.416504215,-2.668847133,18,18,18,18,18,18,18,18,18,18,18,18,17.73958333,18,17,17.86979167,18,17,17.8900463,18,17,17.94791667,20,17,17.90046296,20,17,18.13268849,29,17,18.19940476,29,17,19.08320933,38,17,0,1,1,1,3,3,12,12,21,-0.015364913,-0.019135238,-0.189833217,-0.259038599,-1.545869338,2.775607128,2.869048932,3.641185456,3.900807309,2.36137961
3.383743576,2419.6,214,21.3,1,1,0,0,98.7,2,0.290034611,1.95,21.4,0.17,135,3.1,120.7,20.213444,0.115785,20.329228,19.414979,0.658389,0.656803,19.600884,20.675646,1.270857,20.193059,1.441704,19.990045,1.56029,19.955113,1.843052,19.969445,1.738852,19.646243,2.085984,19.291972,2.048375,19.187818,2.159299,0.724626,0.469489,0.489281,0.721429,0.527065,0.380308,0.002878,-0.001198,0.002878,0.022755,0.002878,-0.025052,-0.020833,0,0,2.259063,39.154838,39.181637,39.189226,50.560113,50.560113,72.638025,75.049685,96.129036,109.553594,0,0,3.281459,47.632331,47.632331,47.712331,52.656922,52.656922,106.728609,109.745804,137.911487,156.501868,1.59,1.59,1.6,1.6,1.6,1.64,1.83,2.05,2.92,2.92,3.56,4.56,0,0,0.44,1.38,1.38,1.38,2.19,2.19,2.96,3.06,3.59,4.12,0,0,0.02,1.81,1.83,1.84,2.015,2.015,3.365,3.575,4.665,5.345,-0.730415143,-1.642797973,-0.524042001,-1.869500996,1.268505443,4.946361665,3.259159691,2.257114203,2.509579975,-1.987067579,62.58333333,66,60,65.66666667,70,60,55.27777778,70,38,40.08333333,70,18,29.04166667,70,18,23.53125,70,18,21.95949074,70,17,20.36388889,70,17,20.5630787,70,17,19.02256944,70,17,18.74305556,70,17,18.62053571,70,17,22,52,52,53,53,53,53,53,53,0.539159733,-0.808755371,1.502435059,0.606932907,-0.629271766,-2.013764455,0.772282731,1.937596391,1.67823443,3.133436037
3.019614716,1046.2,215,26.7,1,1,0,0,101,0,0.276461804,1.89,22.6,0.17,225,4.3,153.3,21.162495,0.320146,20.842349,19.952094,0.688578,0.585133,19.673441,20.866882,1.447501,20.771264,1.365398,20.417666,1.478171,20.195463,1.789684,20.107075,1.815316,19.815105,2.010918,19.450139,2.010467,19.272655,2.164371,0.427316,0.266951,0.247125,0.355246,0.458634,0.492849,-0.020096,-0.000443,-0.020096,0.033192,-0.020096,-0.023959,0.007574,0,0,0,0,0,39.181637,39.189226,50.560113,50.560113,74.788253,96.129036,101.860686,0,0,0,0,0.007673,47.640004,47.720004,52.664594,52.664594,109.615539,137.919159,141.338863,0,0,0,0,0,1.82,1.86,2.05,2.06,3.14,3.78,4.38,0,0,0,0,0,1.38,1.38,2.19,2.19,3.06,3.59,3.92,0,0,0,0.01,0.01,1.84,1.85,2.025,2.025,3.575,4.675,4.705,3.804993673,4.280617882,1.985011154,1.839373329,-0.789227495,-7.037188583,-7.916837156,-4.833725645,-3.371684751,-0.878448466,21,21,21,21,21,21,21.31944444,22,21,22.73611111,26,21,29.14583333,56,21,29.30208333,70,18,25.53935185,70,18,22.59930556,70,17,21.89525463,70,17,19.85342262,70,17,19.29315476,70,17,19.00719246,70,17,-1,35,52,52,53,53,53,53,53,-1.971665276,-2.131376832,-1.672610549,-1.288241108,-0.320799478,4.53610466,4.554615456,3.935201749,3.463858285,0.690082892
1.981818607,95.9,216,26.8,1,1,0,0,90.5,0,0.716837723,5.21,20.5,0.08,280,6.5,178,20.988943,0.302953,20.685989,20.203773,0.40936,0.436898,20.247544,22.016349,2.131487,21.441615,1.910384,21.186292,1.761188,20.570673,1.851006,20.498944,1.971509,20.071828,2.085494,19.573013,2.114661,19.355246,2.181212,0,0.038979,0.012993,0.006496,0.070482,0.264558,-0.025753,-0.003265,-0.025753,0.023664,-0.025753,-0.025753,0.008068,0,0,0,0,0.952805,0.952805,40.134443,51.512918,51.512918,74.996844,97.081841,102.813491,0,0,0,0,0.012641,0.020314,47.652645,52.677236,52.677236,108.995408,137.931801,141.351504,0,0,0,0,0,0.01,1.82,2.05,2.05,3.14,3.78,4.38,0,0,0,0,0.02,0.02,1.4,2.21,2.21,3.04,3.61,3.94,0,0,0,0,0,0.01,1.84,2.025,2.025,3.495,4.675,4.695,-0.22337311,-0.915998239,1.337080001,1.747007543,0.404955385,-7.99688092,-7.916741459,-7.667877112,-7.075931596,-7.676157411,18,18,18,18,18,18,18,18,18,18,18,18,18.51736111,21,18,23.89583333,58,18,25.7037037,70,18,22.78958333,70,17,21.91724537,70,17,19.88963294,70,17,19.31795635,70,17,19.02070933,70,17,0,3,40,52,53,53,53,53,53,-4.632828679,-4.767056418,-4.00109398,-3.566023835,-3.686497948,2.907532996,3.42169103,4.6052031,4.316060654,3.29436421
1.413299764,25.9,229,19.1,1,1,0,0,85.3,0,0.113943352,1.3,14.7,0.08,270,1.7,183.3,15.617218,0.031143,15.64836,15.295495,0.357222,0.924855,16.080186,17.631505,1.759561,17.918486,1.590475,18.998647,2.303671,20.050802,2.631296,20.210449,2.483964,20.615172,2.263065,20.442665,2.114323,20.215139,2.177763,0,0,0.025757,0.027707,0.150721,0.317458,-0.016444,0.002041,-0.016444,0.049121,-0.016444,-0.039743,0.019252,0,0,0,0,0,0.805963,0.805963,50.446897,50.580552,70.365685,143.00371,145.153938,0,0,0,0,0,1.08942,1.08942,61.089696,61.089696,85.003577,191.739858,194.619116,0,0,0,0,0,0.11,0.11,1.66,1.66,2.75,5.89,5.89,0,0,0,0,0,0.01,0.01,1.48,1.48,1.97,4.93,5.03,0,0,0,0,0,0.01,0.01,1.515,1.525,2.36,5.735,5.935,1.390487421,0.597517975,2.015205275,1.855182873,-0.886428203,-5.836655269,-6.416963037,-6.69801432,-6.418542817,-9.373206929,19,19,19,19,19,19,19,19,19,19,19,19,19.03819444,20,19,19.38541667,21,19,21.35300926,35,19,25.71180556,145,17,24.28819444,145,17,20.51959325,145,17,20.96412037,145,17,20.18762401,145,17,0,1,2,16,128,128,128,128,128,-7.165112832,-6.372136039,-6.307470509,-5.862340474,-6.735939336,0.448895675,1.328775169,3.11180544,3.701577958,2.450163325
1.674861141,47.3,230,14.6,1,1,0,0,88.1,2,0.515873844,3.28,16.7,0.08,0,0,182.7,16.003775,0.6751,16.678875,17.267142,0.5718,0.553451,17.620697,18.463386,1.047939,17.895036,1.511627,17.976491,1.447383,19.081095,2.065278,19.614186,2.46356,20.29951,2.249638,20.337702,2.172144,20.192949,2.178918,0.860596,0.764853,0.802601,0.683002,0.352517,0.227091,0.001963,0.005312,0.001963,0.050009,0.001963,-0.05071,0.04534,1.41816,3.015925,10.757609,17.952159,17.952159,17.952159,18.758122,52.248934,68.399056,87.365038,138.877957,162.361883,0.9829,1.66816,12.041536,15.025591,15.025591,15.025591,16.115011,55.176823,76.115287,100.016526,152.693762,209.011935,0.04,0.06,0.4,0.46,0.46,0.46,0.57,1.49,2.12,3.21,5.26,6.35,0.03,0.07,0.26,0.38,0.38,0.38,0.39,1.4,1.86,2.33,4.54,5.37,0.14,0.17,0.44,0.62,0.62,0.62,0.63,1.365,2.135,2.98,5.005,6.475,-2.525192296,-1.262596148,3.501834462,4.323069705,5.196837977,7.591008093,3.795504047,-4.103387707,-6.321996564,-7.261243648,22,22,22,22,22,22,20.86111111,23,19,19.93055556,23,19,19.05555556,23,18,19.01909722,23,18,19.19907407,23,18,25.90138889,145,18,24.64930556,145,17,20.57118056,145,17,20.84308862,145,17,20.23003472,145,17,3,5,5,5,127,128,128,128,128,1.323317662,-0.729314988,-3.032619817,-3.117891282,-2.982934621,-3.588378908,-0.771384596,1.805299743,4.072336142,4.663552971
2.026533265,106.3,235,27.4,1,2,9,13,102.8,0,0.36361198,2.31,23.7,0.25,180,0.1,137.8,22.413906,0.731374,23.14528,22.332988,0.869463,2.26505,20.414691,19.206622,2.246558,18.70061,2.170391,18.097629,2.043233,17.700489,1.762423,17.758526,1.679437,19.31657,2.533191,19.762596,2.451183,19.841269,2.291872,0,0,0.051815,0.084135,0.117874,0.114909,-0.008617,0.000736,-0.008617,0.02751,-0.008617,-0.025752,-0.008752,0,0,0,0,0,0.443647,0.443647,16.819842,38.726294,92.495112,109.091979,181.730004,0,0,0,0,0,0.295013,0.295013,19.886737,39.349568,105.711807,124.360817,231.089426,0,0,0,0,0,0,0,0.78,1.42,3.32,4.17,7.31,0,0,0,0,0,0,0,0.69,1.26,2.85,3.23,6.19,0,0,0,0.01,0.01,0.02,0.02,0.655,1.325,3.135,3.695,7.06,7.665542407,8.517269341,9.128631127,6.052586128,2.28333248,-4.715873154,-5.23985906,-5.412093582,-2.501119554,-0.699471588,19,19,19,19,19,19,19,19,19,19.28472222,20,19,19.60763889,20,19,20.57118056,24,19,23.76851852,43,19,26.38333333,74,19,25.26851852,74,18,23.73313492,145,17,21.98214286,145,17,21.77914187,145,17,0,1,5,24,55,56,128,128,128,0.278545778,0.351853391,0.258132547,0.04836791,0.040154293,4.881688871,4.810323866,5.011588029,4.720491704,3.055105221
1.932980822,85.7,151,25.4,1,1,0,0,105.8,1,0.217483944,1.65,15.3,0.33,225,16,98.5,12.58725,0.557531,12.029719,8.772893,2.348413,2.145815,7.435835,7.902773,1.947584,8.909349,2.285193,8.75558,2.22805,7.221187,2.739028,7.059833,2.608173,7.133086,2.3757,6.780142,2.31461,6.552904,2.306191,0,0.030146,0.328432,0.386498,0.470762,0.591327,0.03481,0.00531,0.03481,0.059157,0.03481,-0.049938,-0.051659,0.506117,0.506117,0.506117,0.506117,9.430947,28.961512,29.335216,38.753391,38.753391,59.610512,69.454671,78.934258,0.737578,0.737578,0.737578,0.737578,17.655977,36.221578,37.912796,46.886198,46.886198,66.84367,81.558733,92.21489,0,0,0,0,0.27,1.06,1.07,1.31,1.31,2.2,2.2,2.2,0,0,0,0,0.27,1.06,1.07,1.31,1.31,2.2,2.2,2.2,0,0,0,0,0.28,0.95,0.97,1.205,1.205,2.055,2.785,3.035,10.46917327,11.60182576,7.440635779,3.356353336,1.082182644,-9.294966977,-5.954489976,-2.629856406,-0.82753206,1.777470251,32.33333333,33,32,33.16666667,35,32,35.88888889,41,32,41.70833333,56,32,88.02430556,249,32,55.00347222,249,18,42.94791667,249,18,33.02361111,249,18,30.68576389,249,18,24.61160714,249,17,22.81448413,249,17,22.09350198,249,17,-9,217,231,231,231,231,232,232,232,1.982434897,1.85961736,0.983330061,1.117959428,2.0232459,6.396095363,5.897702407,3.347353121,0.684621058,-0.719378922
2.131618664,135.4,152,12.2,1,1,0,0,108.2,0,1.020361283,10.48,12.4,0.5,270,21,151.92,8.322122,0.027894,8.350016,8.642801,0.221834,0.761977,9.220321,10.553044,1.769209,9.095933,2.207383,9.401997,2.253299,8.437564,2.435699,7.640231,2.885557,7.465282,2.460731,6.936724,2.45179,6.756188,2.358026,0.928238,0.933953,0.929583,0.917513,0.572594,0.572794,-0.021451,-0.022244,-0.021451,0.036496,-0.021451,-0.101678,0.031626,0,0,0,0,2.63609,23.409028,31.091485,40.883364,40.883364,61.477573,71.207214,81.064232,0,0,0,0.001354,2.636461,32.425212,38.120461,48.785081,48.785081,68.348247,83.195237,94.113774,0,0,0,0,0.04,0.84,1.1,1.35,1.35,2.24,2.24,2.24,0,0,0,0,0.04,0.84,1.1,1.35,1.35,2.24,2.24,2.24,0,0,0,0,0.055,0.885,1.005,1.26,1.26,2.11,2.82,3.09,-5.889992843,-3.224212809,0.873036111,3.220962957,6.804131532,-14.87642377,-17.43431304,-19.00173545,-21.81926873,-18.6101907,24,24,24,24,24,24,24.65277778,26,24,25.77777778,28,24,28.26041667,35,24,58.09201389,249,24,45.52893519,249,18,34.71666667,249,18,31.94270833,249,18,25.21626984,249,17,23.17542989,249,17,22.33196925,249,17,-2,11,225,231,231,231,232,232,232,-8.305392153,-7.841415575,-8.030321338,-7.440933124,-4.556912054,3.642579975,4.399438169,5.629322528,6.655567256,7.043013555
1.424881637,26.6,154,18.5,1,1,0,0,83,0,0.033423755,1.08,13,0.33,180,6.3,114.9,10.579868,0.137181,10.717049,10.214327,0.441933,0.844341,9.825996,9.442612,0.919102,9.003415,2.255498,9.416465,2.193912,9.213618,2.244663,9.086022,2.235603,7.739458,2.510493,7.053477,2.547599,6.993999,2.42916,0.343805,0.193811,0.422597,0.378838,0.308814,0.228711,0.085777,0.008437,0.085777,0.085777,0.085777,-0.063214,-0.076743,0.132638,0.132638,0.253306,0.253306,0.253306,0.253306,2.383279,31.344791,31.718495,61.588675,63.381536,74.690712,0.068247,0.068247,0.092092,0.092092,0.092092,0.092092,1.990976,38.212554,39.903772,68.094292,70.415274,86.93913,0,0,0,0,0,0,0.04,1.1,1.11,2.24,2.24,2.24,0,0,0,0,0,0,0.04,1.1,1.11,2.24,2.24,2.24,0.005,0.005,0.005,0.005,0.005,0.005,0.06,1.01,1.03,2.115,2.235,2.905,7.438211887,6.710298306,4.903933361,3.348916351,-2.371956363,-2.944996421,-4.128203061,-2.522618232,-0.536435969,1.118581192,19,19,19,19,19,19,19,19,19,19,19,19,19.12847222,20,19,20.04513889,23,19,22.37037037,32,19,35.44166667,249,18,32.67303241,249,18,25.68625992,249,17,23.2906746,249,17,22.3061756,249,17,0,1,4,13,231,231,232,232,232,1.278908461,1.562738543,1.769579221,1.927062802,1.433192419,4.956932862,4.530644056,3.806758481,3.501662466,-0.089592107
0.301029996,2,155,33.7,1,1,2,35,101.4,0,0.322219295,2.1,17,0,270,2,214.8,17.5824,2.22586,15.35654,15.862275,2.380472,3.249395,13.281471,11.379409,3.21025,10.699465,2.559793,9.887801,2.840182,9.635096,2.662759,9.546943,2.530744,8.047129,2.840372,7.439584,2.786051,7.237263,2.600438,0.059623,0.058921,0.01964,0.00982,0.093345,0.19372,0.046331,0.001571,0.046331,0.081204,0.046331,-0.086073,0.011689,0,0,0,0,0.030053,0.516152,0.516152,3.152242,31.607636,59.177393,62.26043,74.868591,0,0,0,0,0.464039,0.706275,0.706275,3.342736,38.826736,66.267953,69.594642,87.161214,0,0,0,0,0,0,0,0.04,1.1,2.19,2.24,2.24,0,0,0,0,0,0,0,0.04,1.1,2.19,2.24,2.24,0,0,0,0.01,0.015,0.02,0.02,0.075,1.025,2.055,2.13,2.92,-10.9717084,-11.36355513,-5.482758188,-2.599177193,-1.39656486,-8.696068924,-9.006642814,-11.2591548,-9.586303903,-6.347891931,18.5,19,18,18.75,19,18,18.91666667,19,18,18.95833333,19,18,18.97916667,19,18,18.99305556,20,18,19.39930556,22,18,25.89097222,111,18,32.73321759,249,18,25.86631944,249,17,23.25876323,249,17,22.22470238,249,17,-1,1,2,4,93,231,232,232,232,-5.445862423,-5.905911712,-5.622956546,-3.692191261,-2.687116825,-0.535601533,1.584746144,1.369856456,2.863073947,1.937418624
0,1,157,25.3,1,1,0,2,107,0,0.315970345,2.07,18.3,0.083,180,0.2,228.2,14.177411,0.664529,13.512881,11.399997,1.821835,2.524532,9.311322,10.396154,2.770948,11.187485,3.136016,11.033206,2.912281,10.276126,2.839366,10.210405,2.695686,8.415579,3.122358,7.965528,2.886196,7.535435,2.76897,0,0,0.022418,0.142524,0.077436,0.046873,-0.051968,0.002345,-0.051968,0.075494,-0.051968,-0.061849,0.042175,0,0,0,0,0,0,0.030053,0.516152,0.516152,41.412427,62.256636,72.654854,0,0,0,0,0,0,0.464039,0.706275,0.754434,49.645712,69.547282,84.279895,0,0,0,0,0,0,0,0,0,1.4,2.24,2.24,0,0,0,0,0,0,0,0,0,1.4,2.24,2.24,0,0,0,0,0,0,0.015,0.02,0.02,1.32,2.13,2.885,-7.665542407,-6.771496952,-5.125682141,-2.56284107,-2.354042605,4.715873154,2.96117034,4.155648052,2.077824026,1.952246441,18.5,19,18,18.70833333,19,18,18.90277778,19,18,18.84722222,19,18,18.43055556,19,18,18.51215278,19,18,18.67476852,19,18,19.14861111,22,18,20.31134259,31,18,25.26686508,249,18,23.13839286,249,17,22.1906002,249,17,-1,1,1,1,4,13,231,232,232,-0.26448506,0.180493645,0.983918271,0.972372216,0.75227924,-2.919321303,-2.560161803,-2.691296245,-0.366885226,-0.694587184
2.812110841,648.8,158,19.4,1,1,0,0,113.9,0,1.190331698,15.5,16.2,0.17,180,1.1,118.4,9.945507,0.486787,9.45872,9.351754,0.534488,1.023396,9.369668,11.081048,1.996441,10.68645,2.381779,11.233084,2.91412,10.646833,2.525419,10.302293,2.719614,8.53444,3.1193,8.182751,2.873605,7.656586,2.834428,0.624495,0.353058,0.694835,0.386673,0.210466,0.143951,0.04244,0.000133,0.04244,0.054821,0.04244,-0.068575,-0.048755,0,0,6.56791,18.36959,18.36959,18.36959,18.36959,18.885742,18.885742,59.769106,80.626226,90.470386,0,0,3.116797,4.370619,4.370619,4.370619,4.370619,5.076894,5.076894,53.861975,73.819448,88.534511,0,0,0.42,1.09,1.09,1.09,1.09,1.09,1.09,2.44,3.33,3.33,0,0,0.42,1.09,1.09,1.09,1.09,1.09,1.09,2.44,3.33,3.33,0,0,0.02,0.3,0.3,0.3,0.3,0.32,0.32,1.58,2.43,3.16,4.744380058,0.242872694,0.558465442,-1.192913382,-3.366613204,1.578245185,2.099087357,1.775311738,1.470519744,1.649098762,19.16666667,20,19,19.58333333,20,19,20.04166667,22,19,19.11805556,22,18,18.68055556,22,18,18.53819444,22,18,18.57638889,22,18,18.78055556,22,18,19.16319444,23,18,24.77579365,249,18,23.16517857,249,17,22.18005952,249,17,0,4,4,4,4,5,231,232,232,-0.026743163,1.475975173,2.308167488,1.416328418,0.858655879,-2.243405232,-0.477278463,1.74605187,1.260546975,-0.777282954
1.037426498,10.9,159,17.6,1,1,0,0,102,0,0.383815366,2.42,18.2,0.17,90,1.5,112,13.421123,0.778928,12.642195,10.581556,1.779654,1.75082,10.205144,10.625495,1.394798,10.867168,1.738227,10.665658,2.104892,10.921076,2.487465,10.691553,2.361172,8.959285,3.018197,8.454214,2.845662,7.80669,2.895072,0,0.00306,0.004486,0.004471,0.030682,0.124341,-0.075014,0.004809,-0.075014,0.054119,-0.075014,-0.075014,0.018109,0,0,0,0,0,18.36959,18.36959,18.399643,18.885742,59.769106,80.363315,90.092956,0,0,0,0,0,4.370619,4.370619,4.834658,5.076894,53.861975,73.425141,88.272131,0,0,0,0,0,1.09,1.09,1.09,1.09,2.44,3.33,3.33,0,0,0,0,0,1.09,1.09,1.09,1.09,2.44,3.33,3.33,0,0,0,0,0,0.3,0.3,0.315,0.32,1.58,2.43,3.14,-5.23985906,-4.460552293,-1.510118797,-0.538863629,-3.229233132,-8.517269341,-8.9075171,-3.802180796,-4.195680086,0.172621069,19,19,19,19,19,19,19,19,19,19,19,19,19,19,19,18.84027778,22,18,18.69675926,22,18,18.74583333,22,18,18.80671296,22,18,24.64459325,249,18,23.21577381,249,17,22.18005952,249,17,0,0,4,4,4,4,231,232,232,-2.758733285,-2.515286629,-1.006928196,-1.493380563,0.063129788,0.796095128,0.16994841,0.206510436,1.255438272,-1.20550477
1.348304863,22.3,160,13.4,1,1,0,0,79.4,0,0.749736316,5.62,13.8,0.5,135,1.2,134.3,7.571637,0.041151,7.612788,7.163781,0.37534,0.473299,6.92454,10.115786,3.640082,10.332076,2.738138,10.598207,2.544999,10.873912,2.879503,10.771051,2.721602,9.212974,3.058008,8.633208,2.898966,7.88476,2.980504,0.836596,0.839037,0.85295,0.892932,0.67468,0.353614,-0.025537,0.004423,-0.025537,0.071241,-0.025537,-0.081974,-0.049478,0,0,0,0,0,0,18.36959,18.36959,18.632436,59.769106,80.346111,88.70259,0,0,0,0.017259,0.017259,0.017259,4.387878,4.387878,5.002061,53.879234,73.198913,84.767281,0,0,0,0.01,0.04,0.04,1.13,1.13,1.13,2.48,3.37,3.37,0,0,0,0.01,0.04,0.04,1.13,1.13,1.13,2.48,3.37,3.37,0,0,0,0,0.02,0.02,0.32,0.32,0.335,1.6,2.45,2.95,-4.10343748,-3.07429994,-2.200394344,-2.721732145,-5.893501306,12.33538815,13.09260041,10.74060854,9.152914857,3.141849287,18,18,18,18,18,18,18.01388889,19,18,18.33333333,19,18,18.30555556,19,18,18.65277778,19,18,18.66203704,22,18,18.60694444,22,18,18.67361111,22,18,24.59722222,249,18,23.26835317,249,17,22.15302579,249,17,0,1,1,4,4,4,231,232,232,4.629729674,3.954598179,3.537418215,3.9826286,1.092008976,-4.186150293,-3.96222269,-3.625647785,-3.942376536,-3.063995842
0,1,163,12.8,1,1,0,0,105,32,0.424881637,2.66,14.8,0,180,0.6,226.4,5.933355,0.050719,5.984074,5.782747,0.324151,2.149114,6.793304,8.317644,2.794446,7.436957,2.19861,7.378402,1.91228,8.630438,2.713788,9.036072,2.762398,9.504105,2.72884,8.542025,2.95451,8.008919,2.939085,0,0,0,0.004581,0.266843,0.508475,0.014295,-0.003355,0.014295,0.065441,0.014295,-0.048935,-0.032022,0,0,0,0,0,1.273858,1.273858,1.273858,19.643448,51.251084,77.53355,81.900084,0,0,0,0,0,0.950959,0.950959,0.968218,5.338837,44.165574,70.693117,74.886119,0,0,0,0,0,0.01,0.01,0.05,1.14,2.24,3.3,3.38,0,0,0,0,0,0.01,0.01,0.05,1.14,2.24,3.3,3.38,0,0,0,0,0,0.03,0.03,0.05,0.35,1.375,2.4,2.48,0,1.869495226,0.780989594,0.553189523,-1.666497685,0,-1.659815532,-1.02770985,-0.342917574,2.187199383,18,18,18,18,18,18,18,18,18,18,18,18,18,18,18,18.00173611,19,18,17.98263889,19,17,18.28055556,20,17,18.34027778,22,17,24.5218254,249,17,23.39864418,249,17,21.96924603,249,17,0,0,1,2,3,5,232,232,232,-1.324693283,-1.367405964,-0.280461802,0.03876213,0.075756631,3.622273606,3.330604412,4.226774337,3.230356007,0.502618756
0.924279286,8.4,164,15.5,1,1,0,0,108.1,2,0.387389826,2.44,15.9,0.25,225,1,234,7.993568,0.589793,7.403775,7.726121,0.467056,1.206207,8.513873,11.880692,4.203057,10.103895,3.984818,8.910068,3.678192,8.88354,3.452709,9.157003,3.253857,9.632119,2.957099,8.708587,3.160821,8.286767,3.017416,0,0,0,0,0.00697,0.116921,-0.00159,-0.001904,-0.00159,0.065272,-0.00159,-0.054837,0.000459,0,0,0,0,0,0,1.273858,1.273858,1.273858,42.739329,62.102375,81.900084,0,0,0,0,0,0,0.950959,0.968218,0.968218,34.581478,55.513367,74.886119,0,0,0,0,0,0,0.01,0.05,0.05,1.65,2.62,3.38,0,0,0,0,0,0,0.01,0.05,0.05,1.65,2.62,3.38,0,0,0,0,0,0,0.03,0.05,0.05,0.815,1.68,2.48,-0.083764916,-0.041882458,1.49125622,1.438672069,-0.710407728,-2.998830345,-1.499415173,-1.720092954,-0.976791565,0.8579525,18,18,18,18,18,18,18,18,18,17.93055556,18,17,17.78472222,18,17,17.89236111,18,17,17.92939815,19,17,18.02430556,19,17,18.18981481,20,17,24.30902778,249,17,23.05241402,249,17,21.91815476,249,17,0,1,1,2,2,3,232,232,232,-0.388534015,-0.082821934,-0.84164181,0.058376888,-0.163391967,3.541067022,3.873635449,3.764844342,3.39260402,1.099068009
0,1,165,31.2,1,1,5,16,103.5,0,0.496929648,3.14,19.8,0.33,45,6.6,237.3,13.188093,0.281306,12.906788,13.566035,1.465497,2.835991,10.948249,10.80563,2.696907,11.42203,3.540494,10.753519,3.653072,9.226594,3.456133,9.191277,3.400416,9.879643,2.999322,8.894894,3.211045,8.538707,3.043236,0,0,0.031029,0.095928,0.050445,0.025222,0.045479,0.002241,0.045479,0.049742,0.045479,-0.038834,-0.028472,0,0,0,0.124512,0.124512,0.124512,0.124512,1.398369,1.398369,20.284111,61.167475,82.024596,0,0,0,0.2659,0.319788,0.319788,0.319788,1.270747,1.288006,6.366253,55.149981,75.107454,0,0,0,0,0,0,0,0.01,0.05,1.14,2.49,3.38,0,0,0,0,0,0,0,0.01,0.05,1.14,2.49,3.38,0,0,0,0,0.005,0.005,0.005,0.035,0.055,0.375,1.635,2.485,4.744380058,5.218818064,4.332691056,1.928432125,-0.888953839,1.578245185,1.736069703,2.23421528,1.417279649,1.465105517,18,18,18,18,18,18,18,18,18,18,18,18,17.70486111,18,17,17.73090278,18,17,17.82060185,18,17,17.88194444,19,17,17.93113426,19,17,19.04588294,31,17,22.51752646,249,17,21.90054563,249,17,0,1,1,1,2,2,14,232,232,4.893896195,3.587409463,2.26511313,1.478447617,0.827479614,0.518359184,1.798444442,0.407637806,1.446510983,0.262701451
0.477121255,3,166,16.9,1,2,0,11,105.8,0,0.399673721,2.51,16.3,0.5,45,2.7,238.5,10.872779,0.659575,10.213203,10.413391,0.612767,0.742895,10.498393,11.577765,1.38118,11.252397,2.219298,11.506061,3.035008,9.917997,3.370548,9.467936,3.269973,9.960054,3.000039,9.144872,3.136974,8.722363,3.008117,0.176411,0.394626,0.618156,0.351991,0.175995,0.11322,-0.009071,0.002913,-0.009071,0.05741,-0.009071,-0.046804,0.010575,0,0.023881,1.221246,1.221246,1.221246,1.345758,1.345758,1.454513,2.619616,21.505357,62.388721,82.982931,0,0.061969,1.096407,1.096407,1.096407,1.416195,1.416195,1.751236,2.367154,7.461307,56.246388,75.809554,0,0,0.01,0.01,0.01,0.01,0.01,0.02,0.02,1.15,2.5,3.39,0,0,0.01,0.01,0.01,0.01,0.01,0.02,0.02,1.15,2.5,3.39,0,0,0.02,0.02,0.02,0.025,0.025,0.055,0.055,0.395,1.655,2.505,-2.378121045,-3.091557359,-1.399917985,-0.838708118,0.659132464,4.398242864,5.717715724,3.759493782,2.821843385,2.326451699,18,18,18,18,18,18,18,18,18,18,18,18,17.80902778,18,17,17.74305556,18,17,17.75694444,18,17,17.85486111,19,17,17.86979167,19,17,18.52083333,23,17,22.40691138,249,17,21.8937252,249,17,0,1,1,1,2,2,6,232,232,3.675886331,2.787467348,2.395913314,2.431113907,3.026431813,-1.768469796,-1.607536399,0.234628857,1.186056353,1.072927876
2.065206128,116.2,171,16.6,1,1,0,0,119.2,0,0.437750563,2.74,16.9,0.25,45,0.9,112.7,10.351762,0.177117,10.174646,9.233156,1.005035,1.111878,8.480892,8.753551,1.122381,9.141098,1.131877,9.362563,1.204235,9.644853,1.144541,9.935605,1.318876,9.769191,2.572281,9.806566,2.615892,9.075356,2.930349,0.313083,0.59332,0.859635,0.923843,0.961921,0.889144,0.022566,0.007628,0.022566,0.051496,0.022566,-0.028999,0.02893,0,0,0,0,0.25,17.484101,20.425912,29.331088,30.552334,50.320294,57.287333,91.736515,0,0,0,0,0.494954,12.937357,17.642551,26.210883,27.30729,32.965915,40.721515,82.67488,0,0,0,0,0.04,1.57,1.64,2.11,2.12,3.26,3.33,4.66,0,0,0,0,0.04,1.57,1.64,2.11,2.12,3.26,3.33,4.66,0,0,0,0,0.04,0.68,0.83,1.25,1.275,1.63,1.725,2.95,-9.297764859,-8.013973837,-6.803987637,-5.211845536,-5.145887023,3.681245527,4.82829072,3.94282147,3.454485015,4.125954758,23.41666667,24,23,23.70833333,24,23,25.01388889,28,23,27.04861111,31,23,33.18402778,54,23,30.60763889,69,19,26.61342593,69,18,23.57847222,69,18,22.61689815,69,17,20.07514881,69,17,23.23759921,249,17,22.69704861,249,17,-5,31,50,51,51,52,52,232,232,1.500739267,1.041618844,1.171378374,1.384182159,0.815650188,-3.236608248,-3.331167874,-3.052451335,-1.917101266,-3.401136043
1.994756945,98.8,172,13.1,1,1,0,0,99.1,0,0.727541257,5.34,15.2,0.5,45,7.4,158,13.027156,1.899104,11.128052,10.532303,1.291925,1.493207,9.372575,9.747128,1.205226,9.254712,1.269138,9.333442,1.181379,9.562602,1.159859,9.659332,1.153796,9.672222,2.509731,9.883953,2.559059,9.125741,2.884916,0.516051,0.706111,0.785334,0.767414,0.749325,0.84522,0.048519,0.007597,0.048519,0.057542,0.048519,-0.035758,-0.034064,0.139777,0.784364,3.272927,3.272927,3.272927,3.397927,20.641597,23.698838,32.604015,35.223631,55.121143,94.992736,0.363767,0.962841,5.845956,5.845956,5.845956,6.002633,18.780836,23.488507,32.056839,34.441252,39.85794,88.303227,0,0.03,0.15,0.15,0.15,0.18,1.72,1.79,2.26,2.32,3.41,4.76,0,0.03,0.15,0.15,0.15,0.18,1.72,1.79,2.26,2.32,3.41,4.76,0.02,0.05,0.3,0.3,0.3,0.3,0.98,1.14,1.55,1.63,1.96,3.21,-11.92417708,-9.701078991,-6.454798538,-5.833602564,-6.243753009,7.335802684,6.987532405,7.677995325,6.072549147,6.432110888,23.91666667,24,23,23.5,24,22,22.51388889,24,22,22.625,24,22,23.18402778,25,22,27.82118056,50,22,28.16550926,69,19,24.42291667,69,18,23.53298611,69,18,20.40352183,69,17,20.31812169,69,17,22.57824901,249,17,2,3,28,50,51,51,52,52,232,4.285686293,5.60245754,4.64151924,4.064458898,2.825993012,-6.30048676,-5.858217802,-4.989158643,-3.376115124,-3.967906374
2.663795122,461.1,173,15,1,1,0,0,118.1,30,1.093421685,12.4,14.1,0.08,0,0,87.2,7.5609,0.144626,7.705526,8.408789,0.508999,0.779472,9.084809,9.720758,1.083229,9.699362,1.045984,9.385747,1.162536,9.494868,1.153921,9.581913,1.119312,9.611496,2.486681,9.860871,2.537189,9.274281,2.782772,0.940116,0.941569,0.967273,0.982742,0.91935,0.821869,0.06102,0.021426,0.06102,0.06102,0.06102,-0.015947,-0.030999,1.608809,2.727563,3.25051,3.649804,20.61121,23.099773,23.349773,43.525685,43.525685,55.050477,73.936218,114.819582,2.468558,4.421789,5.197221,7.544206,16.262257,21.145373,21.640326,38.787924,38.787924,49.740669,54.817563,103.602644,0.1,0.18,0.22,0.23,0.82,0.95,1.02,2.59,2.59,3.12,4.21,5.56,0.1,0.18,0.22,0.23,0.82,0.95,1.02,2.59,2.59,3.12,4.21,5.56,0.15,0.25,0.41,0.415,0.63,0.88,0.96,1.71,1.72,2.21,2.53,3.79,-10.46917327,-10.84307231,-5.7770276,-5.616229257,-7.498462302,9.294966977,9.626930083,8.243188255,8.557577391,8.855550621,41.16666667,43,39,40.04166667,43,38,39.19444444,43,38,41.73611111,46,38,36.60069444,47,23,29.88194444,47,22,31.53819444,61,22,27.87708333,69,18,26.39641204,69,18,21.63665675,69,17,20.79844577,69,17,23.14161706,249,17,2,24,25,39,51,51,52,52,232,3.015922278,3.287725698,4.111952468,4.371511751,4.494414112,-6.17970971,-6.194913256,-5.596766394,-5.509414316,-5.694031434
1.958563883,90.9,174,12.1,1,1,0,0,115,33,0.1430148,1.39,13.5,0.08,0,0,96.1,7.453439,0.047277,7.406162,7.305413,0.144753,0.154789,7.23011,7.668113,0.798146,8.726708,1.390804,9.056121,1.356842,9.09726,1.279374,9.208679,1.291298,9.436694,2.345967,9.818798,2.48723,9.319565,2.73443,0.881364,0.911253,0.935929,0.950254,0.967712,0.942603,0.019763,0.014506,0.019763,0.068356,0.019763,-0.027571,0.041257,0,0.938711,3.288832,3.288832,8.097921,28.230695,29.588885,47.31631,50.014796,61.539589,80.42533,121.308694,0.363879,2.8018,3.19153,3.19153,8.835397,24.413631,27.512211,40.770412,45.154763,56.090248,61.184401,109.969483,0.01,0.04,0.1,0.13,0.39,1.16,1.2,2.79,2.84,3.33,4.46,5.81,0.01,0.04,0.1,0.13,0.39,1.16,1.2,2.79,2.84,3.33,4.46,5.81,0,0,0.06,0.06,0.25,0.75,0.98,1.67,1.81,2.29,2.63,3.89,-6.832625583,-6.832625583,-7.039674843,-6.524068988,-7.372685345,8.620628031,8.620628031,8.881859183,7.998359688,8.428388347,34.25,35,34,34.16666667,35,34,35.34722222,38,34,38.88194444,49,34,53.22222222,105,34,44.34027778,105,22,37.32291667,105,22,34.52847222,105,19,31.87789352,105,18,24.03050595,105,17,22.27281746,105,17,24.31473214,249,17,-3,71,83,83,86,87,88,88,232,1.34596942,1.406277033,1.972549755,1.953697645,3.253633368,-5.354776711,-4.722512144,-4.749842212,-4.649260734,-4.637371676
0.716003344,5.2,178,20.5,1,2,0,2,105.9,0,0.217483944,1.65,17.8,0,90,0.5,212.7,13.236752,0.153175,13.083578,12.273311,0.703404,0.851354,12.017987,12.855833,1.257013,13.585796,2.751568,13.11203,2.540406,11.428265,3.020969,11.14368,2.864563,10.520262,2.308276,10.161005,2.683378,10.084463,2.690681,0.493119,0.257355,0.085785,0.142985,0.201033,0.254093,0.030966,0.002026,0.030966,0.031493,0.030966,-0.048023,-0.033699,0,0,0,0,0,0,0,6.613132,27.224342,60.389751,80.033198,92.110271,0,0,0,0.006571,0.006571,0.006571,0.006571,6.914781,23.177038,55.687232,61.026069,81.287204,0,0,0,0,0,0,0,0.29,1.13,3.4,4.54,4.78,0,0,0,0,0,0,0,0.29,1.13,3.4,4.54,4.78,0,0,0,0,0,0,0,0.255,0.885,2.415,2.765,3.12,0.195451471,3.065542734,3.099763354,3.61419616,3.777288491,6.997270805,3.936884488,1.542671724,0.140779296,-1.625131291,17,17,17,17,17,17,17,17,17,17,17,17,17.04861111,18,17,17.72916667,19,17,19.30787037,27,17,29.13055556,105,17,30.43460648,105,17,25.640625,105,17,23.17476852,105,17,24.90897817,249,17,0,1,2,10,88,88,88,88,232,2.096726666,2.0084398,1.80164437,1.693766594,1.18632957,3.440336679,3.29602606,3.227821017,3.179534151,3.009899551
0,1,179,23.8,1,2,0,1,115.9,0,-0.065501549,0.86,12.5,0,270,0.9,215.3,14.273637,0.042198,14.315836,11.732292,1.871387,1.547057,10.950292,11.721643,1.531677,12.288738,1.511507,12.964412,2.569371,12.237912,2.45154,11.477161,2.829872,10.57702,2.243109,10.189156,2.681726,10.220851,2.663685,0.265032,0.311709,0.454517,0.62603,0.670897,0.435965,0.015381,0.000031,0.015381,0.032209,0.015381,-0.02419,-0.017674,0,0,0,0.361462,1.129486,1.129486,1.129486,1.253506,7.742618,61.394725,62.793094,83.808809,0,0,0,0.002558,1.635243,1.641813,1.641813,2.183185,8.550024,57.002687,58.290692,65.26647,0,0,0,0.02,0.09,0.09,0.09,0.16,0.4,3.49,3.54,4.67,0,0,0,0.02,0.09,0.09,0.09,0.16,0.4,3.49,3.54,4.67,0,0,0,0.01,0.175,0.175,0.175,0.33,0.43,2.585,2.64,3.015,-6.508435401,-6.973323644,-5.10815186,-4.643755442,-2.940964922,2.576871869,2.760934145,-1.247978963,-4.813203769,-6.577257566,17,17,17,17,17,17,17,17,17,17,17,17,17,17,17,17.02951389,18,17,17.49421296,20,17,22.02708333,43,17,27.15509259,105,17,25.59300595,105,17,23.09573413,105,17,22.38777282,105,17,0,0,1,3,26,88,88,88,88,-4.345737883,-4.596779228,-4.962980275,-5.409781704,-4.16065136,-2.079687662,-1.910572812,-0.502589781,0.387068536,1.458483534
0,1,180,24.3,2,2,0,4,98.9,0,-0.124938737,0.75,17.7,0,90,0.5,224.2,14.031559,0.259268,13.772291,11.029106,2.59699,2.057185,10.24122,13.101986,3.588031,12.429893,2.855858,12.562577,2.443988,12.844775,2.693411,12.429426,2.675504,10.698031,2.497312,10.313452,2.851244,10.33257,2.783667,0,0,0.22776,0.225127,0.219833,0.44773,-0.017859,0.003284,-0.017859,0.051339,-0.017859,-0.042385,0.033589,0,0,0,0,0,1.129486,1.129486,1.129486,1.253506,60.173479,62.793094,81.678836,0,0,0,0,0,1.543888,1.641813,1.641813,2.183185,55.906279,58.290692,63.367586,0,0,0,0,0,0.09,0.09,0.09,0.15,3.48,3.54,4.63,0,0,0,0,0,0.09,0.09,0.09,0.15,3.48,3.54,4.63,0,0,0,0,0,0.175,0.175,0.175,0.31,2.56,2.64,2.96,6.997270805,3.498635403,1.166211801,0.5831059,-1.689985872,-0.195451471,-0.097725736,-0.032575245,-0.016287623,1.32609794,17,17,17,17,17,17,17,17,17,17,17,17,16.97569444,17,16,16.98784722,17,16,17.00347222,18,16,18.35208333,26,16,21.11226852,43,16,25.53174603,105,16,22.99702381,105,16,22.02380952,105,16,0,1,1,2,10,27,89,89,89,0.7869177,0.888757009,0.56057314,0.582838509,0.525243587,-1.398900468,-1.216479808,0.840861266,1.84782757,0.067767866
1.613841822,41.1,181,28.6,1,2,5,6,104.5,0,0.167317335,1.47,20.3,0,0,0,232.6,12.442428,0.076918,12.365509,11.870026,0.619747,1.147998,10.972398,12.208749,1.874837,12.649185,2.892505,12.37193,2.583813,12.818056,2.672984,12.744638,2.589523,10.857797,2.565377,10.438713,2.801475,10.469009,2.753349,0.435715,0.433494,0.465285,0.250888,0.127598,0.164503,0.001748,0.005864,0.001748,0.037439,0.001748,-0.018099,0.002887,0,0,0,0,0,0,1.129486,1.129486,1.129486,51.268302,62.793094,81.678836,0,0,0,0,0,0,1.543888,1.641813,1.641813,47.337948,58.273433,63.367586,0,0,0,0,0,0,0.09,0.09,0.09,3.01,3.5,4.63,0,0,0,0,0,0,0.09,0.09,0.09,3.01,3.5,4.63,0,0,0,0,0,0,0.17,0.175,0.175,2.15,2.62,2.96,8.996491035,8.949971016,5.130513337,2.79770079,-1.506380175,-0.251294749,0.531726254,0.175170949,-0.004445664,0.792440685,17,17,17,17,17,17,17,17,17,16.97916667,17,16,16.6875,17,16,16.83159722,17,16,16.88773148,17,16,17.19652778,19,16,17.99131944,26,16,25.35565476,105,16,22.91881614,105,16,21.86780754,105,16,0,1,1,1,3,10,89,89,89,3.703320246,3.988258692,3.069099853,2.662963736,1.520774287,1.915976914,1.915253559,2.868000629,2.0019445,-0.627638502
1.526339277,33.6,185,30.3,1,2,0,2,109.3,0,0.08278537,1.21,21.5,0.33,225,1.6,234.8,15.435654,0.420226,15.015428,13.594322,1.096169,0.868875,13.657602,16.638977,3.368271,15.350885,3.336897,14.818844,2.982168,14.089511,2.67402,13.930117,2.871363,12.274456,3.084861,11.551715,2.888998,11.024409,3.104289,0.021868,0.015721,0.04966,0.02483,0.012415,0.009368,0.021283,0.000303,0.021283,0.036788,0.021283,-0.026489,-0.018344,0,0,0,0,0,0,7.606444,7.606444,7.606444,38.448834,69.12568,88.769128,0,0,0,0,0,0,8.084158,8.084158,8.084158,37.779554,65.406632,70.745469,0,0,0,0,0,0,0.54,0.54,0.54,1.91,4.03,5.17,0,0,0,0,0,0,0.54,0.54,0.54,1.91,4.03,5.17,0,0,0,0,0,0,0.44,0.44,0.44,1.75,3.03,3.38,1.460830286,1.993011291,2.347340808,1.8716248,0.284318301,-9.89272333,-8.741865711,-6.939343812,-5.338579163,-3.658902561,17,17,17,17,17,17,17,17,17,16.93055556,17,16,16.60763889,17,16,16.74479167,17,16,16.90625,21,16,16.82013889,21,16,16.84606481,21,16,23.13764881,105,16,22.71709656,105,16,21.59908234,105,16,0,1,1,5,5,5,89,89,89,-1.884161546,-1.163099309,-1.049215402,-0.875756465,-0.642699836,2.383268042,2.976542631,3.310650869,3.381630762,1.54680838
0.929418926,8.5,186,28.4,2,2,0,6,99.3,10,0.049218023,1.12,17,0.17,180,0.2,238.7,15.145181,0.558919,14.586262,13.836839,0.741655,1.60053,14.352866,15.843615,1.979409,16.241296,2.791022,15.515128,2.963651,14.783002,2.589268,14.381861,2.653113,12.71486,3.155665,11.785838,2.994745,11.192736,3.23017,0,0.010866,0.062669,0.157083,0.082182,0.047299,0.004168,-0.001078,0.004168,0.030152,0.004168,-0.034269,-0.005672,0,0,0,2.112024,2.112024,2.112024,2.112024,9.718468,9.718468,38.072296,71.113193,72.511563,0,0,0,1.963062,1.963062,1.963062,1.963062,10.04722,10.04722,34.859501,67.049907,68.337913,0,0,0,0.08,0.08,0.08,0.08,0.62,0.62,1.84,4.11,4.16,0,0,0,0.08,0.08,0.08,0.08,0.62,0.62,1.84,4.11,4.16,0,0,0,0.01,0.01,0.01,0.01,0.45,0.45,1.51,3.035,3.09,5.234586633,4.116708489,1.429704738,1.021981557,2.571113403,-4.647483489,-2.365624202,-0.291855018,-1.988086562,-5.119572411,17,17,17,17,17,17,17,17,17,16.92361111,17,16,16.54513889,17,16,16.57638889,17,16,16.67824074,17,16,16.79166667,21,16,16.77430556,21,16,22.66071429,105,16,22.66269841,105,16,21.52207341,105,16,0,1,1,1,5,5,89,89,89,0.153158336,-0.028580962,-0.834984301,-0.859625555,-1.528808227,3.463364904,3.170644115,3.067647032,3.725381592,4.003400069
0,1,187,27.7,1,2,0,2,98.6,0,-0.180456064,0.66,18.2,0,0,0,193.7,17.505209,2.217084,15.288125,12.798458,2.184584,1.750557,13.271103,16.566232,4.233531,16.204923,3.324299,16.349608,3.345284,15.373276,3.196478,15.080207,3.002617,13.203822,3.366704,12.023384,3.280371,11.407659,3.461985,0,0,0,0.047953,0.107719,0.094951,-0.021083,-0.002459,-0.021083,0.038213,-0.021083,-0.026926,0.006739,0,0,0,0,0,2.112024,2.112024,9.718468,9.718468,17.461086,69.891947,72.511563,0,0,0,0,0,1.963062,1.963062,10.04722,10.04722,18.597244,65.9535,68.337913,0,0,0,0,0,0.08,0.08,0.62,0.62,1.02,4.1,4.16,0,0,0,0,0,0.08,0.08,0.62,0.62,1.02,4.1,4.16,0,0,0,0,0,0.01,0.01,0.45,0.45,0.88,3.015,3.09,0,0,0.049773482,-0.890531912,-1.919749366,0,0,-1.327644596,-1.850244083,-3.439118934,16.5,17,16,16.58333333,17,16,16.83333333,17,16,16.71527778,17,16,16.45486111,17,16,16.5,17,16,16.53587963,17,16,16.74375,21,16,16.73553241,21,16,21.21478175,105,16,22.59854497,105,16,21.43167163,105,16,0,1,1,1,5,5,89,89,89,-1.309335956,-0.849386478,-0.719086118,-1.599983081,-1.987904223,-0.642821925,1.191028221,2.46991407,2.20306729,1.80607113
1.08278537,12.1,188,23.3,1,1,0,0,106.1,0,0.025305865,1.06,20.3,0.17,0,0,189.9,14.069468,0.137755,13.931714,13.37168,0.441931,0.498643,13.377555,15.854513,3.163932,16.250735,3.76426,16.119874,3.284582,15.824829,3.324317,15.478201,3.203065,13.818563,3.151783,12.309607,3.422277,11.628497,3.537231,0.410932,0.409077,0.425999,0.229322,0.125413,0.115358,-0.004868,-0.000451,-0.004868,0.027334,-0.004868,-0.026146,-0.004698,0.00486,1.299001,3.667514,3.667514,3.667514,3.667514,5.779539,5.779539,13.385982,14.639488,64.654284,76.179077,0.054375,0.342281,0.869813,0.869813,0.869813,0.869813,2.832875,2.832875,10.917033,13.100218,58.25498,69.190466,0,0.01,0.05,0.05,0.05,0.05,0.13,0.13,0.67,0.82,3.68,4.17,0,0.01,0.05,0.05,0.05,0.05,0.13,0.13,0.67,0.82,3.68,4.17,0,0,0,0,0,0,0.01,0.01,0.45,0.76,2.6,3.07,4.897876248,3.380659794,0.798335457,0.753393213,-0.437665506,-1.005389606,-1.678234989,-3.712617017,-3.372626957,-1.380157661,17,17,17,17,17,17,16.93055556,17,16,16.63194444,17,16,16.31597222,17,16,16.37326389,17,16,16.43055556,17,16,16.55625,17,16,16.66840278,21,16,18.55753968,43,16,22.46511243,105,16,21.35863095,105,16,0,1,1,1,1,5,27,89,89,-0.883319502,-0.883781959,-1.48599378,-1.116314193,-0.319153976,4.498382387,3.767982644,3.176383905,3.173180771,1.410589638
1.550228353,35.5,192,29.1,2,2,1,4,100.1,0,0.093421685,1.24,25.7,0,0,0,242.5,16.506098,0.456035,16.050064,14.968914,0.859454,0.719672,14.911436,17.91691,3.752877,16.618716,3.013803,16.174761,2.926045,16.023915,2.868458,16.127755,3.148507,14.857727,3.172396,13.556979,3.548311,12.689345,3.521405,0,0.051776,0.07277,0.303541,0.255226,0.305551,0.010744,0.000734,0.010744,0.028876,0.010744,-0.026002,-0.002582,0,0,0,3.62845,3.63331,3.63331,3.662927,12.241353,12.241353,23.089307,52.802212,83.479058,0,0,0,14.586899,14.627069,14.627069,14.78952,18.233073,18.233073,29.824181,57.97569,85.602768,0,0,0,0.03,0.03,0.03,0.03,0.24,0.24,0.95,2.23,4.35,0,0,0,0.03,0.03,0.03,0.03,0.24,0.24,0.95,2.23,4.35,0,0,0,1.115,1.115,1.115,1.13,1.24,1.24,1.865,3,4.28,-1.005389606,0.28642779,0.226954555,0.042409965,-1.227867645,-4.897876248,-4.821128153,-5.349673455,-3.563525163,-2.043357519,17,17,17,17,17,17,17.31944444,18,17,18.15277778,22,16,17.15972222,22,16,16.91840278,22,16,16.85532407,22,16,16.71805556,22,16,16.67303241,22,16,16.76140873,22,16,20.96875,105,16,21.20064484,105,16,-1,6,6,6,6,6,6,89,89,-2.592917269,-2.957136338,-2.680828501,-1.8284337,-1.211979633,1.873545922,2.071242488,2.596899082,2.906418841,1.602912348
1.495544338,31.3,193,24.2,2,1,0,2,85.2,51,-0.193820026,0.64,20,0,0,0,243.7,17.021835,0.342424,16.679411,14.809761,1.719152,1.350036,14.598757,17.923314,3.89583,17.920112,3.825023,17.053582,3.390092,16.437675,3.131463,16.340481,3.144418,15.298121,3.279954,13.951842,3.644669,12.936911,3.669372,0.442229,0.386867,0.244918,0.163155,0.099876,0.177551,-0.03155,-0.002521,-0.03155,0.023789,-0.03155,-0.03155,0.00338,0,0,0,0,0,3.63331,3.63331,8.573839,12.241353,21.959821,49.669062,83.354546,0,0,0,0,0,14.627069,14.627069,17.363261,18.233073,28.280294,52.493501,85.28298,0,0,0,0,0,0.03,0.03,0.19,0.24,0.86,2.08,4.35,0,0,0,0,0,0.03,0.03,0.19,0.24,0.86,2.08,4.35,0,0,0,0,0,1.115,1.115,1.24,1.24,1.69,2.72,4.275,0,-2.789329458,-2.878046407,-2.526792282,-3.47358388,0,1.104373658,-2.096935421,-2.52699206,-4.399173226,17,17,17,17,17,17,17,17,17,17,17,17,16.76736111,17,16,16.96354167,22,16,16.86805556,22,16,16.81180556,22,16,16.72743056,22,16,16.74479167,22,16,20.66286376,105,16,21.16790675,105,16,0,1,6,6,6,6,6,89,89,-1.909952577,-2.458451757,-2.77299166,-3.549335455,-3.777924941,-2.409955649,-1.976758021,-0.154537508,0.133696236,0.233526547
1.445604203,27.9,194,18.2,3,2,0,0,105.1,50,0.496929648,3.14,19.2,0.42,0,3.9,245.1,14.162427,0.044576,14.117851,13.638921,0.609733,1.303762,14.515382,16.411682,2.163546,17.156754,3.241763,17.427516,3.437898,16.586078,3.100101,16.412841,2.99799,15.525628,3.140243,14.254996,3.580495,13.106873,3.725941,0.726869,0.730007,0.629525,0.563489,0.587692,0.334571,0.003232,0.001421,0.003232,0.024483,0.003232,-0.03155,-0.034782,0,0,0,0,0,0,3.63331,3.662927,8.578699,21.959821,29.702439,82.1333,0,0,0,0,0,0,14.627069,14.78952,17.417636,28.280294,36.830317,84.186573,0,0,0,0,0,0,0.03,0.03,0.19,0.86,1.25,4.34,0,0,0,0,0,0,0.03,0.03,0.19,0.86,1.25,4.34,0,0,0,0,0,0,1.115,1.13,1.24,1.69,2.12,4.255,-9.795752496,-7.382467369,-3.716455136,-3.472783019,-3.471223388,2.010779211,4.140163435,6.713328786,5.753811018,4.81826032,16.91666667,17,16,16.95833333,17,16,16.98611111,17,16,16.95138889,17,16,16.57291667,17,16,16.67013889,17,16,16.83333333,22,16,16.78125,22,16,16.77199074,22,16,16.71602183,22,16,19.70667989,105,16,21.12462798,105,16,0,1,1,6,6,6,6,89,89,1.66379495,2.257062485,3.019396709,2.650991686,1.307484523,-4.346310333,-3.237461373,-4.026950318,-4.079164574,-3.351108423
2.463743721,290.9,195,17.5,2,2,0,0,105.5,0,0.198657087,1.58,20.8,0.17,0,0,239.1,14.612245,0.880227,15.492472,14.733468,0.861001,1.417949,13.527119,13.444756,1.644804,14.524381,2.089132,15.369469,2.767376,16.159987,3.220182,15.914229,3.101088,15.628601,3.047225,14.600281,3.231097,13.263161,3.685859,0.470848,0.439182,0.377125,0.313473,0.177472,0.358853,-0.002347,0.000701,-0.002347,0.037567,-0.002347,-0.020415,-0.011656,0.266705,0.409929,0.667567,2.260466,2.260466,2.260466,2.260466,5.893776,5.923393,24.220287,25.350272,75.48859,0.350686,0.529437,0.924107,2.531528,2.531528,2.531528,2.531528,17.158597,17.321048,30.811821,32.766874,78.149769,0.13,0.13,0.13,0.18,0.18,0.18,0.18,0.21,0.21,1.04,1.15,4.05,0.13,0.13,0.13,0.18,0.18,0.18,0.18,0.21,0.21,1.04,1.15,4.05,0.01,0.02,0.025,0.08,0.08,0.08,0.08,1.195,1.21,1.77,2.015,3.92,-2.378121045,-1.189060523,1.373031349,0.441621862,-0.615049078,4.398242864,2.199121432,0.381445398,0.240992179,1.681599141,16.33333333,17,16,16.33333333,17,16,16.72222222,17,16,16.81944444,17,16,16.46527778,17,16,16.49305556,17,16,16.53935185,17,16,16.69236111,22,16,16.69965278,22,16,16.69196429,22,16,17.69874339,41,16,21.00880456,105,16,0,1,1,1,6,6,6,25,89,2.499215623,2.827010946,1.377372136,0.751122117,1.18195535,-1.479311755,-0.461365407,1.955772081,2.421395279,1.092064818
3.238773502,1732.9,196,25.5,2,2,0,1,105.8,0,0.056904851,1.14,22.5,0.5,180,1.2,236.85,17.304878,0.203378,17.101501,16.607289,0.597994,0.757502,16.004292,15.082729,1.112931,14.330045,1.708574,14.617421,1.683055,15.74183,2.876245,15.999837,3.004755,15.707351,3.025922,14.79841,3.134729,13.466623,3.653205,0.564158,0.608696,0.648162,0.681706,0.75696,0.503288,-0.001938,0.001488,-0.001938,0.028319,-0.001938,-0.033476,-0.011142,0,0,0.239903,0.463385,0.479214,4.093599,4.093599,7.722049,7.726909,26.05342,27.182906,77.321722,0,0,0.488095,1.027608,1.027608,3.726668,3.726668,18.353738,18.353738,32.006962,33.648775,79.34491,0,0,0,0.02,0.02,0.22,0.22,0.25,0.25,1.08,1.17,4.09,0,0,0,0.02,0.02,0.22,0.22,0.25,0.25,1.08,1.17,4.09,0,0,0,0.025,0.025,0.11,0.11,1.225,1.225,1.8,1.975,3.94,5.877451498,6.303817156,8.24294559,5.631020268,2.450205617,-1.206467527,-3.59090172,-3.83810478,-2.384225727,-0.490651731,17,17,17,17,17,17,17,17,17,17,17,17,17,17,17,16.79340278,17,16,16.7025463,17,16,16.80555556,22,16,16.76388889,22,16,16.72371032,22,16,16.96759259,23,16,20.93625992,105,16,0,0,1,1,6,6,6,7,89,1.240479245,1.4596231,1.762881122,1.712556215,1.704279323,4.462323863,4.401476939,4.173689682,3.833014138,2.562175991
1.571708832,37.3,197,27.7,2,2,0,0,106.1,1,0.049218023,1.12,24.8,0.33,0,0,234.6,24.736963,0.491108,24.245855,24.104425,0.89303,3.364431,21.05725,18.447968,3.564175,16.83652,3.102491,15.724762,3.159493,15.747637,2.761278,16.126923,3.042424,16.026731,3.14722,15.02229,3.219686,13.79509,3.741797,0.056962,0.155246,0.117397,0.301399,0.299216,0.520431,0.004842,-0.00037,0.004842,0.031423,0.004842,-0.030619,0.007889,0,0,0,0,0,0.479214,4.093599,4.093599,7.722049,18.446976,27.182906,74.260187,0,0,0,0,0,1.027608,3.726668,3.726668,18.353738,23.922804,33.648775,74.180491,0,0,0,0,0,0.02,0.22,0.22,0.25,0.54,1.17,4,0,0,0,0,0,0.02,0.22,0.22,0.25,0.54,1.17,4,0,0,0,0,0,0.025,0.11,0.11,1.225,1.36,1.975,3.775,-6.924906331,-3.462453165,-0.012880098,1.20979746,2.505216507,-1.0225812,-0.5112906,1.653223045,-1.099931303,-1.781094474,16,16,16,16,16,16,16.01388889,17,16,16.47222222,17,16,16.72222222,17,16,16.85243056,17,16,16.77546296,17,16,16.69583333,17,16,16.79456019,22,16,16.67534722,22,16,16.79232804,22,16,20.85714286,105,16,0,1,1,1,1,6,6,6,89,0.490974155,1.924309133,0.868405126,0.214311002,0.24019193,1.648732283,0.015574628,0.067825896,0.681003465,2.147103267
3.019614716,1046.2,198,27.3,2,1,0,0,104.5,1,0.204119983,1.6,26.4,0.5,23,4.3,245.1,24.417952,0.948391,23.469561,22.296838,1.381567,2.374004,20.302596,20.091558,3.026655,18.642394,3.030937,17.439661,3.065028,16.273549,3.069553,16.404565,3.098033,16.297795,3.143018,15.289417,3.285606,14.088909,3.785861,0.249396,0.185856,0.227751,0.263397,0.224005,0.299193,-0.004647,-0.000038,-0.004647,0.022764,-0.004647,-0.014292,-0.003377,0,0,0,0,0,0,1.833132,4.093599,4.093599,18.446976,27.182906,56.89581,0,0,0,0,0,0,1.195141,3.726668,3.726668,23.922804,33.648775,61.702358,0,0,0,0,0,0,0.02,0.22,0.22,0.54,1.17,2.45,0,0,0,0,0,0,0.02,0.22,0.22,0.54,1.17,2.45,0,0,0,0,0,0,0.03,0.11,0.11,1.36,1.975,3.11,-5.578658915,-6.973323644,-0.900022221,2.689701522,1.725048541,2.208747316,2.760934145,-0.036156372,-2.931862787,-1.633871042,16,16,16,16,16,16,16.41666667,17,16,16.70833333,17,16,16.52777778,17,16,16.68923611,17,16,16.79282407,17,16,16.675,17,16,16.66782407,17,16,16.66468254,22,16,16.74454365,22,16,20.25421627,105,16,-1,1,1,1,1,1,6,6,89,1.069836151,1.40312735,1.149174257,0.523793092,0.429384539,-1.611607,-1.567584962,1.762196384,2.744943901,1.926890469
2.14332713,139.1,199,28,2,2,0,0,100.3,50,0.056904851,1.14,24.6,0.25,0,0,243.1,22.011244,0.235198,21.776046,19.811613,1.971342,2.069444,18.334456,19.661602,2.468811,19.771681,2.67872,18.591588,2.793275,16.822759,3.210678,16.718104,3.075001,16.492485,3.14979,15.542706,3.333161,14.400868,3.758483,0.240923,0.326483,0.231122,0.212391,0.214341,0.215982,-0.005955,0.000179,-0.005955,0.027263,-0.005955,-0.025706,-0.000512,0,0,0,0,0.439307,0.439307,0.709825,4.532906,4.532906,18.886283,27.622213,57.335118,0,0,0,0,2.794609,2.794609,3.759326,6.521277,6.521277,26.717413,36.345458,64.496967,0,0,0,0,0,0,0.01,0.22,0.22,0.54,1.17,2.45,0,0,0,0,0,0,0.01,0.22,0.22,0.54,1.17,2.45,0,0,0,0,0,0,0.01,0.11,0.11,1.36,1.97,3.11,0,-2.372190029,-1.230554296,0.099271162,0.777584767,0,-0.789122592,-0.500852969,-0.058478918,-0.519051227,16.83333333,17,16,16.91666667,17,16,16.97222222,17,16,16.98611111,17,16,16.64236111,17,16,16.59895833,17,16,16.72222222,17,16,16.68888889,17,16,16.66724537,17,16,16.66765873,22,16,16.73445767,22,16,19.88926091,105,16,0,1,1,1,1,1,6,6,89,-0.627015065,1.071093783,0.190993041,0.329428481,0.212722882,-1.813050416,-2.341008016,0.462617784,1.725224697,1.447594807
1.532754379,34.1,200,25.4,2,2,0,0,102.2,6,-0.031517051,0.93,24.8,0,0,0,221.1,21.835228,0.251526,21.583702,18.906873,1.983871,1.488347,18.528884,20.206494,2.583673,19.909688,2.527076,19.854215,2.658175,18.108403,3.053271,17.33601,3.345422,16.786464,3.301095,15.928302,3.381812,14.761048,3.81181,0,0,0.335099,0.285577,0.180221,0.196578,-0.007809,-0.000119,-0.007809,0.021517,-0.007809,-0.02296,0.001853,0,0,0,0,0,0.439307,0.439307,2.682369,4.532906,16.774259,26.492727,54.201968,0,0,0,0,1.809611,4.604219,4.604219,6.328797,8.330887,26.563961,36.611181,60.824389,0,0,0,0,0,0,0,0.17,0.22,0.46,1.08,2.3,0,0,0,0,0,0,0,0.17,0.22,0.46,1.08,2.3,0,0,0.01,0.01,0.24,0.24,0.24,0.295,0.35,1.59,2.04,3.07,0,0,0.464888243,0.430262433,-0.409718921,0,0,-0.184062276,-0.549162284,0.16707266,17,17,17,16.95833333,17,16,16.91666667,17,16,16.53472222,17,16,16.34375,17,16,16.49479167,17,16,16.5150463,17,16,16.6875,17,16,16.62962963,17,16,16.65352183,22,16,16.70337302,22,16,19.65054563,105,16,1,1,1,1,1,1,6,6,89,0.318180692,0.002465212,-0.151089257,-0.246772141,-0.24787117,-1.163415993,-1.09645798,1.28154973,1.980071427,0.791011518
2.688953463,488.6,201,28.4,2,2,4,8,102.1,0,0.82672252,6.71,21.9,0.25,90,1.3,209.3,20.490562,0.111966,20.602528,20.018767,0.623783,0.841379,19.348672,19.880025,1.572212,20.043259,2.14482,19.8998,2.25423,19.120671,2.655383,18.403673,2.935408,17.017398,3.227363,16.251066,3.346697,15.126598,3.799492,0.004402,0.005021,0.18195,0.193116,0.159982,0.170101,0.018275,-0.001176,0.018275,0.018275,0.018275,-0.020071,-0.000845,0,0,0,0,0.634096,8.030646,8.030646,8.469953,8.949167,24.804905,34.523373,39.065711,0,0,0,0,0.280106,5.836072,7.645683,10.440292,11.4679,32.400033,42.447254,47.821968,0,0,0,0,0.12,0.12,0.12,0.13,0.29,0.58,1.2,1.54,0,0,0,0,0.12,0.12,0.12,0.13,0.29,0.58,1.2,1.54,0,0,0,0,0.11,0.35,0.35,0.36,0.405,1.7,2.15,2.55,5.69325607,5.589555136,4.826620281,3.766558484,4.126784387,1.893894222,3.120964342,1.369391146,-0.142207605,-2.240486384,17,17,17,17,17,17,17,17,17,17,17,17,16.76388889,17,16,16.55381944,17,16,16.58449074,17,16,16.65555556,17,16,16.70023148,17,16,16.67683532,22,16,16.69328704,22,16,18.91393849,105,16,0,1,1,1,1,1,6,6,89,3.321403489,3.942759855,3.818982289,1.7246482,0.745100245,2.640808342,1.379342981,2.646006767,3.437797434,3.000204357
1.120573931,13.2,202,20.8,1,1,0,0,121.6,0,0.494154594,3.12,21.1,0,0,0,168.9,17.527765,0.09653,17.624295,18.409615,0.635238,1.166722,19.409091,20.64343,1.799207,20.22311,1.802622,20.221114,2.09079,19.886581,2.430186,19.235681,2.672072,17.279421,3.272961,16.582436,3.353965,15.513314,3.697066,0,0.000759,0.170822,0.124347,0.100248,0.127589,0.002279,-0.001154,0.002279,0.02135,0.002279,-0.036752,-0.019084,0,0,0,0,0,8.030646,8.030646,8.469953,8.933338,24.804905,34.523373,36.71559,0,0,0,0,0,5.836072,7.645683,10.440292,11.4679,32.400033,42.447254,47.432239,0,0,0,0,0,0.12,0.12,0.12,0.14,0.58,1.2,1.38,0,0,0,0,0,0.12,0.12,0.12,0.14,0.58,1.2,1.38,0,0,0,0,0,0.11,0.35,0.35,0.375,1.7,2.15,2.48,1.314747257,1.762145258,1.047355889,0.536966075,4.305443428,-8.903450997,-7.772791539,-7.670082328,-8.846943881,-6.590190998,16.75,17,16,16.5,17,16,16.38888889,17,16,16.21527778,17,16,16.34375,17,16,16.55208333,17,16,16.48263889,17,16,16.53055556,17,16,16.60358796,17,16,16.67931548,22,16,16.67691799,22,16,17.72730655,43,16,1,1,1,1,1,1,6,6,27,-3.425892559,-3.283907923,-4.170925847,-2.910029979,-0.247114152,4.294186236,4.447928304,3.363271983,4.044376582,4.245225207
1.206825876,16.1,206,27.9,1,3,0,0,98.4,4,0.220108088,1.66,18.8,0.25,225,4,167.2,16.458645,0.26663,16.192015,15.958399,0.26773,0.436534,15.608153,16.742723,1.622085,15.130146,2.007859,16.664803,3.318347,17.806809,3.166492,18.165972,3.073301,17.627048,3.23834,17.112848,3.246884,16.235019,3.494782,0.373038,0.355438,0.347573,0.187372,0.289778,0.586165,-0.001602,-0.004621,-0.001602,0.032769,-0.001602,-0.030931,0.034372,0,0,0,0,0,12.633399,12.633399,16.7801425,20.926886,25.459792,39.81317,48.549099,0,0,0,0,0,15.985422,15.985422,18.956885,21.928348,30.259235,50.455371,60.174772,0,0,0,0,0,0.59,0.59,0.59,0.71,0.93,1.25,1.88,0,0,0,0,0,0.59,0.59,0.59,0.71,0.93,1.25,1.88,0,0,0,0,0,0.61,0.61,0.61,0.72,1.07,2.32,2.935,4.756242091,3.325068156,2.650900053,2.345778793,0.73689351,-8.796485729,-7.244870899,-6.593573183,-5.0153038,-2.952176463,17.08333333,18,17,17.16666667,18,17,17.13888889,18,17,17.09027778,18,17,17.20486111,18,17,18.35763889,33,16,17.68287037,33,16,17.15277778,33,15,17.08738426,33,15,16.83134921,33,15,16.77248677,33,15,16.79637897,33,15,-1,1,17,17,18,18,18,18,18,-2.427285697,-2.504798666,-2.21592947,-1.579251502,-0.973205721,4.59495007,4.666870269,4.711126814,4.377741393,1.610103477
0.301029996,2,207,23.9,2,2,0,4,97.1,0,0.071882007,1.18,19,0.08,45,4.5,188.3,18.58755,0.271249,18.316302,16.057879,2.096564,1.749943,15.224946,17.3858,2.909826,17.142624,2.372138,16.031708,2.568731,17.177389,3.029958,17.671221,3.095763,17.599573,3.160482,17.196432,3.266895,16.452314,3.419892,0,0,0,0.003236,0.171896,0.200668,0.013254,-0.000485,0.013254,0.036525,0.013254,-0.042802,-0.004109,0,0,0,0,0,0,1.250527,12.89624,19.178016,25.459792,37.701145,47.419613,0,0,0,0,0,0,0.933474,16.092275,23.175755,30.259235,48.492309,58.539529,0,0,0,0,0,0,0.01,0.59,0.59,0.93,1.17,1.79,0,0,0,0,0,0,0.01,0.59,0.59,0.93,1.17,1.79,0,0,0,0,0,0,0,0.61,0.61,1.07,2.31,2.76,1.571957718,-2.003350599,-1.157571158,-0.456261488,-2.208731931,2.555180802,2.381964059,0.89452698,-0.6796418,-2.692985133,17,17,17,17,17,17,17.01388889,18,17,17.00694444,18,17,17,18,16,17.04166667,18,16,17.73263889,33,16,17.3,33,15,17.13020833,33,15,16.84871032,33,15,16.79497354,33,15,16.79650298,33,15,0,2,2,17,18,18,18,18,18,0.245164673,-0.017801448,-0.306245967,-1.334614729,-2.727902354,-1.483467966,-1.623298386,0.979977141,2.201117446,1.159997484
2.836767047,686.7,208,21.5,2,2,0,0,100.2,0,0.245512668,1.76,19.9,0.17,0,0,235.2,17.012968,0.109397,16.903571,16.468978,0.398387,0.850616,15.728447,16.53077,1.956871,16.951898,2.511717,16.977114,2.275665,16.678899,2.901803,17.057159,2.880467,17.64459,3.133776,17.183748,3.160945,16.587306,3.309789,0.833076,0.902056,0.815792,0.712881,0.35644,0.25187,-0.005108,-0.000327,-0.005108,0.030977,-0.005108,-0.035906,0.030671,0.964484,1.582278,1.697709,12.426878,12.426878,12.426878,12.426878,25.060277,25.323118,37.88667,50.128023,59.846491,0.679498,2.892948,3.119378,15.696897,15.696897,15.696897,15.696897,31.682319,31.789173,45.956133,64.189206,74.236426,0.02,0.09,0.09,0.41,0.41,0.41,0.41,1,1,1.34,1.58,2.2,0.02,0.09,0.09,0.41,0.41,0.41,0.41,1,1,1.34,1.58,2.2,0,0.03,0.06,0.465,0.465,0.465,0.465,1.075,1.075,1.535,2.775,3.225,5.962088539,2.98104427,4.525833409,3.637229218,0.656572917,-3.667901342,-1.833950671,-1.424997991,-0.382045967,0.86110233,19.16666667,20,19,19.08333333,20,19,19.47222222,22,19,19.03472222,22,17,18.01736111,22,17,17.50868056,22,16,17.3599537,22,16,17.62222222,33,16,17.42881944,33,15,16.95882937,33,15,16.87516534,33,15,16.83457341,33,15,-2,5,6,6,17,18,18,18,18,0.534651748,0.065091679,0.744745976,0.690195538,0.80312144,4.485913195,4.352978602,4.540890329,3.940816476,2.077874206
1.773786445,59.4,209,23.9,2,1,0,0,96.3,0,-0.096910013,0.8,21,0,0,0,236,16.94791,0.437231,16.510679,15.958652,0.491698,0.859662,16.182951,16.720763,0.979962,16.798206,1.63298,16.979334,2.154955,16.239659,2.284639,16.822068,2.802207,17.842795,2.93843,17.228819,3.089373,16.72303,3.202314,0.40767,0.449368,0.749014,0.726394,0.767939,0.478302,-0.005392,-0.001042,-0.005392,0.026971,-0.005392,-0.018872,0.00205,0,0,0,0,1.697709,12.426878,12.426878,25.060277,25.060277,37.856055,47.759509,59.846491,0,0,0,0,2.979955,15.696897,15.696897,31.682319,31.682319,45.500331,63.661675,74.236426,0,0,0,0,0.09,0.41,0.41,1,1,1.31,1.53,2.2,0,0,0,0,0.09,0.41,0.41,1,1,1.31,1.53,2.2,0,0,0,0,0.06,0.465,0.465,1.075,1.075,1.49,2.775,3.225,2.351080372,1.133657728,1.025703495,0.711028501,2.326086935,1.863443341,-0.567693502,-2.595084798,-1.664062637,-1.906633952,18.41666667,19,18,18.54166667,19,18,18.59722222,19,18,18.77777778,19,18,19.14930556,22,18,18.39930556,22,17,17.93402778,22,16,18.10416667,33,16,17.80844907,33,16,17.12624008,33,15,16.98726852,33,15,16.90848214,33,15,0,4,5,6,17,17,18,18,18,-1.09102854,-1.000068863,-1.411154699,-0.968285216,-0.320166039,2.863560765,2.763956336,2.343174048,2.12751642,2.905321037
1.765668555,58.3,213,21.6,1,2,0,0,88.6,0,0.167317335,1.47,17.1,0,0,0,398.6,17.868198,0.077924,17.790274,16.982975,0.666549,0.602893,16.674506,18.882552,2.944396,18.696816,2.343058,19.003417,2.62278,18.660547,2.697011,18.328883,2.702415,18.289907,2.912818,17.815784,3.090883,17.391196,3.163942,0.00153,0.002374,0.001826,0.078509,0.04,0.095657,-0.006859,-0.001214,-0.006859,0.035474,-0.006859,-0.027885,0.030927,0,0,0,0,0,15.854121,21.434538,23.016815,33.861415,54.788301,59.321208,73.674585,0,0,0,0,0,8.933731,10.070093,12.963041,25.766991,49.504949,56.026226,76.222362,0,0,0,0,0,0.36,0.51,0.6,0.92,1.63,1.85,2.17,0,0,0,0,0,0.36,0.51,0.6,0.92,1.63,1.85,2.17,0,0,0,0.01,0.01,0.015,0.465,0.495,0.93,1.89,2,3.25,5.234586633,4.486788543,1.495596181,1.538430588,0.455771092,-4.647483489,-3.983557276,-1.327852425,-2.2000485,-3.180925943,17,17,17,17,17,17,17,17,17,17,17,17,16.97569444,17,16,17.02083333,18,16,17.00925926,18,16,17.61597222,22,16,17.65509259,22,16,17.27281746,33,15,17.07490079,33,15,16.97011409,33,15,0,1,2,2,6,6,18,18,18,1.472149522,1.149635883,0.222774972,-0.718363421,-1.340674531,1.749074852,2.214566321,3.817935229,3.93435341,2.89283295
3.150326536,1413.6,214,23.5,1,1,0,0,90.2,0,0.682145076,4.81,20.7,0,0,0,74.2,18.726852,0.507574,18.219278,18.477747,0.83805,0.641499,18.339273,19.278939,1.363073,18.890224,2.177337,18.885402,2.084535,18.969705,2.496574,18.781289,2.526059,18.194945,2.794148,17.887252,3.006101,17.51918,3.1562,0.460578,0.642056,0.646635,0.688233,0.552435,0.297706,-0.006395,-0.000646,-0.006395,0.02281,-0.006395,-0.023553,0.007173,0.102982,7.093311,14.579199,33.598359,34.436991,34.436991,34.436991,55.871529,55.871529,89.225293,93.758199,105.999552,0.001205,5.152352,7.990845,31.348131,33.115335,33.115335,33.233543,43.185429,43.185429,80.810674,89.141561,107.374635,0.05,0.49,0.96,1.97,1.98,1.98,1.98,2.49,2.49,3.61,3.83,4.07,0.05,0.49,0.96,1.97,1.98,1.98,1.98,2.49,2.49,3.61,3.83,4.07,0,0.005,0.375,1.37,1.45,1.46,1.46,1.915,1.915,3.1,3.45,4.69,-4.998050575,0.056155515,0.433790517,1.679871658,1.469198533,0.139608194,-1.502153621,-1.734476225,-1.562697828,-1.427262469,42.08333333,48,33,34.5,48,22,26.26388889,48,21,24.71527778,48,17,20.85763889,48,17,18.91666667,48,16,18.29861111,48,16,17.95625,48,16,18.13310185,48,16,17.59796627,48,15,17.27166005,48,15,17.12549603,48,15,22,31,32,32,32,32,33,33,33,0.584716835,-0.57848764,-1.254937808,-0.852481979,0.181545329,3.362502835,3.399565162,2.682641985,2.410189395,1.771746822
1.303196057,20.1,215,26.6,1,2,0,4,108.9,0,0.064457989,1.16,19.9,0.08,0,0,159.6,20.599077,0.108277,20.4908,18.735564,1.711176,1.592654,18.671973,19.595133,1.716436,19.435244,1.55625,19.251013,2.138297,19.176148,2.267356,19.147294,2.44829,18.20508,2.815685,18.049665,2.986824,17.614508,3.08897,0,0,0.001598,0.161405,0.316447,0.409239,0.020028,0.000263,0.020028,0.03243,0.020028,-0.031321,-0.025611,0,0,0,0,7.093311,34.436991,34.436991,55.871529,55.871529,74.814864,93.758199,105.999552,0,0,0,0,5.152352,33.115335,33.115335,43.185429,43.185429,66.163495,89.141561,107.374635,0,0,0,0,0.09,1.98,1.98,2.49,2.49,3.49,3.83,4.07,0,0,0,0,0.09,1.98,1.98,2.49,2.49,3.49,3.83,4.07,0,0,0.01,0.01,0.015,1.46,1.47,1.925,1.925,3,3.46,4.7,0,-0.946947111,-1.480624939,-1.85973384,-1.197393855,0,2.846628035,-0.170737243,-1.983616158,-2.406268494,22,22,22,22,22,22,22.68055556,24,22,24.17361111,28,22,32.85416667,60,22,26.26388889,60,17,23.16782407,60,16,20.71111111,60,16,20.2505787,60,16,18.65997024,60,15,17.9905754,60,15,17.66989087,60,15,-2,38,43,44,44,44,45,45,45,-2.979996211,-2.599213081,-2.691299598,-2.961752189,-2.413789863,-1.250908756,-2.081441612,-0.233051737,0.231542211,0.867512482
2.131618664,135.4,216,28.6,1,2,0,0,105.6,0,0.416640507,2.61,22.2,0.25,180,2.5,214.4,20.48423,0.235306,20.248924,19.10217,1.038143,1.311886,18.066402,19.199268,2.286258,19.47802,2.03968,19.406325,1.846886,19.113026,2.091315,19.196017,2.279333,18.144933,2.797508,18.337911,2.831013,17.749002,3.056355,0,0,0.003661,0.001831,0.002919,0.142526,-0.002865,-0.00238,-0.002865,0.017695,-0.002865,-0.023256,0.006144,0,0,0,0,0,0.102982,34.436991,34.92514,55.871529,81.194647,91.907662,102.328244,0,0,0,0,0,0.001205,33.115335,33.431879,43.185429,74.974601,87.139471,106.478485,0,0,0,0,0,0,1.98,1.98,2.49,3.49,3.78,4.02,0,0,0,0,0,0,1.98,1.98,2.49,3.49,3.78,4.02,0,0,0,0,0,0.01,1.46,1.47,1.925,3,3.4,4.7,6.813815473,4.511679366,3.339744531,1.706393023,0.944032154,-4.191887248,-5.417009665,-3.206930221,-1.850783194,-1.60522914,19,19,19,19,19,19,19,19,19,19,19,19,19.71527778,22,19,25.82291667,60,19,24.16782407,60,17,21.30833333,60,16,20.58854167,60,16,18.92708333,60,15,18.16220238,60,15,17.79935516,60,15,0,3,41,43,44,44,45,45,45,-0.594181943,-0.766229688,-0.82712274,-0.844952027,-0.600150351,3.562405411,3.517158712,3.784803249,4.212040506,2.902365884
2.12515583,133.4,219,24.3,2,1,0,5,100.5,0,0.397940009,2.5,23.4,0.5,45,10.1,227.8,20.806326,0.021275,20.78505,20.50459,0.364429,1.058901,19.54883,19.452468,0.823984,20.066934,2.104763,20.036902,1.945896,19.83696,2.006508,19.74572,1.927168,18.78444,2.528724,18.751747,2.71969,18.232686,3.016336,0.090185,0.062287,0.348625,0.570823,0.699718,0.410934,-0.014299,0.002308,-0.014299,0.018832,-0.014299,-0.014299,0.012589,0,0,0,0,6.139345,6.264345,6.264345,6.264345,40.701337,74.562752,95.928945,103.650994,0,0,0,0.005115,6.985463,7.872012,7.872012,7.872012,40.987347,66.754338,93.286905,111.640643,0,0,0,0.01,0.23,0.23,0.23,0.23,2.21,3.13,3.84,4.09,0,0,0,0.01,0.23,0.23,0.23,0.23,2.21,3.13,3.84,4.09,0,0,0,0,0.145,0.195,0.195,0.205,1.655,2.585,3.545,4.77,-2.840841333,-5.25319187,-5.036349654,-3.609864817,-3.784221932,8.539884105,6.627878629,2.706396331,1.787750166,2.069489146,17,17,17,17.04166667,18,17,17.51388889,18,17,17.79861111,19,17,17.8125,19,17,17.40625,19,17,17.55324074,19,17,20.55972222,60,17,20.87962963,60,17,18.94791667,60,16,18.27662037,60,15,17.89657738,60,15,-1,2,2,2,43,43,44,45,45,0.809314049,0.611844991,0.260191276,0.759562119,1.397652198,-3.869600817,-3.303661021,-3.01843507,-3.17598117,-3.02382686
0.986771734,9.7,220,24.7,3,2,0,8,100.6,0,0.133538908,1.36,23.3,0.17,0,0,243.8,21.19413,0.569274,20.624856,19.565794,0.971853,1.480678,18.262684,18.812691,1.669614,19.126598,1.348061,19.670036,2.076786,19.62515,2.034341,19.671577,1.995392,18.901499,2.479048,18.723743,2.695678,18.253503,2.940807,0.209379,0.155191,0.160061,0.374867,0.278961,0.487461,-0.001982,-0.002308,-0.001982,0.020819,-0.001982,-0.020792,-0.012317,0,0,0,0,0,6.264345,6.264345,6.264345,6.264345,74.562752,95.489638,100.022544,0,0,0,0,0,7.598154,7.872012,7.872012,7.872012,66.754338,88.702272,97.013573,0,0,0,0,0,0.23,0.23,0.23,0.23,3.13,3.84,4.06,0,0,0,0,0,0.23,0.23,0.23,0.23,3.13,3.84,4.06,0,0,0,0,0,0.185,0.195,0.195,0.205,2.585,3.315,3.655,5.234586633,5.982384724,4.008156,2.004078,-0.094974995,-4.647483489,-5.311409701,-3.210288441,-1.605144221,0.366437347,17.66666667,18,17,17.79166667,18,17,17.73611111,19,17,17.5625,19,17,17.29166667,19,17,17.55208333,19,17,17.36805556,19,17,17.95277778,22,17,20.26793981,60,17,18.96428571,60,16,18.30638228,60,15,17.89794147,60,15,0,2,2,2,5,43,44,45,45,0.26549191,0.079157368,-0.144462962,-0.229573999,0.127331552,4.453118268,4.593387596,4.040356621,4.087836545,1.967291912
0.491361694,3.1,221,22.6,1,1,1,2,95.6,0,0.164352856,1.46,19.1,0,270,12.7,227.3,18.985825,0.070021,18.915804,18.572994,0.367284,0.630434,18.017496,18.708762,1.372546,18.766878,1.537984,18.995408,1.381194,19.528893,1.89873,19.461519,1.956185,19.003261,2.348973,18.637755,2.61622,18.302157,2.871564,0.710516,0.678281,0.641727,0.515649,0.480919,0.380183,-0.003184,-0.005239,-0.003184,0.021041,-0.003184,-0.018466,-0.000251,0.206934,0.219846,0.219846,0.219846,9.07622,9.07622,15.215565,15.340565,15.340565,83.638971,104.565858,109.098764,0.162328,0.237291,0.243542,0.243542,6.39518,6.39518,13.380643,14.267192,14.267192,73.149518,95.077865,103.408753,0.02,0.02,0.02,0.03,0.42,0.42,0.65,0.65,0.65,3.55,4.26,4.48,0.02,0.02,0.02,0.03,0.42,0.42,0.65,0.65,0.65,3.55,4.26,4.48,0,0.03,0.04,0.04,0.245,0.245,0.39,0.44,0.44,2.83,3.55,3.9,-9.294966977,-8.299077658,-5.642861666,-1.672274603,0.906293599,-10.46917327,-9.347476131,-11.00998842,-9.202424257,-7.281660671,18,18,18,18,18,18,18,18,18,18.06944444,19,18,18.36458333,24,17,17.83333333,24,17,17.82638889,24,17,17.67083333,24,17,17.98900463,24,17,19.0625,60,16,18.40492725,60,15,17.95845734,60,15,0,7,7,7,7,7,44,45,45,-8.460221132,-8.346276035,-7.227675386,-6.092256173,-3.936135914,-3.119020845,-2.057432154,0.556047523,2.632389071,3.795811309
0.301029996,2,222,21.1,1,2,0,0,97.8,18,-0.075720714,0.84,18.3,0.08,270,2.4,233.4,16.93672,0.501047,16.435673,15.893111,0.519728,1.131303,16.922634,18.035523,1.454829,18.556471,1.583813,18.68406,1.643838,19.272523,1.996929,19.354187,1.929577,19.082733,2.258242,18.590931,2.629995,18.349322,2.838173,0,0,0,0.132208,0.359582,0.350932,-0.045703,-0.001754,-0.045703,0.040214,-0.045703,-0.045703,0.029301,0,0,0,0,0.219846,9.07622,9.07622,15.340565,15.340565,72.909802,91.004283,109.098764,0,0,0,0,0.243542,6.39518,6.39518,14.267192,14.267192,60.432575,81.920664,103.408753,0,0,0.01,0.01,0.03,0.43,0.43,0.66,0.66,3.24,4.15,4.49,0,0,0.01,0.01,0.03,0.43,0.43,0.66,0.66,3.24,4.15,4.49,0,0,0,0,0.04,0.245,0.245,0.44,0.44,2.425,3.44,3.9,-0.22337311,0.472645559,0.567875967,0.281307836,-3.032335301,-7.99688092,-7.955529792,-6.619270378,-4.771373579,-7.274656596,17.91666667,18,17,17.79166667,18,17,17.68055556,18,17,17.65277778,18,17,17.73263889,18,17,18.02430556,24,17,17.76388889,24,17,17.61597222,24,17,17.71875,24,17,19.05481151,60,16,18.43551587,60,15,17.98846726,60,15,0,1,7,7,7,7,44,45,45,-5.228049191,-4.700865618,-4.572344143,-4.231638732,-5.838648394,3.934453391,4.480805418,3.994978119,0.995956269,-0.151160905
1.243038049,17.5,227,26.9,2,1,0,0,101.8,0,0.193124598,1.56,24.1,0,0,0,202.2,23.509632,0.285853,23.223779,20.688855,1.92372,2.001271,19.223571,19.656531,2.23906,18.596257,2.086568,18.503079,1.908888,18.653191,1.874108,18.573843,1.839906,19.110599,1.925655,18.802903,2.277357,18.694235,2.500993,0.633135,0.346949,0.129131,0.087639,0.07672,0.228439,0.007059,-0.002042,0.007059,0.020805,0.007059,-0.03868,-0.026362,0,0,0,0,0,0,0,0,0.206934,49.777556,83.638971,104.565858,0,0,0,0,0,0,0.139045,0.139045,0.301373,47.521572,73.288562,95.236497,0,0,0,0,0,0,0,0,0.01,2.64,3.56,4.27,0,0,0,0,0,0,0,0,0.01,2.64,3.56,4.27,0,0,0,0,0,0,0,0,0,1.9,2.83,3.56,5.110361605,5.039771924,3.26538652,2.738540216,2.424219012,-3.143915436,-4.706731547,-5.587203779,-5.842835208,-5.262954371,17,17,17,17.25,18,17,17.63888889,18,17,17.48611111,18,17,17.25,18,17,17.39409722,18,17,17.39351852,18,17,17.37708333,18,17,17.41203704,18,17,18.95560516,60,17,18.49090608,60,16,18.11582341,60,15,0,1,1,1,1,1,43,44,45,0.65203557,-1.042012851,-1.561400639,-1.943021347,-1.29462223,3.329726884,1.262187697,2.963780335,3.477600686,2.795877905
0.982271233,9.6,228,24.7,1,1,0,0,107.3,0,0.238046103,1.73,23.7,0.17,0,0,237.8,20.765152,0.61444,20.150712,18.719143,1.13907,0.861521,18.597565,20.27425,2.268201,19.812283,2.170991,19.006211,2.178166,18.932172,2.029903,18.876579,1.975449,19.144894,1.984742,18.918933,2.222406,18.689969,2.483726,0.021407,0.042735,0.156706,0.241019,0.235916,0.145905,-0.004244,0.000202,-0.004244,0.034619,-0.004244,-0.023871,-0.006305,0,0,0,0.00243,0.00243,0.00243,0.00243,0.00243,0.00243,29.364103,83.641402,104.568288,0,0,0,0,0,0,0,0.139045,0.139045,22.274197,73.288562,95.21691,0,0,0,0,0,0,0,0,0,1.6,3.56,4.27,0,0,0,0,0,0,0,0,0,1.6,3.56,4.27,0,0,0,0,0,0,0,0,0,0.795,2.83,3.55,9.297764859,7.640074791,2.857265487,1.812083853,3.053302173,-3.681245527,-4.496327614,-1.8906226,-1.131646296,-2.115948114,18,18,18,18,18,18,17.98611111,18,17,17.90277778,18,17,17.51388889,18,17,17.40104167,18,17,17.44212963,18,17,17.39652778,18,17,17.390625,18,17,18.82787698,60,17,18.51240079,60,16,18.15327381,60,15,0,1,1,1,1,1,43,44,45,-0.855854723,-0.819508511,-0.555205167,-0.508134797,0.20117998,4.3459729,4.484138987,4.362051395,4.136674891,2.866563313
1.26245109,18.3,229,27.9,2,1,1,3,107,0,-0.22184875,0.6,21.7,0.17,180,1.6,246.1,19.757502,0.178574,19.578928,18.896013,0.511071,0.471651,18.685475,19.500586,1.329656,19.903973,1.90725,19.734401,1.945181,19.01877,1.967489,19.036001,1.949792,19.147515,1.964558,19.058973,2.142902,18.676298,2.473021,0.011363,0.010374,0.040575,0.261502,0.264155,0.249307,-0.022362,-0.003326,-0.022362,0.028753,-0.022362,-0.032427,0.040329,0,0,0,0,5.897898,5.900328,5.900328,5.900328,5.900328,21.240892,78.694699,103.5019135,0,0,0,0,7.513787,7.513787,7.513787,7.652832,7.652832,21.920023,67.9984,96.0557675,0,0,0,0,0.21,0.21,0.21,0.21,0.21,0.87,3.45,4.36,0,0,0,0,0.21,0.21,0.21,0.21,0.21,0.87,3.45,4.36,0,0,0,0,0.18,0.18,0.18,0.18,0.18,0.62,2.575,3.62,-5.23985906,-2.759537723,-0.861102263,0.27838349,3.529704509,-8.517269341,-9.256685246,-8.238153264,-7.133920042,-6.595989932,18,18,18,18,18,18,18,18,18,18.15972222,19,18,18,21,17,17.76041667,21,17,17.60069444,21,17,17.54444444,21,17,17.50173611,21,17,17.74156746,24,17,18.52116402,60,16,18.2000248,60,15,0,4,4,4,4,4,7,44,45,-5.18596136,-5.254565726,-4.420873356,-3.693042164,-2.42264738,2.83513577,2.424802606,2.740717092,3.484336718,4.238977907
1.385606274,24.3,230,29.9,1,1,0,0,107.6,0,-0.060480747,0.87,21.5,0.33,270,3.6,270.8,21.331633,0.167539,21.164094,19.902577,1.118825,1.214342,18.995279,19.462359,1.2503,19.434662,1.235456,19.678397,1.630859,19.245541,1.902202,19.090738,1.870059,19.159476,1.892022,19.15015,2.072551,18.654833,2.443479,0.022213,0.021932,0.007311,0.003655,0.002864,0.131016,-0.000426,-0.00469,-0.000426,0.027851,-0.000426,-0.027677,-0.004492,0,0,0,0,0,5.897898,5.900328,5.900328,5.900328,21.240892,77.112422,102.435539,0,0,0,0,0,7.513787,7.513787,7.513787,7.652832,21.920023,65.105452,96.894625,0,0,0,0,0,0.21,0.21,0.21,0.21,0.87,3.36,4.36,0,0,0,0,0,0.21,0.21,0.21,0.21,0.87,3.36,4.36,0,0,0,0,0,0.18,0.18,0.18,0.18,0.62,2.545,3.62,3.472139406,3.314314888,3.709611002,3.385819147,3.006066903,-10.43763613,-9.963198122,-8.214255883,-7.334198386,-8.221929497,17,17,17,17,17,17,17.15277778,18,17,17.31944444,18,17,17.22916667,18,17,17.63888889,21,17,17.60416667,21,17,17.51875,21,17,17.49884259,21,17,17.54662698,24,17,18.43320106,60,16,18.23871528,60,15,0,1,4,4,4,4,7,44,45,-3.787887636,-3.391936735,-2.743490434,-3.202258744,-3.842941528,3.125045853,3.402327426,3.911675397,4.549655067,4.406505621
0.908485019,8.1,235,22.7,1,1,0,0,99.7,6,-0.346787486,0.45,20.6,0.33,225,1.8,192.4,19.83597,0.566206,19.269764,18.692531,0.575812,0.518357,18.509204,19.079233,1.103986,18.18115,1.975552,18.021454,2.127762,18.495306,2.154772,18.640527,2.049014,18.762498,1.963623,19.020683,1.995291,18.882265,2.168294,0.14991,0.144375,0.163263,0.084091,0.07991,0.12062,0.010887,-0.001405,0.010887,0.029657,0.010887,-0.033333,0.010295,0,0.125,0.125,0.125,0.125,0.333424,0.455994,2.329844,2.329844,8.450017,37.591845,91.869143,0,0.376998,0.376998,0.376998,0.376998,0.409549,1.056678,5.876266,5.876266,13.77264,35.66425,86.678615,0,0,0,0,0,0,0,0.06,0.06,0.3,1.85,3.83,0,0,0,0,0,0,0,0.06,0.06,0.3,1.85,3.83,0,0,0.03,0.03,0.03,0.03,0.055,0.185,0.185,0.405,1.16,3.195,8.074921144,6.832625583,4.759540874,4.086607003,5.171421953,-10.18801495,-8.620628031,-4.023134943,-3.333457343,-4.596697607,18,18,18,18,18,18,17.97222222,18,17,17.72916667,18,17,17.36458333,18,17,17.18402778,18,17,17.18981481,18,17,17.35555556,21,17,17.35358796,21,17,17.44072421,21,17,18.36458333,60,17,18.24640377,60,16,0,1,1,1,4,4,4,43,44,-1.59986242,-0.813675859,-0.471127756,-0.4296779,-1.071069663,4.94028367,5.273506964,5.278706077,5.199949229,4.815763478
1.220108088,16.6,236,28.1,2,1,0,0,107.8,0,0.532754379,3.41,21.1,0.17,315,5.2,247.8,19.311487,0.13623,19.175258,19.193776,0.206081,0.561359,19.520792,19.328364,0.840823,19.23983,0.97738,18.596848,1.768932,18.353721,2.013944,18.62883,2.01675,18.85729,1.931281,19.011289,1.965369,18.978939,2.098253,0.126088,0.063044,0.021015,0.030794,0.153886,0.108369,-0.014411,-0.002824,-0.014411,0.029556,-0.014411,-0.033574,0.023177,0,0,0,0,9.671487,9.796487,10.004911,10.127481,12.001331,17.901659,33.242223,90.69603,0,0,0,0.046806,5.382956,5.759954,5.792505,6.464225,11.259222,18.912054,33.179245,79.257621,0,0,0,0,0.52,0.52,0.52,0.52,0.58,0.79,1.45,4.03,0,0,0,0,0.52,0.52,0.52,0.52,0.58,0.79,1.45,4.03,0,0,0,0.01,0.075,0.105,0.105,0.13,0.26,0.44,0.88,2.835,-5.889992843,-4.754697712,-3.622482948,0.049102552,1.77103464,-14.87642377,-16.25438913,-13.47335947,-11.59870103,-7.891633664,17.83333333,18,17,17.75,18,17,17.91666667,18,17,17.95138889,18,17,17.96527778,18,17,17.67534722,18,17,17.45023148,18,17,17.44027778,19,17,17.46064815,21,17,17.46180556,21,17,17.64517196,24,17,18.25173611,60,16,-1,1,1,1,2,4,4,7,44,-8.988824081,-8.012082059,-7.065529382,-4.837475337,-3.145256499,1.554106017,1.908904344,1.600637324,3.735916248,3.665603465
2.210586025,162.4,238,28.6,1,1,0,0,110.3,9,0.392696953,2.47,22.7,0.17,225,3.5,247.5,20.527132,0.178085,20.349048,19.052027,1.076689,1.375204,17.916554,18.56257,1.992619,18.645731,1.775958,18.876148,1.563574,18.634818,1.77495,18.437983,1.906899,18.814911,1.924113,18.909008,1.927114,19.000889,1.994027,0.232787,0.127227,0.212905,0.201845,0.114242,0.211513,0.005736,0.002198,0.005736,0.029942,0.005736,-0.021485,0.008386,0,0,0.351196,1.246097,1.246097,1.246097,3.542769,11.251008,11.373578,19.147756,34.48832,90.35985,0,0,0.73469,2.062631,2.062631,2.137887,2.342786,7.930391,8.57752,21.04994,35.317132,78.50256,0,0,0,0.02,0.02,0.02,0.04,0.54,0.54,0.81,1.47,3.96,0,0,0,0.02,0.02,0.02,0.04,0.54,0.54,0.81,1.47,3.96,0,0,0.01,0.055,0.055,0.055,0.065,0.16,0.185,0.495,0.935,2.86,1.314747257,0.475882977,4.100275975,4.833607081,4.162973589,-8.903450997,-10.94919125,-11.16052488,-6.916242902,-4.721251773,17.83333333,18,17,17.91666667,18,17,18,19,17,17.98611111,19,17,17.61111111,19,17,17.41840278,19,17,17.55902778,19,17,17.4375,19,17,17.39699074,19,17,17.47098214,21,17,17.4917328,24,17,18.17212302,60,16,-1,2,2,2,2,2,4,7,44,-5.528662006,-5.097911024,-2.880213789,-1.893215526,-1.068733343,3.810605019,4.711211112,4.953303523,4.699677814,3.826722649
