dates,Observation,beachEColiValue,jday,beachAirTemp,beachSc,beachTurbidityBeachLog,beachTurbidityBeach,beachWaterTemp,ThompsonCreekTribSc,MeanAirTemperatureCover1hr,MeanAirTemperatureCover2hr,MeanAirTemperatureCover6hr,MeanAirTemperatureCover12hr,MeanAirTemperatureCover24hr,MeanAirTemperatureCover48hr,MeanAirTemperatureCover72hr,MeanAirTemperatureCover120hr,StDevAirTemperatureCover6hr,StDevAirTemperatureCover12hr,StDevAirTemperatureCover24hr,StDevAirTemperatureCover48hr,StDevAirTemperatureCover72hr,StDevAirTemperatureCover120hr,MeanCloudCoverover1hr,MeanCloudCoverover2hr,MeanCloudCoverover6hr,MeanCloudCoverover12hr,MeanCloudCoverover24hr,MeanCloudCoverover48hr,MeanHeightAboveModelSeaLevelmover1hr,MeanHeightAboveModelSeaLevelmover24hr,MaxHeightAboveModelSeaLevelmover1hr,MaxHeightAboveModelSeaLevelmover24hr,MinHeightAboveModelSeaLevelmover1hr,MinHeightAboveModelSeaLevelmover24hr,DiffHeightAboveModelSeaLevelmover24hr,GDPsummaslowski48hr,GDPsummaslowski120hr,GDPsummaslowski48hr_sqrt,GDPsummaslowski120hr_sqrt,WCrainsum1,WCrainsum2,WCrainsum6,WCrainsum12,WCrainsum24,WCrainsum48,WCrainsum72,WCrainsum120,WCrainsum1_sqrt,WCrainsum2_sqrt,WCrainsum6_sqrt,WCrainsum12_sqrt,WCrainsum24_sqrt,WCrainsum48_sqrt,WCrainsum72_sqrt,WCrainsum120_sqrt,WCQmean1,WCQmean2,WCQmean6,WCQmean12,WCQmean24,WCQmean48,WCQmean72,WCQmean120,WCQmean1_log,WCQmean2_log,WCQmean6_log,WCQmean12_log,WCQmean24_log,WCQmean48_log,WCQmean72_log,WCQmean120_log,WCQmin1,WCQmin2,WCQmin6,WCQmin12,WCQmin24,WCQmin48,WCQmin72,WCQmin120,WCQmax24,WCQdifference6,parallel_wind_1hr,perpendicular_wind_1hr,parallel_wind_2hr,perpendicular_wind_2hr,parallel_wind_6hr,perpendicular_wind_6hr,parallel_wind_12hr,perpendicular_wind_12hr,parallel_wind_24hr,perpendicular_wind_24hr
40338.40278,1.544068044,35,160,17.1,86.2,0.561101384,3.64,14.3,92.7,11.77497,11.628126,10.883747,10.615589,10.441225,11.906489,11.165521,11.077786,0.610222,0.530106,0.606436,2.781307,2.769413,2.470978,0.583204,0.343035,0.380011,0.593304,0.711322,0.389086,0.00633,0.00266,0.00633,0.048669,0.00633,-0.038224,0.024188,25.448811,29.545551,5.044681457,5.435581938,0,0,0,0.01,1.09,1.09,1.09,1.31,0,0,0,0.1,1.044030651,1.044030651,1.044030651,1.144552314,24.66666667,24.83333333,25.59722222,24.47222222,23.10763889,20.05381944,19.11111111,19.00625,1.392110465,1.395035018,1.408192839,1.388673408,1.363755572,1.3021971,1.281285937,1.278896437,24,24,24,23,17,17,17,17,27,-2,6.924258,-1.103776,6.8164865,-2.230096,5.01288332,-3.05887088,4.13478215,-3.07893403,1.37877944,-3.79818832
40339.40208,0.301029996,2,161,16.4,86.7,-0.065501549,0.86,16.2,120.8,12.617494,12.579124,10.186447,10.078162,11.760222,11.100724,11.857734,11.077473,1.727058,1.295964,2.082641,1.669586,2.570538,2.453004,0.438027,0.445305,0.320999,0.231434,0.480229,0.595776,-0.007487,-0.00212,-0.007487,0.043514,-0.007487,-0.048607,0.003204,26.695201,28.877853,5.166739881,5.373811776,0,0,0,0,0.01,1.1,1.1,1.21,0,0,0,0,0.1,1.048808848,1.048808848,1.1,19,19,19,19.34722222,20.70138889,21.90451389,20.26967593,19.20694444,1.278753601,1.278753601,1.278753601,1.28661862,1.315999484,1.34053362,1.306846805,1.28345828,19,19,19,19,19,17,17,17,25,0,-0.20350778,1.6755512,0.03649621,1.2684844,1.65492894,-1.346486,3.039682943,-1.01611256,4.307540843,0.507453702
40340.40972,2.588495801,387.7,162,14.1,89.7,0.698970004,5,15.5,56.6,10.12973,10.231148,10.56095,10.184393,11.192391,11.476307,11.131279,11.289835,0.959462,0.778693,1.274588,1.74974,1.549754,2.418596,1,0.985393,0.951054,0.946237,0.737842,0.609035,0.033937,0.006394,0.033937,0.065574,0.033937,-0.057125,0.029932,8.971696,34.467313,2.995278952,5.870886901,0.35,0.64,0.65,0.65,0.65,0.66,1.75,1.75,0.591607978,0.8,0.806225775,0.806225775,0.806225775,0.81240384,1.322875656,1.322875656,20.16666667,19.20833333,18.40277778,18.20138889,18.17013889,19.41666667,20.66435185,19.24236111,1.30463412,1.283489684,1.264883382,1.260104529,1.259358247,1.288174675,1.315221788,1.284258361,19,18,18,18,18,18,17,17,22,4,-3.1930618,-2.56694,-3.6626469,-1.33043452,-3.50777463,-0.222757415,-3.103371624,-0.570753416,-3.42184752,0.720072967
40350.38194,0.716003344,5.2,172,19.1,106.9,0,1,17.8,194.2,15.924534,15.848657,13.765913,13.032974,15.313614,14.238897,14.796276,14.675918,1.907473,1.568737,3.022394,2.670815,2.52295,2.223985,0,0,0.053021,0.10098,0.133265,0.34054,0.003158,-0.000205,0.003158,0.031685,0.003158,-0.047876,-0.019393,0,2.136524,0,1.461685329,0,0,0,0,0,0,0,0.06,0,0,0,0,0,0,0,0.244948974,18.91666667,18.91666667,18.79166667,18.51388889,18.43402778,18.59027778,18.72569444,19.06666667,1.276844611,1.276844611,1.2739653,1.267497653,1.265620238,1.269285879,1.272437933,1.280274774,18,18,18,18,18,18,18,18,19,1,-0.932393,0.4527021,-0.7375945,0.59564455,-0.10241442,-1.125338368,0.351972145,-1.981727825,-0.651760594,-0.869302863
40351.37708,2.588047497,387.3,173,17.9,94.1,0.390935107,2.46,18.1,114.6,15.598572,15.635179,13.207607,12.706126,13.933709,14.623661,14.137168,14.742591,1.723083,1.334341,1.868248,2.605502,2.437139,2.203447,0.989014,0.689748,0.716346,0.72509,0.702875,0.41807,-0.032907,0.002227,-0.032907,0.043222,-0.032907,-0.043447,-0.01054,30.711911,32.848435,5.54183282,5.731355424,0,0,0,0,1.25,1.25,1.25,1.3,0,0,0,0,1.118033989,1.118033989,1.118033989,1.140175425,30.25,30.625,32.72222222,38.84722222,32.12847222,25.28125,23.10300926,21.49444444,1.480725379,1.486076097,1.51484279,1.58935997,1.506890074,1.402798543,1.363668552,1.332326225,30,30,30,30,18,18,18,18,57,-7,0.4326663,1.224016,0.07452915,1.189633,0.97297753,-0.76057257,0.929653453,-1.52226371,0.031595729,-0.022493686
40352.37847,2.033825694,108.1,174,21.9,99.3,0,0,19.7,145.6,14.023369,14.182596,13.916374,14.031672,15.060406,14.497057,14.769243,14.676589,0.310798,0.451351,1.442725,1.761609,2.293898,2.25432,0.775333,0.836912,0.75477,0.485101,0.361002,0.531939,0.007341,0.001434,0.007341,0.031129,0.007341,-0.033497,-0.009312,35.253501,35.253501,5.937465874,5.937465874,0,0,0,0,0,1.25,1.25,1.25,0,0,0,0,0,1.118033989,1.118033989,1.118033989,21.16666667,21.375,21.79166667,22.40972222,24.47569444,28.30208333,25.01273148,22.55625,1.325652471,1.329906123,1.338290447,1.350436473,1.388735023,1.451818405,1.398161121,1.353266899,21,21,21,21,21,18,18,18,30,-1,2.5648462,-3.9185222,2.66641,-3.6140976,1.5122294,-2.59931443,1.575425859,-2.04604379,0.264154938,-0.27518279
40353.39792,0.924279286,8.4,175,25.2,89.8,-0.356547324,0.44,15.3,139.1,16.450005,15.291587,14.17464,13.885207,14.603849,14.832128,14.532655,14.415152,1.101292,0.861045,1.325619,1.404091,1.630071,2.113833,0,0,0.073487,0.184824,0.403551,0.382277,-0.033455,-0.00246,-0.033455,0.032555,-0.033455,-0.041306,-0.007851,13.338373,44.050284,3.652173736,6.637038798,0,0,0,0,0.15,0.15,1.4,1.4,0,0,0,0,0.387298335,0.387298335,1.183215957,1.183215957,23,23.25,22.95833333,22.03472222,21.58333333,22.9375,26.07638889,23.08194444,1.361727836,1.366422957,1.360940357,1.34310758,1.334118518,1.360546082,1.416247449,1.363272391,23,23,21,21,21,21,18,18,24,2,2.9997877,1.7503388,2.9637236,0.55343198,3.38190657,0.33862416,3.47554887,-0.815060251,3.3588678,-0.558805374
40357.51736,1.025305865,10.6,179,17.1,107.2,0,0,19.2,153.6,15.822611,15.319661,14.277088,14.62656,16.057321,15.186849,14.761236,14.957624,0.811131,0.891127,2.087182,1.933006,1.929067,1.954121,0.342428,0.546531,0.74165,0.654182,0.447504,0.484788,0.002129,0.001929,0.002129,0.029355,0.002129,-0.030984,0.014481,0.181625,42.964081,0.426174847,6.554699154,0,0,0.04,0.04,0.04,0.04,0.21,0.75,0,0,0.2,0.2,0.2,0.2,0.458257569,0.866025404,19,19,19.13888889,19.5625,19.95833333,21.70138889,24.12037037,23.46319444,1.278753601,1.278753601,1.281916721,1.291424355,1.300124272,1.33648753,1.382383972,1.37038714,19,19,19,19,19,19,19,19,21,-1,0.9322656,1.085439,-0.07675835,2.4080835,-2.35235083,3.52442258,-1.58947237,2.44388312,1.37702079,0.726168813
40364.38889,0.929418926,8.5,186,24,75.8,-0.091514981,0.81,12,203.7,19.99012,19.584275,18.053048,17.971155,18.374299,18.617133,18.20579,16.994905,1.127717,0.878792,0.842315,1.046088,1.308188,2.150815,0.514985,0.429498,0.409451,0.373174,0.408907,0.286105,-0.00044,0.000123,-0.00044,0.02144,-0.00044,-0.027866,0.001845,0.814945,0.904067,0.902743042,0.950824379,0,0,0,0,0.02,0.02,0.02,0.02,0,0,0,0,0.141421356,0.141421356,0.141421356,0.141421356,18.58333333,18.58333333,18.52777778,18.27777778,18.30902778,18.20833333,18.27430556,18.44583333,1.269123617,1.269123617,1.267823333,1.261923393,1.262665284,1.260270195,1.261840882,1.26589828,18,18,18,18,18,18,18,18,19,1,-0.8168941,1.184911,-0.10012854,1.4412364,0.764350795,-1.0213361,1.314376914,-1.84011349,2.244359165,-2.108025
40365.38056,2.512550993,325.5,187,22.4,111.2,-0.886056648,0.13,15,199.4,17.100407,16.914389,16.959954,16.906133,18.491434,18.432866,18.575233,17.821834,0.669918,0.508355,1.901056,1.471456,1.392019,1.727595,0.714733,0.674996,0.70939,0.700548,0.455669,0.432288,0.009317,0.002781,0.009317,0.032944,0.009317,-0.020129,0.023627,15.985622,15.985622,3.998202346,3.998202346,0,0,0.09,0.21,0.4,0.42,0.42,0.42,0,0,0.3,0.458257569,0.632455532,0.64807407,0.64807407,0.64807407,19,19,19.26388889,19.01388889,18.72916667,18.515625,18.38194444,18.43819444,1.278753601,1.278753601,1.284743965,1.279070952,1.272518454,1.267538376,1.264391449,1.265718391,19,19,19,18,18,18,18,18,20,0,-1.6422463,-2.5707322,-1.17346252,0.1130974,1.22944334,0.20964268,0.826810171,-0.71645279,-0.451549177,0.750748746
40366.38403,0.986771734,9.7,188,24.4,107.4,0,0,19.2,248.2,20.815706,19.170139,17.238974,17.300459,19.703818,19.097626,18.856517,18.562525,1.687169,1.265242,3.10565,2.645186,2.239964,2.004122,0,0.015918,0.145077,0.115937,0.203635,0.329652,-0.009113,-0.000009,-0.009113,0.025023,-0.009113,-0.02306,0.025563,15.170677,15.985622,3.894955327,3.998202346,0,0,0,0,0,0.4,0.42,0.42,0,0,0,0,0,0.632455532,0.64807407,0.64807407,18,18,18,18,18.12847222,18.42881944,18.38773148,18.33611111,1.255272505,1.255272505,1.255272505,1.255272505,1.258361205,1.265497515,1.264528153,1.263307232,18,18,18,18,18,18,18,18,19,0,-1.372818,0.618807,-1.747945,0.73967284,1.244957,-1.46560697,1.82591752,-2.054737785,1.316807574,-0.547630578
40367.38333,0.612783857,4.1,189,28,104.1,0.352182518,2.25,20.3,247.8,18.104738,17.469358,16.33689,16.419231,18.41561,19.059714,18.870287,18.769026,0.898403,0.664178,2.247862,2.786368,2.540144,2.079543,0,0.147403,0.334427,0.356401,0.190344,0.196989,0.020382,0.001679,0.020382,0.020382,0.020382,-0.015372,-0.00489,0,15.985622,0,3.998202346,0,0,0,0,0,0,0.4,0.42,0,0,0,0,0,0,0.632455532,0.64807407,18,18,18,18,18.00694444,18.06770833,18.28819444,18.25625,1.255272505,1.255272505,1.255272505,1.255272505,1.255440025,1.256903071,1.262170831,1.261411574,18,18,18,18,18,18,18,18,19,0,2.7711408,0.22557774,2.9647904,-0.47322543,2.72675847,-1.705381177,2.51888871,-1.799311297,0.323298284,-0.188469216
40371.38194,1.537819095,34.5,193,21,102.7,0.28780173,1.94,16.9,237.9,18.346909,18.031977,16.09308,16.403601,17.954497,18.877355,19.003317,18.786448,1.390523,1.255503,2.078534,1.954406,2.221095,2.340763,0,0.110681,0.054216,0.096773,0.28097,0.213019,0.000868,0.002536,0.000868,0.025147,0.000868,-0.011895,-0.005851,3.419704,3.419704,1.84924417,1.84924417,0,0,0,0,0.6,0.6,0.6,0.6,0,0,0,0,0.774596669,0.774596669,0.774596669,0.774596669,18.33333333,18.29166667,18.63888889,18.79166667,19.44097222,18.58159722,18.34953704,18.18263889,1.263241435,1.262253279,1.270420019,1.2739653,1.28871798,1.269083042,1.263625111,1.259656914,18,18,18,18,18,17,17,17,29,0,0.76435614,1.6446945,1.51122667,0.2813276,2.802383207,-1.29568037,3.101193562,0.299635855,3.213059689,0.264799264
40378.38264,1.702430536,50.4,200,21.5,104.7,0.84260924,6.96,21.8,199.7,19.579042,18.45346,16.886929,16.999311,18.661534,18.6334,18.627443,18.620529,1.303602,1.101877,2.164004,1.997575,2.003848,1.679008,0,0.048322,0.07031,0.249084,0.245018,0.237966,-0.010736,0.00261,-0.010736,0.030327,-0.010736,-0.014411,0.02276,13.930465,28.165683,3.732353815,5.307135103,0,0,0,0,0,0.05,0.05,0.64,0,0,0,0,0,0.223606798,0.223606798,0.8,18,18,18,18,18.23611111,18.03472222,17.91087963,18.25833333,1.255272505,1.255272505,1.255272505,1.255272505,1.26093223,1.256109458,1.253116915,1.261461132,18,18,18,18,18,17,17,17,20,0,0.84146855,-0.86069289,0.653143675,-1.79624144,2.025015558,-2.615300682,1.879533012,-1.707744248,0.484608046,-0.235227078
40379.41806,2.055760465,113.7,201,19.9,94.8,0.44870632,2.81,20.7,194.8,17.061443,16.916898,16.185533,16.368627,18.400103,18.544556,18.544311,18.623916,0.647947,0.552058,2.493293,2.341988,2.170973,1.990156,0.759484,0.593796,0.252148,0.353797,0.307361,0.260983,-0.002202,0.000819,-0.002202,0.015581,-0.002202,-0.012521,0.004944,0.952868,14.477814,0.976149579,3.804972273,0,0,0,0,0,0,0.05,0.06,0,0,0,0,0,0,0.223606798,0.244948974,18,18,18,18,17.93055556,18.04861111,18,17.91388889,1.255272505,1.255272505,1.255272505,1.255272505,1.253593746,1.256443787,1.255272505,1.253189876,18,18,18,18,17,17,17,17,18,0,1.833734,-3.434192,1.7900814,-3.130494,1.91307742,-3.50907118,1.785072927,-3.42659912,0.981093823,-1.681680874
40380.375,1.669316881,46.7,202,24.8,90.9,-0.187086643,0.65,20.4,193.1,19.633017,18.753512,17.791451,17.526018,18.422237,18.462525,18.528861,18.561475,0.851064,0.663292,1.499673,2.053828,2.093302,2.0256,0,0,0,0.101193,0.23964,0.257678,0.012463,-0.00136,0.012463,0.018195,0.012463,-0.017801,-0.014665,0.77071,14.701175,0.877900906,3.834211131,0,0,0,0,0,0,0,0.05,0,0,0,0,0,0,0,0.223606798,18,18,18,18,18,17.96527778,18.0625,17.93263889,1.255272505,1.255272505,1.255272505,1.255272505,1.255272505,1.254433937,1.25677786,1.253644203,18,18,18,18,18,17,17,17,18,0,4.577483,1.334581,4.691368,0.8153172,5.05912563,-0.93589228,4.46162711,-1.94780504,1.789101531,-0.909455775
40381.38125,1.631443769,42.8,203,18.8,92.2,0.017033339,1.04,20.3,194.6,17.987188,17.911229,17.615616,17.620202,19.769522,19.09588,18.898191,18.792274,0.398872,0.430076,2.624478,2.241037,2.342587,2.214854,0.3884,0.1942,0.109871,0.087715,0.056958,0.148299,0.007509,-0.000531,0.007509,0.016641,0.007509,-0.015917,-0.016432,0.739773,14.808176,0.860100576,3.848139291,0,0,0,0,0,0,0,0.05,0,0,0,0,0,0,0,0.223606798,18,18,18,18,17.73958333,17.86979167,17.8900463,17.94791667,1.255272505,1.255272505,1.255272505,1.255272505,1.248943415,1.252119489,1.252611464,1.254014044,18,18,18,18,17,17,17,17,18,0,1.10755,-2.545106,1.147826,-2.629506,1.608898,-3.2719589,1.77478298,-3.48332338,2.35110967,-1.561444587
40392.375,3.383743576,2419.6,214,21.3,98.7,0.290034611,1.95,21.4,120.7,20.213444,20.329228,19.414979,19.600884,20.675646,20.193059,19.990045,19.955113,0.658389,0.656803,1.270857,1.441704,1.56029,1.843052,0.724626,0.469489,0.489281,0.721429,0.527065,0.380308,0.002878,-0.001198,0.002878,0.022755,0.002878,-0.025052,-0.020833,47.712331,52.656922,6.90741131,7.25650894,1.59,1.59,1.6,1.6,1.6,1.64,1.83,2.05,1.260952021,1.260952021,1.264911064,1.264911064,1.264911064,1.280624847,1.352774926,1.431782106,62.58333333,65.66666667,55.27777778,40.08333333,29.04166667,23.53125,21.95949074,20.36388889,1.796458691,1.817344971,1.742550576,1.60296383,1.463021536,1.371644998,1.341622264,1.308860719,60,60,38,18,18,18,17,17,70,22,-1.9099238,1.6054943,-1.5993954,1.6220092,-0.029339738,-1.8350805,-0.231977869,-1.52378797,1.600530115,-2.41397935
40393.38542,3.019614716,1046.2,215,26.7,101,0.276461804,1.89,22.6,153.3,21.162495,20.842349,19.952094,19.673441,20.866882,20.771264,20.417666,20.195463,0.688578,0.585133,1.447501,1.365398,1.478171,1.789684,0.427316,0.266951,0.247125,0.355246,0.458634,0.492849,-0.020096,-0.000443,-0.020096,0.033192,-0.020096,-0.023959,0.007574,47.640004,52.664594,6.90217386,7.25703755,0,0,0,0,0,1.82,1.86,2.05,0,0,0,0,0,1.349073756,1.36381817,1.431782106,21,21,21.31944444,22.73611111,29.14583333,29.30208333,25.53935185,22.59930556,1.322219295,1.322219295,1.328775883,1.356716183,1.464576477,1.466898499,1.407209871,1.354095094,21,21,21,21,21,18,18,17,56,-1,3.599189,-3.392572,3.753278,-3.346669,3.0875962,-2.95807132,2.548626754,-2.67626222,0.566710667,-0.507903132
40394.38194,1.981818607,95.9,216,26.8,90.5,0.716837723,5.21,20.5,178,20.988943,20.685989,20.203773,20.247544,22.016349,21.441615,21.186292,20.570673,0.40936,0.436898,2.131487,1.910384,1.761188,1.851006,0,0.038979,0.012993,0.006496,0.070482,0.264558,-0.025753,-0.003265,-0.025753,0.023664,-0.025753,-0.025753,0.008068,0.020314,52.677236,0.14252719,7.257908514,0,0,0,0,0,0.01,1.82,2.05,0,0,0,0,0,0.1,1.349073756,1.431782106,18,18,18,18,18.51736111,23.89583333,25.7037037,22.78958333,1.255272505,1.255272505,1.255272505,1.255272505,1.267579096,1.378322181,1.409995706,1.357736385,18,18,18,18,18,18,18,17,21,0,5.403596,-0.8473507,5.7295175,-1.2670538,5.49172927,-2.6566065,4.97793531,-2.56223757,4.686178479,-1.575700485
40407.39583,1.413299764,25.9,229,19.1,85.3,0.113943352,1.3,14.7,183.3,15.617218,15.64836,15.295495,16.080186,17.631505,17.918486,18.998647,20.050802,0.357222,0.924855,1.759561,1.590475,2.303671,2.631296,0,0,0.025757,0.027707,0.150721,0.317458,-0.016444,0.002041,-0.016444,0.049121,-0.016444,-0.039743,0.019252,1.08942,61.089696,1.043752844,7.815989765,0,0,0,0,0,0.11,0.11,1.66,0,0,0,0,0,0.331662479,0.331662479,1.288409873,19,19,19,19,19.03819444,19.38541667,21.35300926,25.71180556,1.278753601,1.278753601,1.278753601,1.278753601,1.279625758,1.28747514,1.329459088,1.410132575,19,19,19,19,19,19,19,17,20,0,6.7625472,2.4100424,6.3803156,1.2889272,7.02328962,-0.375393417,6.84649095,-1.092829431,7.156461917,0.401537155
40408.54375,1.674861141,47.3,230,14.6,88.1,0.515873844,3.28,16.7,182.7,16.003775,16.678875,17.267142,17.620697,18.463386,17.895036,17.976491,19.081095,0.5718,0.553451,1.047939,1.511627,1.447383,2.065278,0.860596,0.764853,0.802601,0.683002,0.352517,0.227091,0.001963,0.005312,0.001963,0.050009,0.001963,-0.05071,0.04534,15.025591,55.176823,3.876285722,7.428110325,0.04,0.06,0.4,0.46,0.46,0.46,0.57,1.49,0.2,0.244948974,0.632455532,0.678232998,0.678232998,0.678232998,0.754983444,1.220655562,22,22,20.86111111,19.93055556,19.05555556,19.01909722,19.19907407,25.90138889,1.342422681,1.342422681,1.319337436,1.299519405,1.280021615,1.279189898,1.283280284,1.413323053,22,22,19,19,18,18,18,18,23,3,-2.62992,2.776896,0.366459,0.9963147,3.4985717,-0.464638838,4.4700278,-2.514760236,4.578889554,-3.111333526
40413.67708,2.026533265,106.3,235,27.4,102.8,0.36361198,2.31,23.7,137.8,22.413906,23.14528,22.332988,20.414691,19.206622,18.70061,18.097629,17.700489,0.869463,2.26505,2.246558,2.170391,2.043233,1.762423,0,0,0.051815,0.084135,0.117874,0.114909,-0.008617,0.000736,-0.008617,0.02751,-0.008617,-0.025752,-0.008752,0.295013,19.886737,0.543150992,4.459454787,0,0,0,0,0,0,0,0.78,0,0,0,0,0,0,0,0.883176087,19,19,19,19.28472222,19.60763889,20.57118056,23.76851852,26.38333333,1.278753601,1.278753601,1.278753601,1.285213388,1.2924253,1.313259216,1.376002113,1.421329664,19,19,19,19,19,19,19,19,20,0,1.667081,-4.596664,1.571588,-4.559948,1.73701588,-4.7080168,1.81514295,-4.35782477,1.166627066,-2.82387364
40694.39583,1.932980822,85.7,151,25.4,105.8,0.217483944,1.65,15.3,98.5,12.58725,12.029719,8.772893,7.435835,7.902773,8.909349,8.75558,7.221187,2.348413,2.145815,1.947584,2.285193,2.22805,2.739028,0,0.030146,0.328432,0.386498,0.470762,0.591327,0.03481,0.00531,0.03481,0.059157,0.03481,-0.049938,-0.051659,36.221578,46.886198,6.018436508,6.847349706,0,0,0,0,0.27,1.06,1.07,1.31,0,0,0,0,0.519615242,1.029563014,1.034408043,1.144552314,32.33333333,33.16666667,35.88888889,41.70833333,88.02430556,55.00347222,42.94791667,33.02361111,1.50965048,1.520701826,1.554960013,1.620222836,1.944602608,1.740390106,1.632942102,1.518824561,32,32,32,32,32,18,18,18,249,-9,0.6975638,-6.659841,0.61411205,-6.1533675,0.414849277,-3.4640452,-0.757855078,-1.069670348,-2.143030302,-0.135834695
40695.27847,2.131618664,135.4,152,12.2,108.2,1.020361283,10.48,12.4,151.92,8.322122,8.350016,8.642801,9.220321,10.553044,9.095933,9.401997,8.437564,0.221834,0.761977,1.769209,2.207383,2.253299,2.435699,0.928238,0.933953,0.929583,0.917513,0.572594,0.572794,-0.021451,-0.022244,-0.021451,0.036496,-0.021451,-0.101678,0.031626,32.425212,48.785081,5.694314006,6.984631773,0,0,0,0,0.04,0.84,1.1,1.35,0,0,0,0,0.2,0.916515139,1.048808848,1.161895004,24,24,24.65277778,25.77777778,28.26041667,58.09201389,45.52893519,34.71666667,1.380211242,1.380211242,1.391865861,1.411245475,1.451178561,1.764116433,1.658287493,1.54053802,24,24,24,24,24,24,18,18,35,-2,9.068744,-0.07618183,8.940445,-0.954616415,9.5985825,-2.010628972,9.4611334,-3.186071686,6.962957978,-4.678324122
40697.40278,1.424881637,26.6,154,18.5,83,0.033423755,1.08,13,114.9,10.579868,10.717049,10.214327,9.825996,9.442612,9.003415,9.416465,9.213618,0.441933,0.844341,0.919102,2.255498,2.193912,2.244663,0.343805,0.193811,0.422597,0.378838,0.308814,0.228711,0.085777,0.008437,0.085777,0.085777,0.085777,-0.063214,-0.076743,0.092092,38.212554,0.303466637,6.181630367,0,0,0,0,0,0,0.04,1.1,0,0,0,0,0,0,0.2,1.048808848,19,19,19,19,19.12847222,20.04513889,22.37037037,35.44166667,1.278753601,1.278753601,1.278753601,1.278753601,1.281680285,1.30200907,1.349673174,1.549514137,19,19,19,19,19,19,19,18,20,0,0.7772536,-5.059908,0.3484424,-4.779904,-0.126841006,-4.19603775,-0.391779932,-3.97765253,-1.352591905,-0.4822474
40698.67361,0.301029996,2,155,33.7,101.4,0.322219295,2.1,17,214.8,17.5824,15.35654,15.862275,13.281471,11.379409,10.699465,9.887801,9.635096,2.380472,3.249395,3.21025,2.559793,2.840182,2.662759,0.059623,0.058921,0.01964,0.00982,0.093345,0.19372,0.046331,0.001571,0.046331,0.081204,0.046331,-0.086073,0.011689,0.706275,3.342736,0.84040169,1.828315071,0,0,0,0,0,0,0,0.04,0,0,0,0,0,0,0,0.2,18.5,18.75,18.91666667,18.95833333,18.97916667,18.99305556,19.39930556,25.89097222,1.267171728,1.273001272,1.276844611,1.277800155,1.27827714,1.278594839,1.287786184,1.413148359,18,18,18,18,18,18,18,18,19,-1,4.7944887,2.6376437,6.05262985,0.86998995,5.70790195,0.95603487,4.52150831,-1.17704332,3.23305439,-0.722181862
40700.50556,0,1,157,25.3,107,0.315970345,2.07,18.3,228.2,14.177411,13.512881,11.399997,9.311322,10.396154,11.187485,11.033206,10.276126,1.821835,2.524532,2.770948,3.136016,2.912281,2.839366,0,0,0.022418,0.142524,0.077436,0.046873,-0.051968,0.002345,-0.051968,0.075494,-0.051968,-0.061849,0.042175,0,0.706275,0,0.84040169,0,0,0,0,0,0,0,0,0,0,0,0,0,0,0,0,18.5,18.70833333,18.90277778,18.84722222,18.43055556,18.51215278,18.67476852,19.14861111,1.267171728,1.272035099,1.276525629,1.275247351,1.265538426,1.267456926,1.271255227,1.282137279,18,18,18,18,18,18,18,18,19,-1,-0.9069455,2.787443,-1.1744532,2.2820311,-1.96456925,2.086058998,-1.038273542,-0.045840937,-0.965073654,0.342065344
40701.36389,2.812110841,648.8,158,19.4,113.9,1.190331698,15.5,16.2,118.4,9.945507,9.45872,9.351754,9.369668,11.081048,10.68645,11.233084,10.646833,0.534488,1.023396,1.996441,2.381779,2.91412,2.525419,0.624495,0.353058,0.694835,0.386673,0.210466,0.143951,0.04244,0.000133,0.04244,0.054821,0.04244,-0.068575,-0.048755,4.370619,5.076894,2.090602545,2.253196396,0,0,0.42,1.09,1.09,1.09,1.09,1.09,0,0,0.64807407,1.044030651,1.044030651,1.044030651,1.044030651,1.044030651,19.16666667,19.58333333,20.04166667,19.11805556,18.68055556,18.53819444,18.57638889,18.78055556,1.28254659,1.291886616,1.301933835,1.281443719,1.271389788,1.268067433,1.268961294,1.273708435,19,19,19,18,18,18,18,18,22,0,-0.85919075,2.0725283,-1.54464092,-0.142765,-1.43367497,-2.5141421,-0.805215057,-1.71656451,-1.095425402,0.37616766
40702.42639,1.037426498,10.9,159,17.6,102,0.383815366,2.42,18.2,112,13.421123,12.642195,10.581556,10.205144,10.625495,10.867168,10.665658,10.921076,1.779654,1.75082,1.394798,1.738227,2.104892,2.487465,0,0.00306,0.004486,0.004471,0.030682,0.124341,-0.075014,0.004809,-0.075014,0.054119,-0.075014,-0.075014,0.018109,4.370619,4.834658,2.090602545,2.198785574,0,0,0,0,0,1.09,1.09,1.09,0,0,0,0,0,1.044030651,1.044030651,1.044030651,19,19,19,19,19,18.84027778,18.69675926,18.74583333,1.278753601,1.278753601,1.278753601,1.278753601,1.278753601,1.275087302,1.271766336,1.272904751,19,19,19,19,19,18,18,18,19,0,2.849264,0.3550615,2.3788384,0.83467125,1.00685637,0.20686097,1.867188475,-0.56561241,-0.532923779,1.0831526
40703.39306,1.348304863,22.3,160,13.4,79.4,0.749736316,5.62,13.8,134.3,7.571637,7.612788,7.163781,6.92454,10.115786,10.332076,10.598207,10.873912,0.37534,0.473299,3.640082,2.738138,2.544999,2.879503,0.836596,0.839037,0.85295,0.892932,0.67468,0.353614,-0.025537,0.004423,-0.025537,0.071241,-0.025537,-0.081974,-0.049478,0.017259,4.387878,0.131373513,2.094726235,0,0,0,0.01,0.04,0.04,1.13,1.13,0,0,0,0.1,0.2,0.2,1.063014581,1.063014581,18,18,18.01388889,18.33333333,18.30555556,18.65277778,18.66203704,18.60694444,1.255272505,1.255272505,1.25560748,1.263241435,1.262582914,1.270743516,1.270959047,1.269675061,18,18,18,18,18,18,18,18,19,0,-5.904448,2.023794,-5.1956965,2.083937,-4.67966073,1.93892365,-5.21364202,2.05465332,-2.21073772,2.386038747
40706.28542,0,1,163,12.8,105,0.424881637,2.66,14.8,226.4,5.933355,5.984074,5.782747,6.793304,8.317644,7.436957,7.378402,8.630438,0.324151,2.149114,2.794446,2.19861,1.91228,2.713788,0,0,0,0.004581,0.266843,0.508475,0.014295,-0.003355,0.014295,0.065441,0.014295,-0.048935,-0.032022,0.950959,0.968218,0.975171267,0.983980691,0,0,0,0,0,0.01,0.01,0.05,0,0,0,0,0,0.1,0.1,0.223606798,18,18,18,18,18,18.00173611,17.98263889,18.28055556,1.255272505,1.255272505,1.255272505,1.255272505,1.255272505,1.255314391,1.254853423,1.26198939,18,18,18,18,18,18,17,17,18,0,2.644538,-2.807507,2.568896,-2.522598,1.92288548,-3.7744927,1.236944759,-2.98440474,0.128371965,-0.4918184
40707.31111,0.924279286,8.4,164,15.5,108.1,0.387389826,2.44,15.9,234,7.993568,7.403775,7.726121,8.513873,11.880692,10.103895,8.910068,8.88354,0.467056,1.206207,4.203057,3.984818,3.678192,3.452709,0,0,0,0,0.00697,0.116921,-0.00159,-0.001904,-0.00159,0.065272,-0.00159,-0.054837,0.000459,0,0.968218,0,0.983980691,0,0,0,0,0,0,0.01,0.05,0,0,0,0,0,0,0.1,0.223606798,18,18,18,17.93055556,17.78472222,17.89236111,17.92939815,18.02430556,1.255272505,1.255272505,1.255272505,1.253593746,1.250047086,1.252667655,1.253565711,1.255858541,18,18,18,17,17,17,17,17,18,0,1.75209,-3.10166,1.6021119,-3.5277682,2.25671258,-3.12884345,1.282832439,-3.14125966,0.583148185,-0.945825412
40708.54722,0,1,165,31.2,103.5,0.496929648,3.14,19.8,237.3,13.188093,12.906788,13.566035,10.948249,10.80563,11.42203,10.753519,9.226594,1.465497,2.835991,2.696907,3.540494,3.653072,3.456133,0,0,0.031029,0.095928,0.050445,0.025222,0.045479,0.002241,0.045479,0.049742,0.045479,-0.038834,-0.028472,0.319788,1.270747,0.565498011,1.127274146,0,0,0,0,0,0,0,0.01,0,0,0,0,0,0,0,0.1,18,18,18,18,17.70486111,17.73090278,17.82060185,17.88194444,1.255272505,1.255272505,1.255272505,1.255272505,1.248092524,1.248730848,1.250922367,1.252414741,18,18,18,18,17,17,17,17,18,0,-4.29395,-2.404353,-2.58883242,-3.0662448,-1.921359992,-1.266997352,-0.789052189,-1.911961892,-0.6570765,-0.5674371
40709.41111,0.477121255,3,166,16.9,105.8,0.399673721,2.51,16.3,238.5,10.872779,10.213203,10.413391,10.498393,11.577765,11.252397,11.506061,9.917997,0.612767,0.742895,1.38118,2.219298,3.035008,3.370548,0.176411,0.394626,0.618156,0.351991,0.175995,0.11322,-0.009071,0.002913,-0.009071,0.05741,-0.009071,-0.046804,0.010575,1.416195,1.751236,1.190039915,1.323342737,0,0,0.01,0.01,0.01,0.01,0.01,0.02,0,0,0.1,0.1,0.1,0.1,0.1,0.141421356,18,18,18,18,17.80902778,17.74305556,17.75694444,17.85486111,1.255272505,1.255272505,1.255272505,1.255272505,1.250640211,1.249028412,1.249368236,1.251756476,18,18,18,18,17,17,17,17,18,0,-4.0753114,0.17737741,-3.1953357,0.3794433,-2.1097384,-1.1595059,-1.767285475,-2.047863758,-2.359029335,-2.178404167
40714.44236,2.065206128,116.2,171,16.6,119.2,0.437750563,2.74,16.9,112.7,10.351762,10.174646,9.233156,8.480892,8.753551,9.141098,9.362563,9.644853,1.005035,1.111878,1.122381,1.131877,1.204235,1.144541,0.313083,0.59332,0.859635,0.923843,0.961921,0.889144,0.022566,0.007628,0.022566,0.051496,0.022566,-0.028999,0.02893,12.937357,26.210883,3.596853764,5.119656531,0,0,0,0,0.04,1.57,1.64,2.11,0,0,0,0,0.2,1.252996409,1.280624847,1.452583905,23.41666667,23.70833333,25.01388889,27.04861111,33.18402778,30.60763889,26.61342593,23.57847222,1.369525074,1.374901025,1.398181216,1.43214497,1.520929098,1.485829829,1.425100785,1.372515661,23,23,23,23,23,19,18,18,54,-5,-2.6544181,2.383677,-2.2696753,2.6514568,-2.279143742,2.34416085,-2.027477314,1.216788124,-2.089542965,2.804785416
40715.46875,1.994756945,98.8,172,13.1,99.1,0.727541257,5.34,15.2,158,13.027156,11.128052,10.532303,9.372575,9.747128,9.254712,9.333442,9.562602,1.291925,1.493207,1.205226,1.269138,1.181379,1.159859,0.516051,0.706111,0.785334,0.767414,0.749325,0.84522,0.048519,0.007597,0.048519,0.057542,0.048519,-0.035758,-0.034064,6.002633,23.488507,2.450027143,4.8464943,0,0.03,0.15,0.15,0.15,0.18,1.72,1.79,0,0.173205081,0.387298335,0.387298335,0.387298335,0.424264069,1.311487705,1.337908816,23.91666667,23.5,22.51388889,22.625,23.18402778,27.82118056,28.16550926,24.42291667,1.378700651,1.371067862,1.352450518,1.354588588,1.365188888,1.444375555,1.449717608,1.387797528,23,22,22,22,22,22,19,18,25,2,-6.421151,4.10269,-7.457214,3.177453,-6.23162293,2.75722335,-5.06578107,1.501946148,-4.16059463,2.533765953
40716.39583,2.663795122,461.1,173,15,118.1,1.093421685,12.4,14.1,87.2,7.5609,7.705526,8.408789,9.084809,9.720758,9.699362,9.385747,9.494868,0.508999,0.779472,1.083229,1.045984,1.162536,1.153921,0.940116,0.941569,0.967273,0.982742,0.91935,0.821869,0.06102,0.021426,0.06102,0.06102,0.06102,-0.015947,-0.030999,21.145373,38.787924,4.598409834,6.227995183,0.1,0.18,0.22,0.23,0.82,0.95,1.02,2.59,0.316227766,0.424264069,0.469041576,0.479583152,0.905538514,0.974679434,1.009950494,1.609347694,41.16666667,40.04166667,39.19444444,41.73611111,36.60069444,29.88194444,31.53819444,27.87708333,1.614545703,1.602512146,1.593224513,1.62051198,1.563489326,1.475408854,1.498836826,1.445247333,39,38,38,38,23,22,22,18,47,2,-5.206486,4.491893,-5.4623,4.398792,-5.98424132,3.52431573,-6.18839999,3.34177578,-6.374092217,3.46304782
40717.33333,1.958563883,90.9,174,12.1,115,0.1430148,1.39,13.5,96.1,7.453439,7.406162,7.305413,7.23011,7.668113,8.726708,9.056121,9.09726,0.144753,0.154789,0.798146,1.390804,1.356842,1.279374,0.881364,0.911253,0.935929,0.950254,0.967712,0.942603,0.019763,0.014506,0.019763,0.068356,0.019763,-0.027571,0.041257,24.413631,40.770412,4.941015179,6.385171258,0.01,0.04,0.1,0.13,0.39,1.16,1.2,2.79,0.1,0.2,0.316227766,0.360555128,0.6244998,1.077032961,1.095445115,1.670329309,34.25,34.16666667,35.34722222,38.88194444,53.22222222,44.34027778,37.32291667,34.52847222,1.534660576,1.533602611,1.54835529,1.589747975,1.726093004,1.64679841,1.571975575,1.538177363,34,34,34,34,34,22,22,19,105,-3,-3.5106138,3.6761767,-3.4286064,4.0338538,-3.5683003,3.69117602,-3.60033668,3.48797677,-4.725405208,2.95440004
40721.41111,0.716003344,5.2,178,20.5,105.9,0.217483944,1.65,17.8,212.7,13.236752,13.083578,12.273311,12.017987,12.855833,13.585796,13.11203,11.428265,0.703404,0.851354,1.257013,2.751568,2.540406,3.020969,0.493119,0.257355,0.085785,0.142985,0.201033,0.254093,0.030966,0.002026,0.030966,0.031493,0.030966,-0.048023,-0.033699,0.006571,6.914781,0.081061705,2.629597117,0,0,0,0,0,0,0,0.29,0,0,0,0,0,0,0,0.538516481,17,17,17,17,17.04861111,17.72916667,19.30787037,29.13055556,1.230448921,1.230448921,1.230448921,1.230448921,1.231689004,1.248688323,1.285734374,1.464348767,17,17,17,17,17,17,17,17,18,0,-0.5718829,-3.9881235,-0.547585225,-3.8207026,-0.384381052,-3.67654778,-0.304248998,-3.58966798,0.09532809,-3.23385002
40722.40278,0,1,179,23.8,115.9,-0.065501549,0.86,12.5,215.3,14.273637,14.315836,11.732292,10.950292,11.721643,12.288738,12.964412,12.237912,1.871387,1.547057,1.531677,1.511507,2.569371,2.45154,0.265032,0.311709,0.454517,0.62603,0.670897,0.435965,0.015381,0.000031,0.015381,0.032209,0.015381,-0.02419,-0.017674,1.641813,2.183185,1.28133251,1.477560489,0,0,0,0.02,0.09,0.09,0.09,0.16,0,0,0,0.141421356,0.3,0.3,0.3,0.4,17,17,17,17,17,17.02951389,17.49421296,22.02708333,1.230448921,1.230448921,1.230448921,1.230448921,1.230448921,1.231202251,1.242894409,1.342956995,17,17,17,17,17,17,17,17,17,0,3.175045,3.623483,3.4724074,3.5669391,4.36365948,2.41707402,5.12480413,1.775371359,4.39875949,0.298511179
40723.42639,0,1,180,24.3,98.9,-0.124938737,0.75,17.7,224.2,14.031559,13.772291,11.029106,10.24122,13.101986,12.429893,12.562577,12.844775,2.59699,2.057185,3.588031,2.855858,2.443988,2.693411,0,0,0.22776,0.225127,0.219833,0.44773,-0.017859,0.003284,-0.017859,0.051339,-0.017859,-0.042385,0.033589,1.543888,1.641813,1.242532897,1.28133251,0,0,0,0,0,0.09,0.09,0.09,0,0,0,0,0,0.3,0.3,0.3,17,17,17,17,16.97569444,16.98784722,17.00347222,18.35208333,1.230448921,1.230448921,1.230448921,1.230448921,1.22982755,1.230138347,1.230537616,1.263685373,17,17,17,17,16,16,16,16,17,0,-1.2743694,0.975779,-1.2961102,0.76799095,-0.183992018,-0.99369835,0.192229286,-1.928008033,-0.456073132,-0.269203171
40724.48264,1.613841822,41.1,181,28.6,104.5,0.167317335,1.47,20.3,232.6,12.442428,12.365509,11.870026,10.972398,12.208749,12.649185,12.37193,12.818056,0.619747,1.147998,1.874837,2.892505,2.583813,2.672984,0.435715,0.433494,0.465285,0.250888,0.127598,0.164503,0.001748,0.005864,0.001748,0.037439,0.001748,-0.018099,0.002887,0,1.641813,0,1.28133251,0,0,0,0,0,0,0.09,0.09,0,0,0,0,0,0,0.3,0.3,17,17,17,16.97916667,16.6875,16.83159722,16.88773148,17.19652778,1.230448921,1.230448921,1.230448921,1.229916371,1.222391279,1.22612533,1.227571315,1.235440766,17,17,17,16,16,16,16,16,17,0,-2.6490689,-3.2199351,-2.911251,-3.3315196,-1.69109255,-3.84512768,-1.65897428,-2.889110949,-1.645050657,-0.02221222
40728.39931,1.526339277,33.6,185,30.3,109.3,0.08278537,1.21,21.5,234.8,15.435654,15.015428,13.594322,13.657602,16.638977,15.350885,14.818844,14.089511,1.096169,0.868875,3.368271,3.336897,2.982168,2.67402,0.021868,0.015721,0.04966,0.02483,0.012415,0.009368,0.021283,0.000303,0.021283,0.036788,0.021283,-0.026489,-0.018344,0,8.084158,0,2.843265376,0,0,0,0,0,0,0.54,0.54,0,0,0,0,0,0,0.734846923,0.734846923,17,17,17,16.93055556,16.60763889,16.74479167,16.90625,16.82013889,1.230448921,1.230448921,1.230448921,1.228671209,1.220307893,1.223879749,1.228047287,1.225829578,17,17,17,16,16,16,16,16,17,0,2.6706686,-1.4482957,2.2416293,-2.2776528,2.26857473,-2.6296065,2.13710438,-2.76317748,1.2000805,-1.168538858
40729.40972,0.929418926,8.5,186,28.4,99.3,0.049218023,1.12,17,238.7,15.145181,14.586262,13.836839,14.352866,15.843615,16.241296,15.515128,14.783002,0.741655,1.60053,1.979409,2.791022,2.963651,2.589268,0,0.010866,0.062669,0.157083,0.082182,0.047299,0.004168,-0.001078,0.004168,0.030152,0.004168,-0.034269,-0.005672,1.963062,10.04722,1.401093145,3.169735005,0,0,0,0.08,0.08,0.08,0.08,0.62,0,0,0,0.282842712,0.282842712,0.282842712,0.282842712,0.787400787,17,17,17,16.92361111,16.54513889,16.57638889,16.67824074,16.79166667,1.230448921,1.230448921,1.230448921,1.228493037,1.218670417,1.219489927,1.222150238,1.225093804,17,17,17,16,16,16,16,16,17,0,1.223591,-3.243637,1.2753192,-2.902992,1.97593817,-2.49064733,2.257696498,-3.08548704,2.982288903,-3.077404722
40730.40278,0,1,187,27.7,98.6,-0.180456064,0.66,18.2,193.7,17.505209,15.288125,12.798458,13.271103,16.566232,16.204923,16.349608,15.373276,2.184584,1.750557,4.233531,3.324299,3.345284,3.196478,0,0,0,0.047953,0.107719,0.094951,-0.021083,-0.002459,-0.021083,0.038213,-0.021083,-0.026926,0.006739,1.963062,10.04722,1.401093145,3.169735005,0,0,0,0,0,0.08,0.08,0.62,0,0,0,0,0,0.282842712,0.282842712,0.787400787,16.5,16.58333333,16.83333333,16.71527778,16.45486111,16.5,16.53587963,16.74375,1.217483944,1.21967183,1.226170123,1.223113598,1.216294221,1.217483944,1.218427302,1.223852731,16,16,16,16,16,16,16,16,17,0,0.950222,1.10664,1.249897,-0.7601085,1.63394,-1.9869076,2.33848138,-1.394616852,2.53863992,-0.876905204
40731.43889,1.08278537,12.1,188,23.3,106.1,0.025305865,1.06,20.3,189.9,14.069468,13.931714,13.37168,13.377555,15.854513,16.250735,16.119874,15.824829,0.441931,0.498643,3.163932,3.76426,3.284582,3.324317,0.410932,0.409077,0.425999,0.229322,0.125413,0.115358,-0.004868,-0.000451,-0.004868,0.027334,-0.004868,-0.026146,-0.004698,0.869813,2.832875,0.932637657,1.683114672,0,0.01,0.05,0.05,0.05,0.05,0.13,0.13,0,0.1,0.223606798,0.223606798,0.223606798,0.223606798,0.360555128,0.360555128,17,17,16.93055556,16.63194444,16.31597222,16.37326389,16.43055556,16.55625,1.230448921,1.230448921,1.228671209,1.220943026,1.212612957,1.214135261,1.215652248,1.218961976,17,17,16,16,16,16,16,16,17,0,2.583991,-3.786646,2.296682,-3.115128,2.61714012,-2.33413155,2.27609292,-2.4768199,0.849036173,-1.17079478
40735.42361,1.550228353,35.5,192,29.1,100.1,0.093421685,1.24,25.7,242.5,16.506098,16.050064,14.968914,14.911436,17.91691,16.618716,16.174761,16.023915,0.859454,0.719672,3.752877,3.013803,2.926045,2.868458,0,0.051776,0.07277,0.303541,0.255226,0.305551,0.010744,0.000734,0.010744,0.028876,0.010744,-0.026002,-0.002582,14.627069,18.233073,3.824535135,4.270020258,0,0,0,0.03,0.03,0.03,0.03,0.24,0,0,0,0.173205081,0.173205081,0.173205081,0.173205081,0.489897949,17,17,17.31944444,18.15277778,17.15972222,16.91840278,16.85532407,16.71805556,1.230448921,1.230448921,1.238533957,1.258943091,1.234510253,1.22835936,1.226737107,1.223185764,17,17,17,16,16,16,16,16,22,-1,3.1213102,-0.70058347,3.5339578,-0.73881221,3.48707168,-1.33081099,2.825538502,-1.951095627,1.74542782,-0.995843788
40736.43056,1.495544338,31.3,193,24.2,85.2,-0.193820026,0.64,20,243.7,17.021835,16.679411,14.809761,14.598757,17.923314,17.920112,17.053582,16.437675,1.719152,1.350036,3.89583,3.825023,3.390092,3.131463,0.442229,0.386867,0.244918,0.163155,0.099876,0.177551,-0.03155,-0.002521,-0.03155,0.023789,-0.03155,-0.03155,0.00338,14.627069,17.363261,3.824535135,4.166924645,0,0,0,0,0,0.03,0.03,0.19,0,0,0,0,0,0.173205081,0.173205081,0.435889894,17,17,17,17,16.76736111,16.96354167,16.86805556,16.81180556,1.230448921,1.230448921,1.230448921,1.230448921,1.224464718,1.22951653,1.227065023,1.225614358,17,17,17,17,16,16,16,16,17,0,0.80612249,2.9674857,1.48092224,2.7853954,2.487875898,1.2344386,3.314988216,1.275347002,3.564420254,1.273640457
40737.40625,1.445604203,27.9,194,18.2,105.1,0.496929648,3.14,19.2,245.1,14.162427,14.117851,13.638921,14.515382,16.411682,17.156754,17.427516,16.586078,0.609733,1.303762,2.163546,3.241763,3.437898,3.100101,0.726869,0.730007,0.629525,0.563489,0.587692,0.334571,0.003232,0.001421,0.003232,0.024483,0.003232,-0.03155,-0.034782,0,14.78952,0,3.845714498,0,0,0,0,0,0,0.03,0.03,0,0,0,0,0,0,0.173205081,0.173205081,16.91666667,16.95833333,16.98611111,16.95138889,16.57291667,16.67013889,16.83333333,16.78125,1.228314792,1.229383168,1.230093961,1.229205287,1.219398947,1.221939218,1.226170123,1.224824307,16,16,16,16,16,16,16,16,17,0,-3.2414464,3.3394089,-3.3499176,2.08651366,-4.36162068,2.511837655,-4.04357506,2.704963802,-2.521897832,2.565047251
40738.64722,2.463743721,290.9,195,17.5,105.5,0.198657087,1.58,20.8,239.1,14.612245,15.492472,14.733468,13.527119,13.444756,14.524381,15.369469,16.159987,0.861001,1.417949,1.644804,2.089132,2.767376,3.220182,0.470848,0.439182,0.377125,0.313473,0.177472,0.358853,-0.002347,0.000701,-0.002347,0.037567,-0.002347,-0.020415,-0.011656,2.531528,17.158597,1.591077622,4.142293688,0.13,0.13,0.13,0.18,0.18,0.18,0.18,0.21,0.360555128,0.360555128,0.360555128,0.424264069,0.424264069,0.424264069,0.424264069,0.458257569,16.33333333,16.33333333,16.72222222,16.81944444,16.46527778,16.49305556,16.53935185,16.69236111,1.213074825,1.213074825,1.22329399,1.225811647,1.216569062,1.217301122,1.218518486,1.222517771,16,16,16,16,16,16,16,16,17,0,-2.87988,0.3751419,-2.780156,-0.68962105,-0.49553066,-2.34022432,0.263506155,-2.52148878,-0.656166881,-1.46937728
40739.77778,3.238773502,1732.9,196,25.5,105.8,0.056904851,1.14,22.5,236.85,17.304878,17.101501,16.607289,16.004292,15.082729,14.330045,14.617421,15.74183,0.597994,0.757502,1.112931,1.708574,1.683055,2.876245,0.564158,0.608696,0.648162,0.681706,0.75696,0.503288,-0.001938,0.001488,-0.001938,0.028319,-0.001938,-0.033476,-0.011142,3.726668,18.353738,1.930457977,4.284126282,0,0,0,0.02,0.02,0.22,0.22,0.25,0,0,0,0.141421356,0.141421356,0.469041576,0.469041576,0.5,17,17,17,17,17,16.79340278,16.7025463,16.80555556,1.230448921,1.230448921,1.230448921,1.230448921,1.230448921,1.225138704,1.222782684,1.225452874,17,17,17,17,17,16,16,16,17,0,0.6177281,-4.590156,0.3923351,-4.62056,0.02386478,-4.5306585,-0.064086122,-4.19770648,-0.55711495,-3.02637358
40740.81181,1.571708832,37.3,197,27.7,106.1,0.049218023,1.12,24.8,234.6,24.736963,24.245855,24.104425,21.05725,18.447968,16.83652,15.724762,15.747637,0.89303,3.364431,3.564175,3.102491,3.159493,2.761278,0.056962,0.155246,0.117397,0.301399,0.299216,0.520431,0.004842,-0.00037,0.004842,0.031423,0.004842,-0.030619,0.007889,1.027608,3.726668,1.013710018,1.930457977,0,0,0,0,0,0.02,0.22,0.22,0,0,0,0,0,0.141421356,0.469041576,0.469041576,16,16,16.01388889,16.47222222,16.72222222,16.85243056,16.77546296,16.69583333,1.204119983,1.204119983,1.204496811,1.216752193,1.22329399,1.226662546,1.224674515,1.222608101,16,16,16,16,16,16,16,16,17,0,0.19823304,-1.7088234,-1.76256498,-0.7723812,-0.771462343,-0.40444235,0.071295162,-0.710360789,0.625065141,-2.068100357
40741.66458,3.019614716,1046.2,198,27.3,104.5,0.204119983,1.6,26.4,245.1,24.417952,23.469561,22.296838,20.302596,20.091558,18.642394,17.439661,16.273549,1.381567,2.374004,3.026655,3.030937,3.065028,3.069553,0.249396,0.185856,0.227751,0.263397,0.224005,0.299193,-0.004647,-0.000038,-0.004647,0.022764,-0.004647,-0.014292,-0.003377,0,3.726668,0,1.930457977,0,0,0,0,0,0,0.02,0.22,0,0,0,0,0,0,0.141421356,0.469041576,16,16,16.41666667,16.70833333,16.52777778,16.68923611,16.79282407,16.675,1.204119983,1.204119983,1.21528498,1.222933131,1.218214465,1.222436459,1.225123738,1.222065843,16,16,16,16,16,16,16,16,17,-1,-1.6182037,1.0598317,-1.9072013,0.888072085,-0.362040965,-2.072402938,0.599912992,-2.729318028,0.364420662,-1.940224855
40742.45833,2.14332713,139.1,199,28,100.3,0.056904851,1.14,24.6,243.1,22.011244,21.776046,19.811613,18.334456,19.661602,19.771681,18.591588,16.822759,1.971342,2.069444,2.468811,2.67872,2.793275,3.210678,0.240923,0.326483,0.231122,0.212391,0.214341,0.215982,-0.005955,0.000179,-0.005955,0.027263,-0.005955,-0.025706,-0.000512,2.794609,6.521277,1.671708408,2.553679111,0,0,0,0,0,0,0.01,0.22,0,0,0,0,0,0,0.1,0.469041576,16.83333333,16.91666667,16.97222222,16.98611111,16.64236111,16.59895833,16.72222222,16.68888889,1.226170123,1.228314792,1.229738709,1.230093961,1.221214941,1.220080835,1.22329399,1.222427423,16,16,16,16,16,16,16,16,17,0,-0.605758,3.377491,-0.37184142,2.6454686,-0.227133588,0.59193338,0.184833555,-1.25568477,0.238802086,-1.101597055
40743.4375,1.532754379,34.1,200,25.4,102.2,-0.031517051,0.93,24.8,221.1,21.835228,21.583702,18.906873,18.528884,20.206494,19.909688,19.854215,18.108403,1.983871,1.488347,2.583673,2.527076,2.658175,3.053271,0,0,0.335099,0.285577,0.180221,0.196578,-0.007809,-0.000119,-0.007809,0.021517,-0.007809,-0.02296,0.001853,4.604219,6.328797,2.145744393,2.515710039,0,0,0,0,0,0,0,0.17,0,0,0,0,0,0,0,0.412310563,17,16.95833333,16.91666667,16.53472222,16.34375,16.49479167,16.5150463,16.6875,1.230448921,1.229383168,1.228314792,1.218396903,1.213351711,1.217346835,1.217879795,1.222391279,17,16,16,16,16,16,16,16,17,1,-0.7507694,0.9439921,-0.4342066,1.0068222,0.643727707,-1.11839725,1.006850182,-1.722739682,0.539439765,-0.62939977
40744.43194,2.688953463,488.6,201,28.4,102.1,0.82672252,6.71,21.9,209.3,20.490562,20.602528,20.018767,19.348672,19.880025,20.043259,19.8998,19.120671,0.623783,0.841379,1.572212,2.14482,2.25423,2.655383,0.004402,0.005021,0.18195,0.193116,0.159982,0.170101,0.018275,-0.001176,0.018275,0.018275,0.018275,-0.020071,-0.000845,5.836072,10.440292,2.415796349,3.23114407,0,0,0,0,0.12,0.12,0.12,0.13,0,0,0,0,0.346410162,0.346410162,0.346410162,0.360555128,17,17,17,17,16.76388889,16.55381944,16.58449074,16.65555556,1.230448921,1.230448921,1.230448921,1.230448921,1.224374774,1.218898214,1.21970214,1.221559123,17,17,17,17,16,16,16,16,17,0,-2.0124943,-3.7357003,-3.0805492,-2.8210212,-2.46778905,-3.93649538,-0.230892897,-3.83921228,0.497058106,-3.05112025
40745.26528,1.120573931,13.2,202,20.8,121.6,0.494154594,3.12,21.1,168.9,17.527765,17.624295,18.409615,19.409091,20.64343,20.22311,20.221114,19.886581,0.635238,1.166722,1.799207,1.802622,2.09079,2.430186,0,0.000759,0.170822,0.124347,0.100248,0.127589,0.002279,-0.001154,0.002279,0.02135,0.002279,-0.036752,-0.019084,5.836072,10.440292,2.415796349,3.23114407,0,0,0,0,0,0.12,0.12,0.12,0,0,0,0,0,0.346410162,0.346410162,0.346410162,16.75,16.5,16.38888889,16.21527778,16.34375,16.55208333,16.48263889,16.53055556,1.224014811,1.217483944,1.214549511,1.209924393,1.213351711,1.218852664,1.217026744,1.218287449,16,16,16,16,16,16,16,16,17,1,4.8405189,-2.5973356,4.7705814,-2.7945793,5.15857927,-1.44819969,4.26796088,-2.570946677,1.899503705,-3.804587759
40749.36667,1.206825876,16.1,206,27.9,98.4,0.220108088,1.66,18.8,167.2,16.458645,16.192015,15.958399,15.608153,16.742723,15.130146,16.664803,17.806809,0.26773,0.436534,1.622085,2.007859,3.318347,3.166492,0.373038,0.355438,0.347573,0.187372,0.289778,0.586165,-0.001602,-0.004621,-0.001602,0.032769,-0.001602,-0.030931,0.034372,15.985422,18.956885,3.998177335,4.353950505,0,0,0,0,0,0.59,0.59,0.59,0,0,0,0,0,0.768114575,0.768114575,0.768114575,17.08333333,17.16666667,17.13888889,17.09027778,17.20486111,18.35763889,17.68287037,17.15277778,1.232572615,1.234685974,1.233982663,1.232749122,1.235651171,1.263816823,1.247552763,1.234334461,17,17,17,17,17,16,16,15,18,-1,4.041148,-3.267171,4.140725,-3.30274,3.89264942,-3.4572157,3.17612163,-3.40160351,1.528794986,-1.096516506
40750.49653,0.301029996,2,207,23.9,97.1,0.071882007,1.18,19,188.3,18.58755,18.316302,16.057879,15.224946,17.3858,17.142624,16.031708,17.177389,2.096564,1.749943,2.909826,2.372138,2.568731,3.029958,0,0,0,0.003236,0.171896,0.200668,0.013254,-0.000485,0.013254,0.036525,0.013254,-0.042802,-0.004109,0,16.092275,0,4.011517793,0,0,0,0,0,0,0.01,0.59,0,0,0,0,0,0,0.1,0.768114575,17,17,17.01388889,17.00694444,17,17.04166667,17.73263889,17.3,1.230448921,1.230448921,1.230803592,1.230626293,1.230448921,1.231512066,1.24877337,1.238046103,17,17,17,17,16,16,16,15,18,0,-0.8097397,1.266927,-0.623123315,1.4990436,0.667535562,-0.78008853,2.093803914,-1.49736425,2.964283101,0.008440336
40751.55208,2.836767047,686.7,208,21.5,100.2,0.245512668,1.76,19.9,235.2,17.012968,16.903571,16.468978,15.728447,16.53077,16.951898,16.977114,16.678899,0.398387,0.850616,1.956871,2.511717,2.275665,2.901803,0.833076,0.902056,0.815792,0.712881,0.35644,0.25187,-0.005108,-0.000327,-0.005108,0.030977,-0.005108,-0.035906,0.030671,15.696897,31.682319,3.961930969,5.628704913,0.02,0.09,0.09,0.41,0.41,0.41,0.41,1,0.141421356,0.3,0.3,0.640312424,0.640312424,0.640312424,0.640312424,1,19.16666667,19.08333333,19.47222222,19.03472222,18.01736111,17.50868056,17.3599537,17.62222222,1.28254659,1.280654236,1.289415517,1.279546543,1.255691183,1.243253419,1.239548563,1.246060674,19,19,19,17,17,16,16,16,22,-2,1.2757719,-4.3337831,1.654993,-4.0266186,1.10432471,-4.46707857,0.918069675,-3.89404026,0.08038449,-2.226230561
40752.36944,1.773786445,59.4,209,23.9,96.3,-0.096910013,0.8,21,236,16.94791,16.510679,15.958652,16.182951,16.720763,16.798206,16.979334,16.239659,0.491698,0.859662,0.979962,1.63298,2.154955,2.284639,0.40767,0.449368,0.749014,0.726394,0.767939,0.478302,-0.005392,-0.001042,-0.005392,0.026971,-0.005392,-0.018872,0.00205,15.696897,31.682319,3.961930969,5.628704913,0,0,0,0,0.09,0.41,0.41,1,0,0,0,0,0.3,0.640312424,0.640312424,1,18.41666667,18.54166667,18.59722222,18.77777778,19.14930556,18.39930556,17.93402778,18.10416667,1.265211028,1.268148769,1.269448081,1.273644195,1.282153029,1.264801432,1.253677838,1.257778539,18,18,18,18,18,17,16,16,22,0,2.1308795,-2.202198,2.0080368,-2.1464809,2.22011728,-1.5977811,1.728103412,-1.574027409,1.438803818,-2.544256398
40756.47222,1.765668555,58.3,213,21.6,88.6,0.167317335,1.47,17.1,398.6,17.868198,17.790274,16.982975,16.674506,18.882552,18.696816,19.003417,18.660547,0.666549,0.602893,2.944396,2.343058,2.62278,2.697011,0.00153,0.002374,0.001826,0.078509,0.04,0.095657,-0.006859,-0.001214,-0.006859,0.035474,-0.006859,-0.027885,0.030927,8.933731,12.963041,2.98893476,3.600422336,0,0,0,0,0,0.36,0.51,0.6,0,0,0,0,0,0.6,0.714142843,0.774596669,17,17,17,17,16.97569444,17.02083333,17.00925926,17.61597222,1.230448921,1.230448921,1.230448921,1.230448921,1.22982755,1.230980819,1.230685401,1.245906617,17,17,17,17,16,16,16,16,17,0,-0.66407076,-2.1875779,-0.18426048,-2.4883759,1.29928434,-3.59695965,2.210179994,-3.33320979,2.371869477,-2.130757119
40757.54167,3.150326536,1413.6,214,23.5,90.2,0.682145076,4.81,20.7,74.2,18.726852,18.219278,18.477747,18.339273,19.278939,18.890224,18.885402,18.969705,0.83805,0.641499,1.363073,2.177337,2.084535,2.496574,0.460578,0.642056,0.646635,0.688233,0.552435,0.297706,-0.006395,-0.000646,-0.006395,0.02281,-0.006395,-0.023553,0.007173,33.115335,43.185429,5.754592514,6.571562143,0.05,0.49,0.96,1.97,1.98,1.98,1.98,2.49,0.223606798,0.7,0.979795897,1.403566885,1.407124728,1.407124728,1.407124728,1.577973384,42.08333333,34.5,26.26388889,24.71527778,20.85763889,18.91666667,18.29861111,17.95625,1.624110132,1.537819095,1.419359032,1.392965496,1.319265144,1.276844611,1.262418127,1.254215643,33,22,21,17,17,16,16,16,48,22,1.953791,-2.521178,1.37049394,-2.9210588,2.288575613,-1.6478469,1.73875103,-1.82324762,0.740147616,-1.801673952
40758.48958,1.303196057,20.1,215,26.6,108.9,0.064457989,1.16,19.9,159.6,20.599077,20.4908,18.735564,18.671973,19.595133,19.435244,19.251013,19.176148,1.711176,1.592654,1.716436,1.55625,2.138297,2.267356,0,0,0.001598,0.161405,0.316447,0.409239,0.020028,0.000263,0.020028,0.03243,0.020028,-0.031321,-0.025611,33.115335,43.185429,5.754592514,6.571562143,0,0,0,0,0.09,1.98,1.98,2.49,0,0,0,0,0.3,1.407124728,1.407124728,1.577973384,22,22,22.68055556,24.17361111,32.85416667,26.26388889,23.16782407,20.71111111,1.342422681,1.342422681,1.355653688,1.383341531,1.516590456,1.419359032,1.364885247,1.316203399,22,22,22,22,22,17,16,16,60,-2,2.2462345,2.3236998,1.5690615,2.9370655,2.38185955,1.2744216,2.813465192,0.95393955,2.56034897,0.153531485
40759.54028,2.131618664,135.4,216,28.6,105.6,0.416640507,2.61,22.2,214.4,20.48423,20.248924,19.10217,18.066402,19.199268,19.47802,19.406325,19.113026,1.038143,1.311886,2.286258,2.03968,1.846886,2.091315,0,0,0.003661,0.001831,0.002919,0.142526,-0.002865,-0.00238,-0.002865,0.017695,-0.002865,-0.023256,0.006144,0.001205,33.431879,0.03471311,5.782030699,0,0,0,0,0,0,1.98,1.98,0,0,0,0,0,0,1.407124728,1.407124728,19,19,19,19,19.71527778,25.82291667,24.16782407,21.30833333,1.278753601,1.278753601,1.278753601,1.278753601,1.2948029,1.412005294,1.383237551,1.328549482,19,19,19,19,19,19,17,16,22,0,1.949514,-3.04026,2.0898248,-2.9308952,2.25123028,-3.15290818,2.43592501,-3.53857308,1.694983232,-2.43124255
40762.59861,2.12515583,133.4,219,24.3,100.5,0.397940009,2.5,23.4,227.8,20.806326,20.78505,20.50459,19.54883,19.452468,20.066934,20.036902,19.83696,0.364429,1.058901,0.823984,2.104763,1.945896,2.006508,0.090185,0.062287,0.348625,0.570823,0.699718,0.410934,-0.014299,0.002308,-0.014299,0.018832,-0.014299,-0.014299,0.012589,7.872012,7.872012,2.805710605,2.805710605,0,0,0,0.01,0.23,0.23,0.23,0.23,0,0,0,0.1,0.479583152,0.479583152,0.479583152,0.479583152,17,17.04166667,17.51388889,17.79861111,17.8125,17.40625,17.55324074,20.55972222,1.230448921,1.231512066,1.24338259,1.250386114,1.250724877,1.240705217,1.244357309,1.313017243,17,17,17,17,17,17,17,17,19,-1,-2.26827,3.23786,-1.86382,2.795478,-1.42823952,2.67184937,-1.949292307,2.61993322,-2.475843412,2.228712413
40763.54514,0.986771734,9.7,220,24.7,100.6,0.133538908,1.36,23.3,243.8,21.19413,20.624856,19.565794,18.262684,18.812691,19.126598,19.670036,19.62515,0.971853,1.480678,1.669614,1.348061,2.076786,2.034341,0.209379,0.155191,0.160061,0.374867,0.278961,0.487461,-0.001982,-0.002308,-0.001982,0.020819,-0.001982,-0.020792,-0.012317,7.598154,7.872012,2.756474923,2.805710605,0,0,0,0,0,0.23,0.23,0.23,0,0,0,0,0,0.479583152,0.479583152,0.479583152,17.66666667,17.79166667,17.73611111,17.5625,17.29166667,17.55208333,17.36805556,17.95277778,1.247154615,1.250216633,1.248858401,1.244586337,1.237836855,1.244328672,1.2397512,1.254131655,17,17,17,17,17,17,17,17,19,0,1.510247,-4.197607,1.736771,-4.253128,1.72444683,-3.65672448,1.82137975,-3.66683628,0.657963461,-1.85836876
40764.58472,0.491361694,3.1,221,22.6,95.6,0.164352856,1.46,19.1,227.3,18.985825,18.915804,18.572994,18.017496,18.708762,18.766878,18.995408,19.528893,0.367284,0.630434,1.372546,1.537984,1.381194,1.89873,0.710516,0.678281,0.641727,0.515649,0.480919,0.380183,-0.003184,-0.005239,-0.003184,0.021041,-0.003184,-0.018466,-0.000251,6.39518,14.267192,2.528869313,3.777193667,0.02,0.02,0.02,0.03,0.42,0.42,0.65,0.65,0.141421356,0.141421356,0.141421356,0.173205081,0.64807407,0.64807407,0.806225775,0.806225775,18,18,18,18.06944444,18.36458333,17.83333333,17.82638889,17.67083333,1.255272505,1.255272505,1.255272505,1.2569448,1.263981079,1.251232527,1.251063377,1.247257031,18,18,18,18,17,17,17,17,24,0,6.547375,6.199638,6.8608484,5.17900655,6.86226225,2.336201283,6.63661625,-0.019526808,5.113170508,-1.938255692
40765.35764,0.301029996,2,222,21.1,97.8,-0.075720714,0.84,18.3,233.4,16.93672,16.435673,15.893111,16.922634,18.035523,18.556471,18.68406,19.272523,0.519728,1.131303,1.454829,1.583813,1.643838,1.996929,0,0,0,0.132208,0.359582,0.350932,-0.045703,-0.001754,-0.045703,0.040214,-0.045703,-0.045703,0.029301,6.39518,14.267192,2.528869313,3.777193667,0,0,0.01,0.01,0.03,0.43,0.43,0.66,0,0,0.1,0.1,0.173205081,0.655743852,0.655743852,0.81240384,17.91666667,17.79166667,17.68055556,17.65277778,17.73263889,18.02430556,17.76388889,17.61597222,1.253257214,1.250216633,1.247495907,1.246813054,1.24877337,1.255858541,1.249538048,1.245906617,17,17,17,17,17,17,17,17,18,0,6.3552309,-1.5567474,6.08590895,-2.2665982,5.77639282,-1.87068723,4.28179757,0.751601486,5.306959417,2.439025747
40770.54792,1.243038049,17.5,227,26.9,101.8,0.193124598,1.56,24.1,202.2,23.509632,23.223779,20.688855,19.223571,19.656531,18.596257,18.503079,18.653191,1.92372,2.001271,2.23906,2.086568,1.908888,1.874108,0.633135,0.346949,0.129131,0.087639,0.07672,0.228439,0.007059,-0.002042,0.007059,0.020805,0.007059,-0.03868,-0.026362,0,0.139045,0,0.372887382,0,0,0,0,0,0,0,0,0,0,0,0,0,0,0,0,17,17.25,17.63888889,17.48611111,17.25,17.39409722,17.39351852,17.37708333,1.230448921,1.236789099,1.246471225,1.242693234,1.236789099,1.240401893,1.240387444,1.239976884,17,17,17,17,17,17,17,17,18,0,0.71241,-3.317334,1.4549794,-0.7496289,2.60269585,-2.10901417,3.15587228,-2.43094808,2.2913465,-2.05978422
40771.42292,0.982271233,9.6,228,24.7,107.3,0.238046103,1.73,23.7,237.8,20.765152,20.150712,18.719143,18.597565,20.27425,19.812283,19.006211,18.932172,1.13907,0.861521,2.268201,2.170991,2.178166,2.029903,0.021407,0.042735,0.156706,0.241019,0.235916,0.145905,-0.004244,0.000202,-0.004244,0.034619,-0.004244,-0.023871,-0.006305,0,0.139045,0,0.372887382,0,0,0,0,0,0,0,0,0,0,0,0,0,0,0,0,18,18,17.98611111,17.90277778,17.51388889,17.40104167,17.44212963,17.39652778,1.255272505,1.255272505,1.254937272,1.252920421,1.24338259,1.240575247,1.24159951,1.240462575,18,18,17,17,17,17,17,17,18,0,2.498707,-3.65738,2.51973,-3.798692,2.228704,-3.7905967,2.09665456,-3.60198832,0.944348084,-2.714012974
40772.48472,1.26245109,18.3,229,27.9,107,-0.22184875,0.6,21.7,246.1,19.757502,19.578928,18.896013,18.685475,19.500586,19.903973,19.734401,19.01877,0.511071,0.471651,1.329656,1.90725,1.945181,1.967489,0.011363,0.010374,0.040575,0.261502,0.264155,0.249307,-0.022362,-0.003326,-0.022362,0.028753,-0.022362,-0.032427,0.040329,7.513787,7.652832,2.741128782,2.766375246,0,0,0,0,0.21,0.21,0.21,0.21,0,0,0,0,0.458257569,0.458257569,0.458257569,0.458257569,18,18,18,18.15972222,18,17.76041667,17.60069444,17.54444444,1.255272505,1.255272505,1.255272505,1.259109201,1.255272505,1.24945315,1.245529803,1.244139621,18,18,18,18,17,17,17,17,21,0,5.8834792,-0.56290593,5.7848886,-0.15872812,5.14306432,-0.777522642,4.76703147,-1.747733312,3.89665171,-2.941812219
40773.55625,1.385606274,24.3,230,29.9,107.6,-0.060480747,0.87,21.5,270.8,21.331633,21.164094,19.902577,18.995279,19.462359,19.434662,19.678397,19.245541,1.118825,1.214342,1.2503,1.235456,1.630859,1.902202,0.022213,0.021932,0.007311,0.003655,0.002864,0.131016,-0.000426,-0.00469,-0.000426,0.027851,-0.000426,-0.027677,-0.004492,7.513787,7.513787,2.741128782,2.741128782,0,0,0,0,0,0.21,0.21,0.21,0,0,0,0,0,0.458257569,0.458257569,0.458257569,17,17,17.15277778,17.31944444,17.22916667,17.63888889,17.60416667,17.51875,1.230448921,1.230448921,1.234334461,1.238533957,1.236264272,1.246471225,1.245615472,1.243503115,17,17,17,17,17,17,17,17,18,0,4.712668,-1.380132,4.4579683,-1.7909732,4.0626056,-2.51458538,4.73560562,-2.92024602,5.268088712,-2.536279805
40778.44097,0.908485019,8.1,235,22.7,99.7,-0.346787486,0.45,20.6,192.4,19.83597,19.269764,18.692531,18.509204,19.079233,18.18115,18.021454,18.495306,0.575812,0.518357,1.103986,1.975552,2.127762,2.154772,0.14991,0.144375,0.163263,0.084091,0.07991,0.12062,0.010887,-0.001405,0.010887,0.029657,0.010887,-0.033333,0.010295,0.409549,5.876266,0.639960155,2.424101071,0,0,0,0,0,0,0,0.06,0,0,0,0,0,0,0,0.244948974,18,18,17.97222222,17.72916667,17.36458333,17.18402778,17.18981481,17.35555556,1.255272505,1.255272505,1.25460178,1.248688323,1.239664367,1.235124966,1.235271198,1.23943852,18,18,17,17,17,17,17,17,18,0,3.4166747,-3.9105366,2.8253336,-4.5265256,2.51253367,-4.66624843,2.44340992,-4.61018914,2.88158958,-4.00439834
40779.4625,1.220108088,16.6,236,28.1,107.8,0.532754379,3.41,21.1,247.8,19.311487,19.175258,19.193776,19.520792,19.328364,19.23983,18.596848,18.353721,0.206081,0.561359,0.840823,0.97738,1.768932,2.013944,0.126088,0.063044,0.021015,0.030794,0.153886,0.108369,-0.014411,-0.002824,-0.014411,0.029556,-0.014411,-0.033574,0.023177,5.759954,6.464225,2.399990417,2.542484022,0,0,0,0,0.52,0.52,0.52,0.52,0,0,0,0,0.721110255,0.721110255,0.721110255,0.721110255,17.83333333,17.75,17.91666667,17.95138889,17.96527778,17.67534722,17.45023148,17.44027778,1.251232527,1.249198357,1.253257214,1.254098055,1.254433937,1.247367954,1.241801192,1.241553398,17,17,17,17,17,17,17,17,18,-1,8.874173,2.112641,8.116185,1.40175358,7.12473567,1.31220578,5.91802838,-1.528128486,4.334951125,-2.130137336
40781.59931,2.210586025,162.4,238,28.6,110.3,0.392696953,2.47,22.7,247.5,20.527132,20.349048,19.052027,17.916554,18.56257,18.645731,18.876148,18.634818,1.076689,1.375204,1.992619,1.775958,1.563574,1.77495,0.232787,0.127227,0.212905,0.201845,0.114242,0.211513,0.005736,0.002198,0.005736,0.029942,0.005736,-0.021485,0.008386,2.137887,7.930391,1.462151497,2.816094991,0,0,0,0.02,0.02,0.02,0.04,0.54,0,0,0,0.141421356,0.141421356,0.141421356,0.2,0.734846923,17.83333333,17.91666667,18,17.98611111,17.61111111,17.41840278,17.55902778,17.4375,1.251232527,1.253257214,1.255272505,1.254937272,1.245786757,1.241008329,1.244500466,1.241484221,17,17,17,17,17,17,17,17,19,-1,6.582746,-1.32449,6.5416135,-2.32196,4.59862238,-3.41811797,3.59152352,-3.57382192,2.48981803,-3.096256644
41058.34444,1.894869657,78.5,148,18.3,112.3,0.739572344,5.49,13,77.2,8.830786,8.90891,8.29009497,8.729548775,10.17990385,8.901236006,8.535398353,8.935232048,0.475475484,0.664090744,2.091978605,2.077432332,1.822767399,1.867805717,0.8907649,0.89195952,0.837969798,0.655782073,0.653232501,0.771308221,0.026242288,-0.001465071,0.026242288,0.02816359,0.026242288,-0.036919415,0.016320125,3.028271427,102.8464333,1.740192928,10.14132305,0,0,0,0,0.2,0.3,1.4,4,0,0,0,0,0.447213595,0.547722558,1.183215957,2,38.2,39.1,42.62,42.49,38.646,62.345,64.52,80.2958,1.582063363,1.592176757,1.629613445,1.628286731,1.58710455,1.794801629,1.809694359,1.904692829,37,37,37,33,32,32,27,20,52,-11,3.921022,-3.2252412,3.3473484,-3.2619338,3.06837307,-2.97751915,3.07374941,-3.17294288,2.275054005,-1.172678738
41059.34375,1.681241237,48,149,10.7,98.5,1.004751156,10.11,11.9,94.9,6.8545275,6.51080425,6.48974297,7.48173588,8.73186325,9.455883548,8.844778421,8.785757152,0.388623558,1.143830718,1.609217587,2.001795008,1.935644267,1.903423752,0.93985766,0.908608255,0.903792383,0.941092367,0.893110645,0.773171573,0.026670674,0.002055469,0.026670674,0.04898423,0.026670674,-0.05609556,0.050773807,3.0959335,47.28038346,1.759526499,6.876073259,0,0,0,0,0,0.2,0.3,1.4,0,0,0,0,0,0.447213595,0.547722558,1.183215957,27.9,28,28,28.66,31.01,34.83,51.902,53.521,1.445604203,1.447158031,1.447158031,1.457276186,1.491501766,1.541953474,1.715184093,1.728524219,27,27,27,27,27,27,27,27,37,-2,-2.1875615,1.6286064,-2.7786908,0.54681375,-4.00395298,2.31482248,-1.75100692,3.31799843,1.82255295,1.463189653
41060.29236,0.799340549,6.3,150,7.3,118.2,0.536558443,3.44,10.4,162.6,5.1927695,5.00648125,4.89282447,5.50091474,7.0518549,7.933031127,8.682635526,8.298922012,0.17989843,0.998455928,1.879895472,1.939498512,2.255805452,1.895364668,0,0,0,0,0.39613073,0.643597922,0.009888535,-0.003139274,0.009888535,0.026670674,0.009888535,-0.05128003,-0.016782139,1.603035036,47.28038346,1.266110199,6.876073259,0,0,0,0,0,0,0.2,1.4,0,0,0,0,0,0,0.447213595,1.183215957,25,25,24.99,25.28,26.06,28.809,32.093,50.151,1.397940009,1.397940009,1.397766256,1.40277707,1.415974411,1.459528184,1.506410316,1.700279597,25,24,24,24,24,24,24,24,28,0,0.90486727,-3.7915446,1.78242364,-4.3494358,2.679500445,-4.14952418,1.993809598,-3.90664039,-0.419213543,-1.084895389
41064.33333,0.716003344,5.2,153,18.4,105.5,0.342422681,2.2,15,230,9.324945,9.462086,10.466669,10.25294271,13.61645106,13.00364672,11.83991801,10.34686524,1.16885415,0.921847333,3.65164356,3.620115134,3.718725909,3.844972455,0.9779772,0.983461,0.938250577,0.831329661,0.466125522,0.279922017,0.029459313,0.000943342,0.029459313,0.03461815,0.029459313,-0.030712128,0.029375138,0,0,0,0,0,0,0,0,0,0,0,0,0,0,0,0,0,0,0,0,20,20,20,20,20.23,20.734,21.191,22.582,1.301029996,1.301029996,1.301029996,1.301029996,1.305995883,1.316683094,1.326151451,1.353762403,20,20,20,20,19,19,19,19,21,0,2.00956,-2.4577881,0.1547868,-0.883170265,-0.342212565,-0.658419825,0.427387451,-0.859369221,0.561768205,-0.074390526
41065.37222,0.301029996,2,154,18.9,101.1,0.361727836,2.3,16,232,7.628153,7.628153,7.65638856,8.43837662,10.75546421,12.24546779,12.28357531,11.06961824,0.142341385,1.249207669,2.568067942,3.457248957,3.472672156,3.589416427,0.88264495,0.88264495,0.775743226,0.367742308,0.515038693,0.45947761,0.010253037,0.003208313,0.010253037,0.033134595,0.010253037,-0.03095595,-0.019206276,0.544214512,0.296169152,0.737708962,0.544214252,0,0,0,0,0.1,0.1,0.1,0.1,0,0,0,0,0.316227766,0.316227766,0.316227766,0.316227766,20,20,20,20,19.98,20.087,20.458,21.359,1.301029996,1.301029996,1.301029996,1.301029996,1.300595484,1.30291508,1.310863174,1.329580916,20,20,20,20,19,19,19,19,20,0,1.00992,-3.05111,1.00992,-3.05111,1.3912196,-2.83907932,0.454691317,-2.062892871,-0.454335045,-0.065675512
41066.39931,0.491361694,3.1,155,21.8,95,0.488550717,3.08,17.1,178.2,13.532275,13.297487,10.241801,9.3771705,10.710291,10.71915226,11.73177169,11.44994588,2.182747968,1.770603281,2.260602453,2.453929206,3.229562025,3.353450814,0.043203507,0.439962954,0.374628196,0.191545062,0.113030303,0.292419915,-0.005686494,0.001863755,-0.005686494,0.042846564,-0.005686494,-0.0358057,-0.019276765,0.544214512,0.296169152,0.737708962,0.544214252,0,0,0,0,0,0.1,0.1,0.1,0,0,0,0,0,0.316227766,0.316227766,0.316227766,20,20,19.99,19.93,19.82,19.899,19.987,20.639,1.301029996,1.301029996,1.300812794,1.299507299,1.29710365,1.298831252,1.300747612,1.314688651,20,20,19,19,19,19,19,19,20,0,-0.8575188,1.476213,-0.9742259,1.347508,0.47830107,-1.148742,0.882909263,-1.77911422,0.041002767,0.02746245
41067.34583,0.934498451,8.6,156,18.2,115.6,0.255272505,1.8,18,243.5,12.854181,11.313376,9.9683228,10.078109,12.36489304,11.54866518,11.30593939,12.02076353,1.303233192,1.363208158,2.613419324,2.602668676,2.62670657,3.196103829,0.21576707,0.108485903,0.036161968,0.02101131,0.221162819,0.173598648,-0.008854353,0.00088346,-0.008854353,0.038249273,-0.008854353,-0.032703947,-0.003167859,1.580367806,2.793731553,1.257126806,1.671445947,0,0,0,0,0,0,0.1,0.1,0,0,0,0,0,0,0.316227766,0.316227766,20,19.9,19.94,19.93,19.88,19.847,19.892,20.225,1.301029996,1.298853076,1.299725154,1.299507299,1.29841638,1.29769487,1.298678451,1.30588853,20,19,19,19,19,19,19,19,20,0,-1.221111,1.119567,0.1570502,-0.5847379,0.86720052,-1.99305497,0.543167985,-2.031037694,0.032172446,-0.172957785
41071.34792,1.892094603,78,160,24.3,114.2,1.117271296,13.1,17.2,246.2,14.429195,13.981102,14.054624,15.0230037,16.2371194,15.9020696,15.39506521,14.63732135,0.532332362,1.403417017,1.658148157,2.057344705,2.071640151,2.545284297,0.5056976,0.35907531,0.451245142,0.418521495,0.245415508,0.124520591,-0.000965605,-0.001039066,-0.000965605,0.028376669,-0.000965605,-0.019967113,0.007966347,0.928564198,10.23039941,0.96362036,3.198499556,0,0,0,0,0,0,0,0.4,0,0,0,0,0,0,0,0.632455532,19.8,19.8,19.92,19.56,19.36,19.498,19.869,19.787,1.29666519,1.29666519,1.299289334,1.29136885,1.286905353,1.289990066,1.29817601,1.296379954,19,19,19,19,19,19,19,19,20,0,2.13861,-3.9196502,2.700905,-3.6637751,3.19486857,-3.56347183,2.452527976,-4.48737162,1.748589312,-5.411634342
41072.36319,0.491361694,3.1,161,14.3,107.6,0.636487896,4.33,11.7,248.8,9.867112,9.917154,10.029037,10.7541831,13.05881656,14.64796799,14.95431858,14.77610606,0.273321345,0.871133117,2.478584564,2.640420541,2.581866749,2.405710814,0.33594713,0.45034162,0.497959195,0.665918703,0.494630533,0.370023021,-0.009608171,-0.007768164,-0.009608171,0.014849862,-0.009608171,-0.029315969,-0.015087202,0.928564198,7.73283701,0.96362036,2.780797909,0,0,0,0,0,0,0,0.4,0,0,0,0,0,0,0,0.632455532,19,19,19.03,19.02,19.09,19.224,19.361,19.629,1.278753601,1.278753601,1.279438788,1.279210513,1.280805928,1.283843758,1.286927785,1.292898175,19,19,19,19,19,19,19,19,20,0,5.585284,5.612954,5.7450315,5.7436255,6.6662963,3.6910005,6.98624099,2.470344704,6.102612167,-0.33945939
41073.33889,1.204119983,16,162,17.8,108.2,0.409933123,2.57,13.8,278.8,11.172436,10.712656,9.88122175,10.13015721,11.54841869,12.30361762,13.61478489,14.15848618,0.666855693,0.606866189,2.080854399,2.40977046,2.868123673,2.681698114,0.022153929,0.021921534,0.02502174,0.014356114,0.13023783,0.312434181,-0.008110064,0.000982641,-0.008110064,0.035491258,-0.008110064,-0.041216437,-0.029953626,0,1.8994309,0,1.378198425,0,0,0,0,0,0,0,0,0,0,0,0,0,0,0,0,19,19,19,19,19,19.056,19.156,19.549,1.278753601,1.278753601,1.278753601,1.278753601,1.278753601,1.280031744,1.282304828,1.291124547,19,19,19,19,19,19,19,19,19,0,2.2938932,-3.7707377,2.3922516,-4.1623358,3.07334817,-4.3246762,3.03811088,-4.1518282,2.67449448,-0.695018165
41074.35278,1.041392685,11,163,13.9,101.8,0.315970345,2.07,13.7,249.4,12.894148,12.7478,12.554403,12.7465115,13.33664477,12.44253173,12.64796001,13.94960384,0.218435167,0.462623291,0.840003168,1.82132323,2.084148325,2.615470594,0.73461634,0.69823112,0.472087235,0.563559864,0.354251747,0.242244788,0.029952178,0.004501273,0.029952178,0.03608629,0.029952178,-0.042622894,-0.005596322,0.433800626,1.050414453,0.658635427,1.024897289,0,0,0,0,0,0,0,0,0,0,0,0,0,0,0,0,19.2,19.2,19.14,19.07,19.04,19.019,19.045,19.226,1.283301229,1.283301229,1.281941933,1.280350693,1.279666944,1.279187678,1.279780977,1.283888938,19,19,19,19,19,19,19,19,20,0,0.2739771,-4.837936,-0.08678495,-4.677613,-0.263646408,-4.18079958,-0.089412453,-3.34981495,0.702188974,-3.67901662
41078.3375,1.800029359,63.1,167,21.1,118.8,0.878521796,7.56,14.8,138.8,14.105824,13.93194,12.794847,12.9173946,14.0370066,13.40186384,14.0887617,13.52624426,0.834320829,0.771413995,1.502230389,1.468704393,2.560600343,2.199490731,0.540398,0.55943665,0.5089788,0.670924334,0.40253494,0.378845333,0.055718537,0.000412477,0.055718537,0.055718537,0.055718537,-0.041313853,0.036015747,5.139678329,52.12955314,2.267085867,7.220079857,0,0,0,1.1,1.1,1.4,1.4,2.3,0,0,0,1.048808848,1.048808848,1.183215957,1.183215957,1.516575089,57.9,61.83,70.44,49.12,35.306,28.595,26.2,24.351,1.762678564,1.791199246,1.847819347,1.691258358,1.547848517,1.456290101,1.418301291,1.386516801,54,54,47,21,21,21,21,19,87,9,1.78679,-3.04888,2.052784,-3.890248,1.396760428,-4.38016458,0.588179491,-3.42186465,2.383141051,-3.24691632
41079.3375,3.238773502,1732.9,168,20,140.8,1.217483944,16.5,16.2,154.7,11.533715,12.243802,12.710751,13.2487586,14.728925,14.3829658,13.84421755,13.8047003,0.542021203,0.712598075,1.820614394,1.704509964,1.712978182,2.358840093,0.8360105,0.81353637,0.357487348,0.178743674,0.16593215,0.284233545,0.012764546,0.001044282,0.012764546,0.05522518,0.012764546,-0.06333237,0.012242261,4.420516802,62.77182253,2.102502509,7.922867065,0.1,0.2,0.2,0.2,0.2,1.3,1.6,2.5,0.316227766,0.447213595,0.447213595,0.447213595,0.447213595,1.140175425,1.264911064,1.58113883,25.9,25.5,25.89,27.16,32.91,34.106,30.032,27.126,1.413299764,1.40654018,1.41313205,1.433929766,1.517327882,1.532830788,1.477584255,1.433385757,25,25,25,25,25,21,21,19,54,0,-1.371029,-4.592295,1.0929197,-3.7949015,2.39934498,-3.20657317,2.6706079,-3.08012562,2.629638575,-3.02920195
41080.42361,2.964165311,920.8,169,20.9,100.2,1.096910013,12.5,13.6,85.4,13.519832,13.546135,12.6863978,12.98212812,13.48818465,14.0560852,14.07049983,14.06470126,0.638930574,0.767290522,1.084086733,1.644996411,1.591938991,2.238636043,0.9485304,0.9742652,0.99142173,0.918413818,0.772659486,0.476276868,-0.022476435,0.005428782,-0.022476435,0.06269302,-0.022476435,-0.029601963,-0.006671511,5.379591063,60.01749409,2.319394547,7.747095849,0.1,0.1,0.1,0.1,0.1,0.4,1.5,1.8,0.316227766,0.316227766,0.316227766,0.316227766,0.316227766,0.632455532,1.224744871,1.341640786,225.5,234.8,119.1,73.896,52.892,41.984,40.547,32.981,2.353146546,2.370698093,2.075911761,1.868620931,1.723389989,1.623083813,1.607958727,1.51826382,186,186,29,28,28,25,21,21,269,157,-1.5718035,-2.7994207,-0.6707517,-3.0417158,-0.484592508,-4.15913207,-0.895610446,-2.005194,-2.404751339,0.57328735
41081.34653,2.537567257,344.8,170,20.4,120.4,1.431363764,27,14.7,84.2,12.835803,12.620574,12.3007021,12.59310596,13.21749888,13.31849797,13.7886403,13.63392972,0.260429373,0.397241757,1.049546444,1.082081296,1.52562987,1.515014186,0.33430457,0.38289395,0.397069807,0.512226921,0.670701435,0.699379885,0.04082175,-0.003448724,0.04082175,0.04082175,0.04082175,-0.03423149,0.040185831,5.103920062,59,2.259185708,7.681145748,0,0,0,0,0.1,0.2,0.4,1.8,0,0,0,0,0.316227766,0.447213595,0.632455532,1.341640786,41.8,42.62,45.29,48.17,78.25,57.264,49.083,40.933,1.621176282,1.629613445,1.656002321,1.682776646,1.893484346,1.757881681,1.690931099,1.612073575,41,41,41,41,41,27,25,21,269,-7,5.370277,-2.833346,4.8145584,-2.6815564,4.24449257,-2.86778027,3.92951178,-2.88504628,2.5675525,-3.276236808
41085.33958,0.612783857,4.1,174,19.5,103.7,0.117271296,1.31,15.2,211.9,14.034723,12.508792,10.771395,11.0855412,13.33236783,13.50209086,14.00735079,13.74146185,1.522440871,1.314311043,2.569164005,1.866104667,2.40644765,2.134522261,0,0,0,0,0.063559195,0.410636529,-0.006756688,-0.000540668,-0.006756688,0.03847388,-0.006756688,-0.027557554,-0.012706516,2.760434748,53.92643184,1.661455611,7.343461843,0,0,0,0,0,0.3,0.3,1.3,0,0,0,0,0,0.547722558,0.547722558,1.140175425,20,20,20.03,20.42,20.99,21.457,21.804,35.036,1.301029996,1.301029996,1.301680949,1.310055738,1.322012439,1.331569001,1.338536173,1.544514518,20,20,20,20,20,20,20,20,22,0,-0.4302576,1.972816,0.7335017,-0.451682,1.82586272,-2.2522689,1.282803496,-2.51783787,-1.317552727,0.047949298
41086.34514,0,1,175,20.9,106.6,0.26245109,1.83,16.8,227.1,14.20538,13.280772,11.832952,11.8027707,14.500511,13.91643944,13.83489759,13.99806428,1.17958231,0.955862629,2.943162583,2.823569457,2.330340544,2.462274521,0,0,0,0,0,0.031779598,0.003013541,-0.002727351,0.003013541,0.01850758,0.003013541,-0.033538707,0.01281298,0,7.003978842,0,2.646503135,0,0,0,0,0,0,0.3,1.2,0,0,0,0,0,0,0.547722558,1.095445115,19,19,19.01,19.01,19.2,20.087,20.701,22.986,1.278753601,1.278753601,1.278982117,1.278982117,1.283301229,1.30291508,1.315991325,1.361463402,19,19,19,19,19,19,19,19,20,0,1.096912,-3.10422,1.6691592,-3.1873555,2.56515667,-2.93339153,2.19865558,-2.91827652,0.188840867,-0.788063724
41087.37639,1.08278537,12.1,176,21,113.7,0.444044796,2.78,16.5,238.9,17.00964,16.281583,15.791279,15.26660829,16.58150885,15.55860965,14.82522619,14.6398705,0.709280222,1.008213665,1.964719803,2.707943238,2.860897104,2.640538417,0.100821115,0.166247498,0.09704553,0.048522765,0.024261383,0.012130691,0.004194795,-0.00027553,0.004194795,0.033017114,0.004194795,-0.03468178,0.00078586,0,7.003978842,0,2.646503135,0,0,0,0,0,0,0,0.3,0,0,0,0,0,0,0,0.547722558,19,19,19,19,19,19.085,19.693,20.683,1.278753601,1.278753601,1.278753601,1.278753601,1.278753601,1.280692164,1.294311881,1.315613532,19,19,19,19,19,19,19,19,19,0,1.42927,-3.42589,1.045722,-3.85212,1.85885225,-4.42338837,1.609548526,-3.96301392,1.02324952,-3.49193663
41088.34167,1.981818607,95.9,177,25.1,96.8,0.346352974,2.22,19.6,191.8,16.85883,16.722708,15.759159,15.81155188,17.7933021,17.15937261,16.27308542,15.1646876,0.778880321,1.095738106,2.405194771,2.288351965,2.819476626,2.829386209,0,0.050591927,0.116394254,0.063173768,0.050119406,0.035089955,-0.010814233,0.001031554,-0.010814233,0.028336959,-0.010814233,-0.028389469,-0.015009028,0,6.93935217,0,2.634265015,0,0,0,0,0,0,0,0.3,0,0,0,0,0,0,0,0.547722558,19,19,19,19,19,19,19.068,20.022,1.278753601,1.278753601,1.278753601,1.278753601,1.278753601,1.278753601,1.280305143,1.301507457,19,19,19,19,19,19,19,19,19,0,4.808408,0.8408925,4.643465,0.0571467,3.51943348,-1.3970333,2.10471818,-1.331150745,0.904285212,-0.846397681
41092.34514,0,1,181,23.6,101.7,0.117271296,1.31,20.3,250.9,16.511833,16.231466,15.683782,16.111931,18.8845508,18.412173,18.07005931,17.9250057,0.43258795,0.637712059,2.99868809,3.2387846,2.942001136,2.652629756,0,0,0.128067525,0.074031013,0.053511996,0.042522399,-0.012172766,0.000483642,-0.012172766,0.033588544,-0.012172766,-0.02824331,-0.018564649,0,0,0,0,0,0,0,0,0,0,0,0,0,0,0,0,0,0,0,0,18,18,18,17.85,17.61,17.87,18.1,18.393,1.255272505,1.255272505,1.255272505,1.25163822,1.245759356,1.252124553,1.257678575,1.264652571,18,18,18,17,17,17,17,17,18,0,-2.806946,-0.5694907,-0.4086938,-0.8884507,0.67989628,-2.17088965,0.756328071,-2.94249492,-0.335144544,-0.613765719
41093.39444,1.571708832,37.3,182,27.9,93.1,0.655138435,4.52,20.8,241.9,18.565939,18.108446,17.3031968,17.5390382,19.2781166,19.0367734,18.69401815,18.22800949,0.659674517,1.066179598,2.190352175,2.63814798,2.961300401,2.665094683,0,0,0.200498106,0.344808855,0.23523977,0.145703405,-0.013865216,-0.000909886,-0.013865216,0.035293963,-0.013865216,-0.028547224,-0.008835738,4.014531106,16.11646015,2.003629483,4.014531125,0,0,0.1,0.6,0.6,0.6,0.6,0.6,0,0,0.316227766,0.774596669,0.774596669,0.774596669,0.774596669,0.774596669,19,19,19.44,20.04,18.71,18.161,18.134,18.326,1.278753601,1.278753601,1.288696261,1.301897717,1.272073788,1.259139758,1.258493611,1.263067682,19,19,19,17,17,17,17,17,24,-1,3.9566093,-0.35114908,3.2369336,-2.12718404,3.52938105,-2.97467718,3.6697066,-2.277554265,1.559903905,0.076985447
41094.43472,0.301029996,2,183,26.2,98,0.250420002,1.78,23.6,77.5,20.72654,20.917388,19.3317302,19.1639901,21.2628284,20.2925406,19.7934254,18.99581942,1.580828721,1.165323721,2.765405358,2.695051586,2.888238687,3.045253266,0.61336076,0.716759205,0.593152393,0.296576197,0.201227608,0.218233689,0.012087063,-0.001158655,0.012087063,0.038201906,0.012087063,-0.043472346,0.016054363,4.014531106,16.11646015,2.003629483,4.014531125,0,0,0,0,0,0.6,0.6,0.6,0,0,0,0,0,0.774596669,0.774596669,0.774596669,18,18,18,18,18.06,18.406,18.141,18.204,1.255272505,1.255272505,1.255272505,1.255272505,1.256717746,1.264959418,1.258661223,1.260166827,18,18,18,18,18,17,17,17,19,0,-1.876672,2.8486757,-0.961724095,3.0187458,-1.00501876,0.34484013,0.19102712,-1.24652918,0.824692245,-0.740753173
41095.29167,1.934498451,86,184,20.1,71.1,0.152288344,1.42,21.4,95.6,18.01051,18.03422,17.8706527,18.0702272,19.4794575,20.2789231,19.91740978,19.31053242,0.131959028,0.318266202,1.580495398,2.474396891,2.457086644,2.896820719,0.42347154,0.21173577,0.113042316,0.15152697,0.301762317,0.212569406,-0.020291569,0.00115849,-0.020291569,0.0409824,-0.020291569,-0.029990114,-0.013899673,0.04678675,16.11864872,0.216302451,4.014803696,0,0,0,0,0,0,0.6,0.6,0,0,0,0,0,0,0.774596669,0.774596669,18,18,18,18,17.99,18.099,18.269,18.119,1.255272505,1.255272505,1.255272505,1.255272505,1.255031163,1.25765458,1.261714776,1.258134225,18,18,18,18,17,17,17,17,18,0,1.267603,-3.7276695,1.471155,-3.032817,0.19016822,-2.320497917,0.408195836,-3.174271017,-1.326735988,0.208027321
41099.37083,0.991226076,9.8,188,19.4,81.6,0.170261715,1.48,20.6,92.8,17.145699,16.871618,16.595166,16.61766938,20.20637415,19.91871366,19.08391506,19.47698799,0.352197039,0.625404369,3.897143125,3.295843814,3.004927313,2.960435907,0.8349477,0.8354643,0.484497222,0.27981625,0.215606211,0.164700684,0.019245898,-0.00019046,0.019245898,0.032740287,0.019245898,-0.027603837,0.010032341,0,0.002188573,0,0.046782187,0,0,0,0,0,0,0.1,0.1,0,0,0,0,0,0,0.316227766,0.316227766,17.1,17.1,17.14,17.1,17.09,17.26,17.506,17.63,1.23299611,1.23299611,1.234010818,1.23299611,1.232742063,1.237040791,1.243186924,1.246252312,17,17,17,17,17,17,17,17,18,0,1.069263,-2.025089,1.92915,-1.5097108,2.057589397,-0.171800788,1.590887432,-1.626902002,1.25140832,0.178937524
41100.35903,1.23299611,17.1,189,22,84.2,0.421603927,2.64,22.3,92.5,17.390673,17.096992,16.310794,16.6464506,19.8378464,20.02211026,19.8917579,19.56047567,0.582020299,0.741978597,3.582993365,3.747897567,3.394474629,3.296637961,0.1654817,0.08274085,0.13475165,0.105225088,0.096542508,0.156074359,0.03087599,-8.34E-05,0.03087599,0.03512509,0.03087599,-0.033637706,0.033014126,0,0,0,0,0,0,0,0,0,0,0,0.1,0,0,0,0,0,0,0,0.316227766,17.2,17.2,17.1,17.05,17.03,17.07,17.188,17.44,1.235528447,1.235528447,1.23299611,1.231724383,1.231214648,1.232233521,1.235225345,1.241546481,17,17,17,17,17,17,17,17,18,0,0.47639861,-2.5334775,0.874607655,-2.5249335,1.63283425,-2.85335742,1.287943602,-3.11767967,0.815249052,-0.652034231
41101.33125,1.748962861,56.1,190,22.9,78.8,0.675778342,4.74,23.6,83.5,18.809542,18.486798,18.2472323,18.1498351,20.3975994,20.1126193,20.15605522,19.50208699,0.296957865,0.485888586,2.770935836,3.219527013,3.451411801,3.129178263,0,0,0.003682165,0.016325469,0.078850222,0.101643573,0.008410174,-0.001694546,0.008410174,0.03087599,0.008410174,-0.026595213,-0.022465816,0,3.489258647,0,1.86795574,0,0,0,0,0,0,0,0.1,0,0,0,0,0,0,0,0.316227766,17.5,17.7,17.47,17.26,17.15,17.09,17.103,17.347,1.243038049,1.247973266,1.242292905,1.237040791,1.234264124,1.232742063,1.233072296,1.239224378,17,17,17,17,17,17,17,17,18,0,3.662054,-3.354749,3.60546,-3.5146294,3.46456485,-3.15460938,2.70567182,-3.5761588,0.75899156,-1.431559034
41102.3375,0.799340549,6.3,191,23.6,84.8,1.06595298,11.64,20.9,139.4,20.243267,19.702246,19.0649282,19.2252844,20.7488362,20.6227891,20.36114156,20.1841704,0.553463869,0.577906635,1.689929458,2.257827114,2.795482354,3.013444163,0,0,0,0.002519028,0.014019703,0.042987427,-0.001258041,-0.004238619,-0.001258041,0.021135038,-0.001258041,-0.028263815,0.002413181,0,0,0,0,0,0,0,0,0,0,0,0,0,0,0,0,0,0,0,0,17.4,17.5,17.42,17.23,17.17,17.16,17.12,17.181,1.240549248,1.243038049,1.241048151,1.236285277,1.234770295,1.234517284,1.23350376,1.235048438,17,17,17,17,17,17,17,17,18,-1,2.0335503,-3.7178608,2.5184774,-3.4435338,2.83169897,-3.50008645,2.77213503,-3.54337798,3.3302561,-3.20944447
41106.3375,1.08278537,12.1,195,22.6,107.5,0.08278537,1.21,22.8,140.9,20.973783,20.765834,19.9699072,19.9901502,22.079571,21.85615744,21.73771497,21.46840026,0.579659939,0.50914365,2.352035394,2.155865913,2.062663535,2.000831438,0.13578457,0.119486178,0.387870248,0.214706229,0.114102371,0.163966095,-0.011875868,-0.000496121,-0.011875868,0.018022578,-0.011875868,-0.01758126,0.005705392,0,0.103588727,0,0.321852027,0,0,0,0,0,0,0,0,0,0,0,0,0,0,0,0,17.9,18,17.88,17.51,17.36,17.25,17.196,17.171,1.252853031,1.255272505,1.252367514,1.243286146,1.239549721,1.236789099,1.235427436,1.234795588,17,17,17,17,17,17,17,14,18,0,1.326573,-4.4787523,1.7193885,-4.0388926,1.92901925,-3.5071019,1.290434432,-3.65781968,0.175986802,-1.429274588
41107.36597,0.799340549,6.3,196,18.5,103.6,0.587710965,3.87,20,253.7,19.228315,19.170086,19.3084537,20.161017,22.2837082,22.18163958,21.99867436,21.77537465,0.117328625,1.15643205,2.475353692,2.416638409,2.276309734,2.143078853,0.9880394,0.987934335,0.992442957,0.721774361,0.385929045,0.250015708,0.000309013,0.004017643,0.000309013,0.022894138,0.000309013,-0.012024239,0.004555051,0,0.103588727,0,0.321852027,0,0,0,0,0,0,0,0,0,0,0,0,0,0,0,0,17.9,17.9,17.72,17.46,17.38,17.368,17.296,17.216,1.252853031,1.252853031,1.248463718,1.242044239,1.240049772,1.23974981,1.237945677,1.235932254,17,17,17,17,17,17,17,14,18,0,-5.0324697,2.3911944,-4.8190994,2.1755312,-3.52423595,2.1544011,-2.89999239,1.30025688,0.753504125,-1.45277121
41108.33819,1.079181246,12,197,21.4,107.4,0.012837225,1.03,20.6,252.6,19.372463,19.112598,18.4693855,18.4736157,19.6020171,20.94286265,21.32176542,21.41977404,0.485703114,0.44086575,1.345370612,2.401367488,2.444490812,2.238527305,0.032968994,0.016484497,0.250907,0.204485609,0.386924024,0.386426535,-0.011338852,0.000661881,-0.011338852,0.014333328,-0.011338852,-0.014586294,-0.006785239,1.123696578,1.289106391,1.060045555,1.135388212,0,0,0,0,0,0,0,0,0,0,0,0,0,0,0,0,17.8,17.7,17.47,17.35,17.5,17.438,17.412,17.292,1.250420002,1.247973266,1.242292905,1.239299479,1.243038049,1.241496673,1.240848658,1.237845227,17,17,17,17,17,17,17,17,18,1,-3.541138,-0.2718823,-4.250988,-0.71685565,-2.05874945,-2.8078292,-1.192302981,-3.22437443,-2.308598749,-0.641760708
41109.35069,1.439332694,27.5,198,22.3,104.4,0.745855195,5.57,20.9,173.3,18.792587,18.63481,18.5366635,18.8442728,19.9813562,19.7916866,20.62236049,21.11587927,0.116664208,0.426250454,1.237298173,1.306307376,2.135444388,2.227222027,0.8198309,0.82692373,0.83357695,0.702651573,0.5268875,0.456905762,0.005252464,0.003823945,0.005252464,0.024591744,0.005252464,-0.020564273,-0.001066715,1.125657586,1.267105014,1.060970115,1.125657592,0,0,0,0,0,0,0,0,0,0,0,0,0,0,0,0,18,18,17.99,17.65,17.41,17.448,17.425,17.355,1.255272505,1.255272505,1.255031163,1.24674471,1.240798771,1.241745653,1.241172787,1.239424618,18,18,17,17,17,17,17,17,18,0,-3.9201273,1.0488116,-3.3810594,-0.80200475,-3.91209308,-0.31289453,-4.07273856,-0.30416134,-4.713307742,0.755937416
41113.38472,1.537819095,34.5,202,24.7,108.6,0.064457989,1.16,23,241.6,21.826527,21.725398,21.575508,21.8142712,22.9539696,22.21360281,22.16223611,21.15563153,0.171121683,0.342589629,1.431177941,2.264553528,1.94533855,2.102513025,0.021525118,0.010762559,0.007204736,0.010075129,0.051904028,0.036856396,0.007379824,-0.002329944,0.007379824,0.010742485,0.007379824,-0.024779007,0.017735698,0,3.42E-05,0,0.005848077,0,0,0,0,0,0,0,0,0,0,0,0,0,0,0,0,18,18,18,17.67,17.4,17.361,17.336,17.366,1.255272505,1.255272505,1.255272505,1.24723655,1.240549248,1.239574737,1.238948898,1.239699797,18,18,18,17,17,17,17,17,18,0,4.8878318,2.9424988,5.0851508,2.7402523,5.1362608,-0.185911892,4.63137189,-1.829814046,1.806526861,-1.603748469
41114.39583,0,1,203,21.3,99.5,0.164352856,1.46,22.9,208.9,21.853262,20.871002,19.459909,19.4455277,22.2371926,22.6467795,22.22003639,21.57981082,1.15928578,0.951587166,3.04009463,2.292857061,2.50006112,2.342450269,0,0,0,0,0.086215857,0.066609098,-0.015071451,-0.000843905,-0.015071451,0.022252697,-0.015071451,-0.015071451,-0.010432849,0,0,0,0,0,0,0,0,0,0,0,0,0,0,0,0,0,0,0,0,18,18,17.94,17.55,17.32,17.36,17.346,17.344,1.255272505,1.255272505,1.253822439,1.244277121,1.238547888,1.239549721,1.239199342,1.239149265,18,18,17,17,17,17,17,17,18,0,-2.494872,0.66382497,-0.7251635,-1.48029652,1.85009025,-2.801644272,2.76021041,-2.453407881,1.71464399,0.249332393
41115.35069,2.448551739,280.9,204,21.3,99.8,0.59439255,3.93,23,178.1,20.102942,20.159594,20.5939637,20.3879666,21.6905433,21.924185,22.2965668,22.05893276,0.338516953,0.407880222,1.379197617,2.263003583,2.06189432,2.079732671,0.787287,0.88828115,0.772949987,0.763147458,0.381871358,0.25567436,-0.010860108,-0.00075015,-0.010860108,0.016528755,-0.010860108,-0.021678397,0.004211343,5.666511789,32.10935586,2.380443612,5.666511789,0.09,0.46,1.01,1.01,1.01,1.01,1.01,1.01,0.3,0.678232998,1.004987562,1.004987562,1.004987562,1.004987562,1.004987562,1.004987562,27.9,24.9,20.78,19.1,18.16,17.74,17.627,17.497,1.445604203,1.396199347,1.317645543,1.281033367,1.259115844,1.248953615,1.246178405,1.242963592,24,21,17,17,17,17,17,17,31,14,1.017032,-5.611249,2.441179,-4.348301,2.73784492,-3.77525625,1.26824378,-3.50768335,-1.44568099,-0.513893511
41116.36111,1.532754379,34.1,205,22.3,97.5,0.269512944,1.86,20.4,198.8,19.657051,19.538776,19.474138,19.8860069,20.9049874,21.29776535,21.55356771,21.84115501,0.089200084,0.517990667,1.259461895,1.377856925,2.018942114,2.153088578,0.9650897,0.980342725,0.99141456,0.964614483,0.806303965,0.594087662,-0.000855676,0.002635028,-0.000855676,0.021434356,-0.000855676,-0.018991737,0.002266231,0,34.13826176,0,5.842795714,0,0,0,0,0.01,1.03,1.03,1.03,0,0,0,0,0.1,1.014889157,1.014889157,1.014889157,18.2,18.5,18.82,18.91,19.69,18.99,18.432,18.003,1.260071388,1.267171728,1.274619619,1.276691529,1.294245716,1.278524965,1.265572462,1.255344881,18,18,18,18,18,17,17,17,29,-1,0.623136,2.034976,1.4723055,0.73853155,0.496115208,-1.70965912,-1.701698329,-0.18067343,0.082971877,-0.58434311
41120.37708,2.184407485,152.9,209,26.3,111.2,1.003460532,10.08,23.2,251.5,21.527733,21.01399,20.4665265,20.1487812,21.3261811,21.14843173,20.36759872,20.36850538,0.597745561,0.621295735,1.500827242,2.017355857,2.234044696,1.901284031,0.11606195,0.12074956,0.407462187,0.230476423,0.277940048,0.205106191,-0.026898813,-0.005020976,-0.026898813,0.016765457,-0.026898813,-0.035016224,-0.031949231,1.129665424,11.59209446,1.062857198,3.404716502,0,0,0.02,0.02,0.02,0.02,0.02,0.2,0,0,0.141421356,0.141421356,0.141421356,0.141421356,0.141421356,0.447213595,18,18,18,18,17.72,17.688,17.75,18.212,1.255272505,1.255272505,1.255272505,1.255272505,1.248463718,1.24767873,1.249198357,1.260357642,18,18,18,18,17,17,17,17,18,0,4.8044411,-4.6129887,3.9929469,-4.8239418,1.68946408,-2.92446067,2.36959319,-3.31594425,2.03133568,-3.21897917
41121.35903,1.271841607,18.7,210,20.8,102.6,0.620136055,4.17,21.8,270.2,20.030231,19.473118,19.1991923,19.915929,21.5555682,21.43845342,21.26881421,20.48735795,0.456109921,0.854232429,1.920986767,1.727525924,1.997314544,2.057890995,0.7008777,0.564050615,0.518588643,0.389695681,0.467008089,0.370056111,-0.008340917,-0.002650694,-0.008340917,0.019315531,-0.008340917,-0.032387216,0.018557896,0,10,0,3.16227766,0,0,0,0,0,0.02,0.02,0.2,0,0,0,0,0,0.141421356,0.141421356,0.447213595,18,18,18,18,17.86,17.793,17.747,17.876,1.255272505,1.255272505,1.255272505,1.255272505,1.251881455,1.250249179,1.249124949,1.252270346,18,18,18,18,17,17,17,17,18,0,2.1822955,-3.4785569,3.2190282,-2.3973814,2.04607848,-2.519710228,1.90249695,-1.077062522,3.00241378,-0.198690982
41122.40556,#NUM!,,211,27.5,106.3,0.488550717,3.08,23.9,253.6,21.794529,21.101686,20.0165153,19.9300185,21.4019442,21.48572081,21.4325409,20.81484756,0.882420004,0.678545471,1.88850057,1.907137735,1.783610543,2.179332568,0.20533016,0.10266508,0.03516227,0.017581135,0.019726475,0.241661094,-0.006691861,-0.004151661,-0.006691861,0.020448936,-0.006691861,-0.028616704,-0.013792858,0,0,0,0,0,0,0,0,0,0,0.02,0.02,0,0,0,0,0,0,0.141421356,0.141421356,18,18,18,18,17.73,17.795,17.771,17.768,1.255272505,1.255272505,1.255272505,1.255272505,1.248708736,1.250297992,1.249711867,1.249638546,18,18,18,18,17,17,17,17,18,0,3.115978,-4.016815,3.3149015,-4.0035568,3.35761057,-4.14332765,3.36422428,-4.23392438,2.09058625,-2.3168224
